season,date,home_team,away_team,attendance,stadium,url
2000/01,11.08.2000,Stuttgarter Kickers,Rot-Weiß Oberhausen,5400,GAZi-Stadion auf der Waldau,https://www.transfermarkt.de/spielbericht/index/spielbericht/941734
2000/01,11.08.2000,Hannover 96,1.FC Nürnberg,20329,Heinz-von-Heiden-Arena,https://www.transfermarkt.de/spielbericht/index/spielbericht/941735
2000/01,12.08.2000,Borussia Mönchengladbach,1.FC Saarbrücken,30350,Bökelberg,https://www.transfermarkt.de/spielbericht/index/spielbericht/941736
2000/01,12.08.2000,LR Ahlen,FC St. Pauli,8000,Wersestadion,https://www.transfermarkt.de/spielbericht/index/spielbericht/941737
2000/01,13.08.2000,SpVgg Greuther Fürth,Chemnitzer FC,7020,Sportpark Ronhof | Thomas Sommer,https://www.transfermarkt.de/spielbericht/index/spielbericht/941738
2000/01,13.08.2000,Arminia Bielefeld,VfL Osnabrück,21258,SchücoArena,https://www.transfermarkt.de/spielbericht/index/spielbericht/941739
2000/01,13.08.2000,SSV Reutlingen 05,1.FSV Mainz 05,6950,Stadion an der Kreuzeiche,https://www.transfermarkt.de/spielbericht/index/spielbericht/941740
2000/01,13.08.2000,SV Waldhof Mannheim,Alemannia Aachen,7400,Carl-Benz-Stadion,https://www.transfermarkt.de/spielbericht/index/spielbericht/941741
2000/01,14.08.2000,MSV Duisburg,SSV Ulm 1846,8550,MSV-Arena,https://www.transfermarkt.de/spielbericht/index/spielbericht/941742
2000/01,18.08.2000,Chemnitzer FC,Hannover 96,7020,Stadion - An der Gellertstraße,https://www.transfermarkt.de/spielbericht/index/spielbericht/941743
2000/01,18.08.2000,FC St. Pauli,SV Waldhof Mannheim,17919,Millerntor-Stadion,https://www.transfermarkt.de/spielbericht/index/spielbericht/941744
2000/01,19.08.2000,Alemannia Aachen,SSV Reutlingen 05,12500,Tivoli (alt),https://www.transfermarkt.de/spielbericht/index/spielbericht/941745
2000/01,19.08.2000,VfL Osnabrück,Borussia Mönchengladbach,20000,Bremer Brücke,https://www.transfermarkt.de/spielbericht/index/spielbericht/941746
2000/01,20.08.2000,1.FC Nürnberg,LR Ahlen,21700,Max-Morlock-Stadion,https://www.transfermarkt.de/spielbericht/index/spielbericht/941747
2000/01,20.08.2000,1.FSV Mainz 05,Stuttgarter Kickers,5668,Stadion am Bruchweg,https://www.transfermarkt.de/spielbericht/index/spielbericht/941748
2000/01,20.08.2000,Rot,Weiß Oberhausen - MSV Duisburg,13200,Stadion Niederrhein,https://www.transfermarkt.de/spielbericht/index/spielbericht/941749
2000/01,20.08.2000,1.FC Saarbrücken,SpVgg Greuther Fürth,18000,Ludwigsparkstadion,https://www.transfermarkt.de/spielbericht/index/spielbericht/941750
2000/01,21.08.2000,SSV Ulm 1846,Arminia Bielefeld,13000,Donaustadion,https://www.transfermarkt.de/spielbericht/index/spielbericht/941751
2000/01,04.09.2000,Borussia Mönchengladbach,SSV Ulm 1846,18800,Bökelberg,https://www.transfermarkt.de/spielbericht/index/spielbericht/941752
2000/01,05.09.2000,Arminia Bielefeld,Rot-Weiß Oberhausen,12030,SchücoArena,https://www.transfermarkt.de/spielbericht/index/spielbericht/941753
2000/01,05.09.2000,MSV Duisburg,1.FSV Mainz 05,7000,MSV-Arena,https://www.transfermarkt.de/spielbericht/index/spielbericht/941754
2000/01,05.09.2000,SSV Reutlingen 05,FC St. Pauli,10955,Stadion an der Kreuzeiche,https://www.transfermarkt.de/spielbericht/index/spielbericht/941755
2000/01,05.09.2000,Chemnitzer FC,1.FC Saarbrücken,5325,Stadion - An der Gellertstraße,https://www.transfermarkt.de/spielbericht/index/spielbericht/941756
2000/01,05.09.2000,Hannover 96,LR Ahlen,11587,Heinz-von-Heiden-Arena,https://www.transfermarkt.de/spielbericht/index/spielbericht/941757
2000/01,06.09.2000,SpVgg Greuther Fürth,VfL Osnabrück,5806,Sportpark Ronhof | Thomas Sommer,https://www.transfermarkt.de/spielbericht/index/spielbericht/941758
2000/01,06.09.2000,Stuttgarter Kickers,Alemannia Aachen,4115,GAZi-Stadion auf der Waldau,https://www.transfermarkt.de/spielbericht/index/spielbericht/941759
2000/01,06.09.2000,SV Waldhof Mannheim,1.FC Nürnberg,12000,Carl-Benz-Stadion,https://www.transfermarkt.de/spielbericht/index/spielbericht/941760
2000/01,08.09.2000,1.FSV Mainz 05,Arminia Bielefeld,5341,Stadion am Bruchweg,https://www.transfermarkt.de/spielbericht/index/spielbericht/941761
2000/01,08.09.2000,1.FC Saarbrücken,Hannover 96,11000,Ludwigsparkstadion,https://www.transfermarkt.de/spielbericht/index/spielbericht/941762
2000/01,09.09.2000,1.FC Nürnberg,SSV Reutlingen 05,21300,Max-Morlock-Stadion,https://www.transfermarkt.de/spielbericht/index/spielbericht/941763
2000/01,09.09.2000,LR Ahlen,SV Waldhof Mannheim,4311,Wersestadion,https://www.transfermarkt.de/spielbericht/index/spielbericht/941764
2000/01,10.09.2000,Rot,Weiß Oberhausen - Borussia Mönchengladbach,12437,Stadion Niederrhein,https://www.transfermarkt.de/spielbericht/index/spielbericht/941765
2000/01,10.09.2000,SSV Ulm 1846,SpVgg Greuther Fürth,8000,Donaustadion,https://www.transfermarkt.de/spielbericht/index/spielbericht/941766
2000/01,10.09.2000,VfL Osnabrück,Chemnitzer FC,8326,Bremer Brücke,https://www.transfermarkt.de/spielbericht/index/spielbericht/941767
2000/01,10.09.2000,FC St. Pauli,Stuttgarter Kickers,17225,Millerntor-Stadion,https://www.transfermarkt.de/spielbericht/index/spielbericht/941768
2000/01,11.09.2000,Alemannia Aachen,MSV Duisburg,15200,Tivoli (alt),https://www.transfermarkt.de/spielbericht/index/spielbericht/941769
2000/01,15.09.2000,MSV Duisburg,FC St. Pauli,5300,MSV-Arena,https://www.transfermarkt.de/spielbericht/index/spielbericht/941770
2000/01,15.09.2000,Hannover 96,SV Waldhof Mannheim,8567,Heinz-von-Heiden-Arena,https://www.transfermarkt.de/spielbericht/index/spielbericht/941771
2000/01,16.09.2000,Borussia Mönchengladbach,1.FSV Mainz 05,19800,Bökelberg,https://www.transfermarkt.de/spielbericht/index/spielbericht/941772
2000/01,16.09.2000,SSV Reutlingen 05,LR Ahlen,5808,Stadion an der Kreuzeiche,https://www.transfermarkt.de/spielbericht/index/spielbericht/941773
2000/01,17.09.2000,SpVgg Greuther Fürth,Rot-Weiß Oberhausen,4863,Sportpark Ronhof | Thomas Sommer,https://www.transfermarkt.de/spielbericht/index/spielbericht/941774
2000/01,17.09.2000,Stuttgarter Kickers,1.FC Nürnberg,7500,GAZi-Stadion auf der Waldau,https://www.transfermarkt.de/spielbericht/index/spielbericht/941775
2000/01,17.09.2000,1.FC Saarbrücken,VfL Osnabrück,11000,Ludwigsparkstadion,https://www.transfermarkt.de/spielbericht/index/spielbericht/941776
2000/01,17.09.2000,Chemnitzer FC,SSV Ulm 1846,5600,Stadion - An der Gellertstraße,https://www.transfermarkt.de/spielbericht/index/spielbericht/941777
2000/01,18.09.2000,Arminia Bielefeld,Alemannia Aachen,10143,SchücoArena,https://www.transfermarkt.de/spielbericht/index/spielbericht/941778
2000/01,22.09.2000,1.FC Nürnberg,MSV Duisburg,21300,Max-Morlock-Stadion,https://www.transfermarkt.de/spielbericht/index/spielbericht/941779
2000/01,22.09.2000,SSV Ulm 1846,1.FC Saarbrücken,7000,Donaustadion,https://www.transfermarkt.de/spielbericht/index/spielbericht/941780
2000/01,23.09.2000,SV Waldhof Mannheim,SSV Reutlingen 05,7000,Carl-Benz-Stadion,https://www.transfermarkt.de/spielbericht/index/spielbericht/941781
2000/01,23.09.2000,FC St. Pauli,Arminia Bielefeld,17561,Millerntor-Stadion,https://www.transfermarkt.de/spielbericht/index/spielbericht/941782
2000/01,24.09.2000,1.FSV Mainz 05,SpVgg Greuther Fürth,4400,Stadion am Bruchweg,https://www.transfermarkt.de/spielbericht/index/spielbericht/941783
2000/01,24.09.2000,Rot,Weiß Oberhausen - Chemnitzer FC,3000,Stadion Niederrhein,https://www.transfermarkt.de/spielbericht/index/spielbericht/941784
2000/01,24.09.2000,VfL Osnabrück,Hannover 96,10600,Bremer Brücke,https://www.transfermarkt.de/spielbericht/index/spielbericht/941785
2000/01,24.09.2000,LR Ahlen,Stuttgarter Kickers,4212,Wersestadion,https://www.transfermarkt.de/spielbericht/index/spielbericht/941786
2000/01,25.09.2000,Alemannia Aachen,Borussia Mönchengladbach,22500,Tivoli (alt),https://www.transfermarkt.de/spielbericht/index/spielbericht/941787
2000/01,29.09.2000,MSV Duisburg,LR Ahlen,7304,MSV-Arena,https://www.transfermarkt.de/spielbericht/index/spielbericht/941788
2000/01,29.09.2000,1.FC Saarbrücken,Rot-Weiß Oberhausen,10000,Ludwigsparkstadion,https://www.transfermarkt.de/spielbericht/index/spielbericht/941789
2000/01,30.09.2000,Borussia Mönchengladbach,FC St. Pauli,25451,Bökelberg,https://www.transfermarkt.de/spielbericht/index/spielbericht/941790
2000/01,30.09.2000,Stuttgarter Kickers,SV Waldhof Mannheim,4000,GAZi-Stadion auf der Waldau,https://www.transfermarkt.de/spielbericht/index/spielbericht/941791
2000/01,01.10.2000,SpVgg Greuther Fürth,Alemannia Aachen,5417,Sportpark Ronhof | Thomas Sommer,https://www.transfermarkt.de/spielbericht/index/spielbericht/941792
2000/01,01.10.2000,VfL Osnabrück,SSV Ulm 1846,9996,Bremer Brücke,https://www.transfermarkt.de/spielbericht/index/spielbericht/941793
2000/01,01.10.2000,Chemnitzer FC,1.FSV Mainz 05,5680,Stadion - An der Gellertstraße,https://www.transfermarkt.de/spielbericht/index/spielbericht/941794
2000/01,01.10.2000,Hannover 96,SSV Reutlingen 05,11352,Heinz-von-Heiden-Arena,https://www.transfermarkt.de/spielbericht/index/spielbericht/941795
2000/01,02.10.2000,Arminia Bielefeld,1.FC Nürnberg,15087,SchücoArena,https://www.transfermarkt.de/spielbericht/index/spielbericht/941796
2000/01,13.10.2000,Alemannia Aachen,Chemnitzer FC,15200,Tivoli (alt),https://www.transfermarkt.de/spielbericht/index/spielbericht/941797
2000/01,13.10.2000,SV Waldhof Mannheim,MSV Duisburg,5000,Stadion am Alsenweg,https://www.transfermarkt.de/spielbericht/index/spielbericht/941798
2000/01,14.10.2000,1.FSV Mainz 05,1.FC Saarbrücken,8961,Stadion am Bruchweg,https://www.transfermarkt.de/spielbericht/index/spielbericht/941799
2000/01,14.10.2000,LR Ahlen,Arminia Bielefeld,9050,Wersestadion,https://www.transfermarkt.de/spielbericht/index/spielbericht/941800
2000/01,15.10.2000,Rot,Weiß Oberhausen - VfL Osnabrück,5351,Stadion Niederrhein,https://www.transfermarkt.de/spielbericht/index/spielbericht/941801
2000/01,15.10.2000,SSV Ulm 1846,Hannover 96,7000,Donaustadion,https://www.transfermarkt.de/spielbericht/index/spielbericht/941802
2000/01,15.10.2000,SSV Reutlingen 05,Stuttgarter Kickers,9957,Stadion an der Kreuzeiche,https://www.transfermarkt.de/spielbericht/index/spielbericht/941803
2000/01,15.10.2000,FC St. Pauli,SpVgg Greuther Fürth,16377,Millerntor-Stadion,https://www.transfermarkt.de/spielbericht/index/spielbericht/941804
2000/01,16.10.2000,1.FC Nürnberg,Borussia Mönchengladbach,31000,Max-Morlock-Stadion,https://www.transfermarkt.de/spielbericht/index/spielbericht/941805
2000/01,20.10.2000,Arminia Bielefeld,SV Waldhof Mannheim,9581,SchücoArena,https://www.transfermarkt.de/spielbericht/index/spielbericht/941806
2000/01,20.10.2000,Chemnitzer FC,FC St. Pauli,5800,Stadion - An der Gellertstraße,https://www.transfermarkt.de/spielbericht/index/spielbericht/941807
2000/01,21.10.2000,SpVgg Greuther Fürth,1.FC Nürnberg,35100,Max-Morlock-Stadion,https://www.transfermarkt.de/spielbericht/index/spielbericht/941808
2000/01,21.10.2000,Hannover 96,Stuttgarter Kickers,12331,Heinz-von-Heiden-Arena,https://www.transfermarkt.de/spielbericht/index/spielbericht/941809
2000/01,22.10.2000,MSV Duisburg,SSV Reutlingen 05,7365,MSV-Arena,https://www.transfermarkt.de/spielbericht/index/spielbericht/941810
2000/01,22.10.2000,SSV Ulm 1846,Rot-Weiß Oberhausen,6000,Donaustadion,https://www.transfermarkt.de/spielbericht/index/spielbericht/941811
2000/01,22.10.2000,VfL Osnabrück,1.FSV Mainz 05,9717,Bremer Brücke,https://www.transfermarkt.de/spielbericht/index/spielbericht/941812
2000/01,22.10.2000,1.FC Saarbrücken,Alemannia Aachen,20000,Ludwigsparkstadion,https://www.transfermarkt.de/spielbericht/index/spielbericht/941813
2000/01,23.10.2000,Borussia Mönchengladbach,LR Ahlen,15500,Bökelberg,https://www.transfermarkt.de/spielbericht/index/spielbericht/941814
2000/01,27.10.2000,1.FC Nürnberg,Chemnitzer FC,15500,Max-Morlock-Stadion,https://www.transfermarkt.de/spielbericht/index/spielbericht/941815
2000/01,27.10.2000,SSV Reutlingen 05,Arminia Bielefeld,8000,Stadion an der Kreuzeiche,https://www.transfermarkt.de/spielbericht/index/spielbericht/941816
2000/01,28.10.2000,Alemannia Aachen,VfL Osnabrück,12800,Tivoli (alt),https://www.transfermarkt.de/spielbericht/index/spielbericht/941817
2000/01,28.10.2000,1.FSV Mainz 05,SSV Ulm 1846,4620,Stadion am Bruchweg,https://www.transfermarkt.de/spielbericht/index/spielbericht/941818
2000/01,29.10.2000,Rot,Weiß Oberhausen - Hannover 96,7154,Stadion Niederrhein,https://www.transfermarkt.de/spielbericht/index/spielbericht/941819
2000/01,29.10.2000,Stuttgarter Kickers,MSV Duisburg,4412,GAZi-Stadion auf der Waldau,https://www.transfermarkt.de/spielbericht/index/spielbericht/941820
2000/01,29.10.2000,SV Waldhof Mannheim,Borussia Mönchengladbach,13000,Carl-Benz-Stadion,https://www.transfermarkt.de/spielbericht/index/spielbericht/941821
2000/01,29.10.2000,LR Ahlen,SpVgg Greuther Fürth,5800,Wersestadion,https://www.transfermarkt.de/spielbericht/index/spielbericht/941822
2000/01,29.10.2000,FC St. Pauli,1.FC Saarbrücken,17346,Millerntor-Stadion,https://www.transfermarkt.de/spielbericht/index/spielbericht/941823
2000/01,03.11.2000,Arminia Bielefeld,Stuttgarter Kickers,7605,SchücoArena,https://www.transfermarkt.de/spielbericht/index/spielbericht/941824
2000/01,03.11.2000,Chemnitzer FC,LR Ahlen,4250,Stadion - An der Gellertstraße,https://www.transfermarkt.de/spielbericht/index/spielbericht/941825
2000/01,04.11.2000,Rot,Weiß Oberhausen - 1.FSV Mainz 05,4723,Stadion Niederrhein,https://www.transfermarkt.de/spielbericht/index/spielbericht/941826
2000/01,04.11.2000,Hannover 96,MSV Duisburg,13337,Heinz-von-Heiden-Arena,https://www.transfermarkt.de/spielbericht/index/spielbericht/941827
2000/01,05.11.2000,SpVgg Greuther Fürth,SV Waldhof Mannheim,5231,Sportpark Ronhof | Thomas Sommer,https://www.transfermarkt.de/spielbericht/index/spielbericht/941828
2000/01,05.11.2000,Borussia Mönchengladbach,SSV Reutlingen 05,20600,Bökelberg,https://www.transfermarkt.de/spielbericht/index/spielbericht/941829
2000/01,05.11.2000,SSV Ulm 1846,Alemannia Aachen,8000,Donaustadion,https://www.transfermarkt.de/spielbericht/index/spielbericht/941830
2000/01,05.11.2000,VfL Osnabrück,FC St. Pauli,16000,Bremer Brücke,https://www.transfermarkt.de/spielbericht/index/spielbericht/941831
2000/01,06.11.2000,1.FC Saarbrücken,1.FC Nürnberg,18000,Ludwigsparkstadion,https://www.transfermarkt.de/spielbericht/index/spielbericht/941832
2000/01,10.11.2000,MSV Duisburg,Arminia Bielefeld,8502,MSV-Arena,https://www.transfermarkt.de/spielbericht/index/spielbericht/941841
2000/01,10.11.2000,SV Waldhof Mannheim,Chemnitzer FC,5000,Carl-Benz-Stadion,https://www.transfermarkt.de/spielbericht/index/spielbericht/941842
2000/01,11.11.2000,1.FSV Mainz 05,Hannover 96,4513,Stadion am Bruchweg,https://www.transfermarkt.de/spielbericht/index/spielbericht/941843
2000/01,11.11.2000,FC St. Pauli,SSV Ulm 1846,14607,Millerntor-Stadion,https://www.transfermarkt.de/spielbericht/index/spielbericht/941844
2000/01,12.11.2000,Alemannia Aachen,Rot-Weiß Oberhausen,11800,Tivoli (alt),https://www.transfermarkt.de/spielbericht/index/spielbericht/941845
2000/01,12.11.2000,Stuttgarter Kickers,Borussia Mönchengladbach,7000,GAZi-Stadion auf der Waldau,https://www.transfermarkt.de/spielbericht/index/spielbericht/941846
2000/01,12.11.2000,SSV Reutlingen 05,SpVgg Greuther Fürth,7490,Stadion an der Kreuzeiche,https://www.transfermarkt.de/spielbericht/index/spielbericht/941847
2000/01,12.11.2000,LR Ahlen,1.FC Saarbrücken,7120,Wersestadion,https://www.transfermarkt.de/spielbericht/index/spielbericht/941848
2000/01,13.11.2000,1.FC Nürnberg,VfL Osnabrück,10700,Max-Morlock-Stadion,https://www.transfermarkt.de/spielbericht/index/spielbericht/941849
2000/01,17.11.2000,1.FSV Mainz 05,Alemannia Aachen,4944,Stadion am Bruchweg,https://www.transfermarkt.de/spielbericht/index/spielbericht/941850
2000/01,17.11.2000,SSV Ulm 1846,1.FC Nürnberg,18000,Donaustadion,https://www.transfermarkt.de/spielbericht/index/spielbericht/941851
2000/01,18.11.2000,VfL Osnabrück,LR Ahlen,8000,Bremer Brücke,https://www.transfermarkt.de/spielbericht/index/spielbericht/941852
2000/01,19.11.2000,SpVgg Greuther Fürth,Stuttgarter Kickers,5500,Sportpark Ronhof | Thomas Sommer,https://www.transfermarkt.de/spielbericht/index/spielbericht/941853
2000/01,19.11.2000,Borussia Mönchengladbach,MSV Duisburg,21000,Bökelberg,https://www.transfermarkt.de/spielbericht/index/spielbericht/941854
2000/01,19.11.2000,Rot,Weiß Oberhausen - FC St. Pauli,6650,Stadion Niederrhein,https://www.transfermarkt.de/spielbericht/index/spielbericht/941855
2000/01,19.11.2000,Chemnitzer FC,SSV Reutlingen 05,6224,Stadion - An der Gellertstraße,https://www.transfermarkt.de/spielbericht/index/spielbericht/941856
2000/01,20.11.2000,1.FC Saarbrücken,SV Waldhof Mannheim,10000,Ludwigsparkstadion,https://www.transfermarkt.de/spielbericht/index/spielbericht/941857
2000/01,20.11.2000,Hannover 96,Arminia Bielefeld,12050,Heinz-von-Heiden-Arena,https://www.transfermarkt.de/spielbericht/index/spielbericht/941858
2000/01,24.11.2000,Alemannia Aachen,Hannover 96,14200,Tivoli (alt),https://www.transfermarkt.de/spielbericht/index/spielbericht/941859
2000/01,24.11.2000,MSV Duisburg,SpVgg Greuther Fürth,6785,MSV-Arena,https://www.transfermarkt.de/spielbericht/index/spielbericht/941860
2000/01,25.11.2000,Arminia Bielefeld,Borussia Mönchengladbach,15588,SchücoArena,https://www.transfermarkt.de/spielbericht/index/spielbericht/941861
2000/01,25.11.2000,LR Ahlen,SSV Ulm 1846,5562,Wersestadion,https://www.transfermarkt.de/spielbericht/index/spielbericht/941862
2000/01,26.11.2000,1.FC Nürnberg,Rot-Weiß Oberhausen,26000,Max-Morlock-Stadion,https://www.transfermarkt.de/spielbericht/index/spielbericht/941863
2000/01,26.11.2000,Stuttgarter Kickers,Chemnitzer FC,4246,GAZi-Stadion auf der Waldau,https://www.transfermarkt.de/spielbericht/index/spielbericht/941864
2000/01,26.11.2000,SSV Reutlingen 05,1.FC Saarbrücken,8020,Stadion an der Kreuzeiche,https://www.transfermarkt.de/spielbericht/index/spielbericht/941865
2000/01,26.11.2000,SV Waldhof Mannheim,VfL Osnabrück,5000,Carl-Benz-Stadion,https://www.transfermarkt.de/spielbericht/index/spielbericht/941866
2000/01,27.11.2000,FC St. Pauli,1.FSV Mainz 05,14694,Millerntor-Stadion,https://www.transfermarkt.de/spielbericht/index/spielbericht/941867
2000/01,01.12.2000,SpVgg Greuther Fürth,Arminia Bielefeld,6135,Sportpark Ronhof | Thomas Sommer,https://www.transfermarkt.de/spielbericht/index/spielbericht/941868
2000/01,01.12.2000,Chemnitzer FC,MSV Duisburg,4365,Stadion - An der Gellertstraße,https://www.transfermarkt.de/spielbericht/index/spielbericht/941869
2000/01,02.12.2000,VfL Osnabrück,SSV Reutlingen 05,7600,Bremer Brücke,https://www.transfermarkt.de/spielbericht/index/spielbericht/941870
2000/01,02.12.2000,1.FC Saarbrücken,Stuttgarter Kickers,6000,Ludwigsparkstadion,https://www.transfermarkt.de/spielbericht/index/spielbericht/941871
2000/01,03.12.2000,1.FSV Mainz 05,1.FC Nürnberg,7322,Stadion am Bruchweg,https://www.transfermarkt.de/spielbericht/index/spielbericht/941872
2000/01,03.12.2000,Rot,Weiß Oberhausen - LR Ahlen,4294,Stadion Niederrhein,https://www.transfermarkt.de/spielbericht/index/spielbericht/941873
2000/01,03.12.2000,SSV Ulm 1846,SV Waldhof Mannheim,5000,Donaustadion,https://www.transfermarkt.de/spielbericht/index/spielbericht/941874
2000/01,03.12.2000,FC St. Pauli,Alemannia Aachen,15793,Millerntor-Stadion,https://www.transfermarkt.de/spielbericht/index/spielbericht/941875
2000/01,04.12.2000,Borussia Mönchengladbach,Hannover 96,15700,Bökelberg,https://www.transfermarkt.de/spielbericht/index/spielbericht/941876
2000/01,08.12.2000,MSV Duisburg,1.FC Saarbrücken,7706,MSV-Arena,https://www.transfermarkt.de/spielbericht/index/spielbericht/941877
2000/01,08.12.2000,SSV Reutlingen 05,SSV Ulm 1846,12740,Stadion an der Kreuzeiche,https://www.transfermarkt.de/spielbericht/index/spielbericht/941878
2000/01,09.12.2000,Arminia Bielefeld,Chemnitzer FC,8081,SchücoArena,https://www.transfermarkt.de/spielbericht/index/spielbericht/941879
2000/01,09.12.2000,Stuttgarter Kickers,VfL Osnabrück,3745,GAZi-Stadion auf der Waldau,https://www.transfermarkt.de/spielbericht/index/spielbericht/941880
2000/01,10.12.2000,1.FC Nürnberg,Alemannia Aachen,17100,Max-Morlock-Stadion,https://www.transfermarkt.de/spielbericht/index/spielbericht/941881
2000/01,10.12.2000,Borussia Mönchengladbach,SpVgg Greuther Fürth,19800,Bökelberg,https://www.transfermarkt.de/spielbericht/index/spielbericht/941882
2000/01,10.12.2000,SV Waldhof Mannheim,Rot-Weiß Oberhausen,5000,Carl-Benz-Stadion,https://www.transfermarkt.de/spielbericht/index/spielbericht/941883
2000/01,10.12.2000,LR Ahlen,1.FSV Mainz 05,5083,Wersestadion,https://www.transfermarkt.de/spielbericht/index/spielbericht/941884
2000/01,11.12.2000,Hannover 96,FC St. Pauli,22335,Heinz-von-Heiden-Arena,https://www.transfermarkt.de/spielbericht/index/spielbericht/941885
2000/01,12.12.2000,SSV Ulm 1846,Stuttgarter Kickers,7000,Donaustadion,https://www.transfermarkt.de/spielbericht/index/spielbericht/941886
2000/01,12.12.2000,VfL Osnabrück,MSV Duisburg,7400,Bremer Brücke,https://www.transfermarkt.de/spielbericht/index/spielbericht/941887
2000/01,12.12.2000,1.FC Saarbrücken,Arminia Bielefeld,7000,Ludwigsparkstadion,https://www.transfermarkt.de/spielbericht/index/spielbericht/941888
2000/01,13.12.2000,Alemannia Aachen,LR Ahlen,10400,Tivoli (alt),https://www.transfermarkt.de/spielbericht/index/spielbericht/941889
2000/01,13.12.2000,1.FSV Mainz 05,SV Waldhof Mannheim,5224,Stadion am Bruchweg,https://www.transfermarkt.de/spielbericht/index/spielbericht/941890
2000/01,13.12.2000,Rot,Weiß Oberhausen - SSV Reutlingen 05,3016,Stadion Niederrhein,https://www.transfermarkt.de/spielbericht/index/spielbericht/941891
2000/01,13.12.2000,Chemnitzer FC,Borussia Mönchengladbach,6500,Stadion - An der Gellertstraße,https://www.transfermarkt.de/spielbericht/index/spielbericht/941892
2000/01,14.12.2000,SpVgg Greuther Fürth,Hannover 96,4325,Sportpark Ronhof | Thomas Sommer,https://www.transfermarkt.de/spielbericht/index/spielbericht/941893
2000/01,14.12.2000,FC St. Pauli,1.FC Nürnberg,18005,Millerntor-Stadion,https://www.transfermarkt.de/spielbericht/index/spielbericht/941894
2000/01,15.12.2000,VfL Osnabrück,Arminia Bielefeld,10400,Bremer Brücke,https://www.transfermarkt.de/spielbericht/index/spielbericht/941895
2000/01,15.12.2000,SSV Ulm 1846,MSV Duisburg,5000,Donaustadion,https://www.transfermarkt.de/spielbericht/index/spielbericht/941896
2000/01,16.12.2000,Rot,Weiß Oberhausen - Stuttgarter Kickers,2935,Stadion Niederrhein,https://www.transfermarkt.de/spielbericht/index/spielbericht/941897
2000/01,16.12.2000,1.FSV Mainz 05,SSV Reutlingen 05,4115,Stadion am Bruchweg,https://www.transfermarkt.de/spielbericht/index/spielbericht/941898
2000/01,17.12.2000,Chemnitzer FC,SpVgg Greuther Fürth,3850,Stadion - An der Gellertstraße,https://www.transfermarkt.de/spielbericht/index/spielbericht/941899
2000/01,17.12.2000,1.FC Saarbrücken,Borussia Mönchengladbach,21700,Ludwigsparkstadion,https://www.transfermarkt.de/spielbericht/index/spielbericht/941900
2000/01,17.12.2000,FC St. Pauli,LR Ahlen,15487,Millerntor-Stadion,https://www.transfermarkt.de/spielbericht/index/spielbericht/941901
2000/01,17.12.2000,1.FC Nürnberg,Hannover 96,25200,Max-Morlock-Stadion,https://www.transfermarkt.de/spielbericht/index/spielbericht/941902
2000/01,18.12.2000,Alemannia Aachen,SV Waldhof Mannheim,9600,Tivoli (alt),https://www.transfermarkt.de/spielbericht/index/spielbericht/941903
2000/01,26.01.2001,Hannover 96,Chemnitzer FC,9262,Heinz-von-Heiden-Arena,https://www.transfermarkt.de/spielbericht/index/spielbericht/941904
2000/01,26.01.2001,SV Waldhof Mannheim,FC St. Pauli,11000,Carl-Benz-Stadion,https://www.transfermarkt.de/spielbericht/index/spielbericht/941905
2000/01,27.01.2001,SSV Reutlingen 05,Alemannia Aachen,6000,Stadion an der Kreuzeiche,https://www.transfermarkt.de/spielbericht/index/spielbericht/941906
2000/01,27.01.2001,Borussia Mönchengladbach,VfL Osnabrück,21800,Bökelberg,https://www.transfermarkt.de/spielbericht/index/spielbericht/941907
2000/01,28.01.2001,LR Ahlen,1.FC Nürnberg,9210,Wersestadion,https://www.transfermarkt.de/spielbericht/index/spielbericht/941908
2000/01,28.01.2001,Stuttgarter Kickers,1.FSV Mainz 05,5174,GAZi-Stadion auf der Waldau,https://www.transfermarkt.de/spielbericht/index/spielbericht/941909
2000/01,28.01.2001,MSV Duisburg,Rot-Weiß Oberhausen,12163,MSV-Arena,https://www.transfermarkt.de/spielbericht/index/spielbericht/941910
2000/01,28.01.2001,SpVgg Greuther Fürth,1.FC Saarbrücken,5524,Sportpark Ronhof | Thomas Sommer,https://www.transfermarkt.de/spielbericht/index/spielbericht/941911
2000/01,29.01.2001,Arminia Bielefeld,SSV Ulm 1846,6505,SchücoArena,https://www.transfermarkt.de/spielbericht/index/spielbericht/941912
2000/01,02.02.2001,1.FC Nürnberg,SV Waldhof Mannheim,15000,Max-Morlock-Stadion,https://www.transfermarkt.de/spielbericht/index/spielbericht/941913
2000/01,02.02.2001,LR Ahlen,Hannover 96,7150,Wersestadion,https://www.transfermarkt.de/spielbericht/index/spielbericht/941914
2000/01,04.02.2001,VfL Osnabrück,SpVgg Greuther Fürth,7500,Bremer Brücke,https://www.transfermarkt.de/spielbericht/index/spielbericht/941915
2000/01,14.02.2001,SSV Ulm 1846,Borussia Mönchengladbach,11000,Donaustadion,https://www.transfermarkt.de/spielbericht/index/spielbericht/941916
2000/01,14.02.2001,Rot,Weiß Oberhausen - Arminia Bielefeld,4192,Stadion Niederrhein,https://www.transfermarkt.de/spielbericht/index/spielbericht/941917
2000/01,14.02.2001,1.FC Saarbrücken,Chemnitzer FC,7000,Ludwigsparkstadion,https://www.transfermarkt.de/spielbericht/index/spielbericht/941918
2000/01,28.02.2001,1.FSV Mainz 05,MSV Duisburg,4576,Stadion am Bruchweg,https://www.transfermarkt.de/spielbericht/index/spielbericht/941919
2000/01,28.02.2001,Alemannia Aachen,Stuttgarter Kickers,10600,Tivoli (alt),https://www.transfermarkt.de/spielbericht/index/spielbericht/941920
2000/01,01.03.2001,FC St. Pauli,SSV Reutlingen 05,16747,Millerntor-Stadion,https://www.transfermarkt.de/spielbericht/index/spielbericht/941921
2000/01,09.02.2001,Hannover 96,1.FC Saarbrücken,8025,Heinz-von-Heiden-Arena,https://www.transfermarkt.de/spielbericht/index/spielbericht/941922
2000/01,09.02.2001,Stuttgarter Kickers,FC St. Pauli,4749,GAZi-Stadion auf der Waldau,https://www.transfermarkt.de/spielbericht/index/spielbericht/941923
2000/01,10.02.2001,Borussia Mönchengladbach,Rot-Weiß Oberhausen,20200,Bökelberg,https://www.transfermarkt.de/spielbericht/index/spielbericht/941924
2000/01,10.02.2001,Chemnitzer FC,VfL Osnabrück,4690,Stadion - An der Gellertstraße,https://www.transfermarkt.de/spielbericht/index/spielbericht/941925
2000/01,11.02.2001,SSV Reutlingen 05,1.FC Nürnberg,12300,Stadion an der Kreuzeiche,https://www.transfermarkt.de/spielbericht/index/spielbericht/941926
2000/01,11.02.2001,Arminia Bielefeld,1.FSV Mainz 05,7128,SchücoArena,https://www.transfermarkt.de/spielbericht/index/spielbericht/941927
2000/01,11.02.2001,SpVgg Greuther Fürth,SSV Ulm 1846,5051,Sportpark Ronhof | Thomas Sommer,https://www.transfermarkt.de/spielbericht/index/spielbericht/941928
2000/01,11.02.2001,SV Waldhof Mannheim,LR Ahlen,8000,Carl-Benz-Stadion,https://www.transfermarkt.de/spielbericht/index/spielbericht/941929
2000/01,12.02.2001,MSV Duisburg,Alemannia Aachen,6000,MSV-Arena,https://www.transfermarkt.de/spielbericht/index/spielbericht/941930
2000/01,16.02.2001,1.FC Nürnberg,Stuttgarter Kickers,15000,Max-Morlock-Stadion,https://www.transfermarkt.de/spielbericht/index/spielbericht/941931
2000/01,16.02.2001,SV Waldhof Mannheim,Hannover 96,6900,Carl-Benz-Stadion,https://www.transfermarkt.de/spielbericht/index/spielbericht/941932
2000/01,17.02.2001,Rot,Weiß Oberhausen - SpVgg Greuther Fürth,3054,Stadion Niederrhein,https://www.transfermarkt.de/spielbericht/index/spielbericht/941933
2000/01,17.02.2001,1.FSV Mainz 05,Borussia Mönchengladbach,11834,Stadion am Bruchweg,https://www.transfermarkt.de/spielbericht/index/spielbericht/941934
2000/01,18.02.2001,FC St. Pauli,MSV Duisburg,18381,Millerntor-Stadion,https://www.transfermarkt.de/spielbericht/index/spielbericht/941935
2000/01,18.02.2001,LR Ahlen,SSV Reutlingen 05,7135,Wersestadion,https://www.transfermarkt.de/spielbericht/index/spielbericht/941936
2000/01,18.02.2001,VfL Osnabrück,1.FC Saarbrücken,14100,Bremer Brücke,https://www.transfermarkt.de/spielbericht/index/spielbericht/941937
2000/01,18.02.2001,SSV Ulm 1846,Chemnitzer FC,5000,Donaustadion,https://www.transfermarkt.de/spielbericht/index/spielbericht/941938
2000/01,19.02.2001,Alemannia Aachen,Arminia Bielefeld,10400,Tivoli (alt),https://www.transfermarkt.de/spielbericht/index/spielbericht/941939
2000/01,23.02.2001,MSV Duisburg,1.FC Nürnberg,8250,MSV-Arena,https://www.transfermarkt.de/spielbericht/index/spielbericht/941940
2000/01,23.02.2001,1.FC Saarbrücken,SSV Ulm 1846,7000,Ludwigsparkstadion,https://www.transfermarkt.de/spielbericht/index/spielbericht/941941
2000/01,24.02.2001,Borussia Mönchengladbach,Alemannia Aachen,31200,Bökelberg,https://www.transfermarkt.de/spielbericht/index/spielbericht/941942
2000/01,24.02.2001,Arminia Bielefeld,FC St. Pauli,10719,SchücoArena,https://www.transfermarkt.de/spielbericht/index/spielbericht/941943
2000/01,25.02.2001,SSV Reutlingen 05,SV Waldhof Mannheim,7082,Stadion an der Kreuzeiche,https://www.transfermarkt.de/spielbericht/index/spielbericht/941945
2000/01,26.02.2001,Hannover 96,VfL Osnabrück,6882,Heinz-von-Heiden-Arena,https://www.transfermarkt.de/spielbericht/index/spielbericht/941946
2000/01,21.03.2001,Stuttgarter Kickers,LR Ahlen,4418,GAZi-Stadion auf der Waldau,https://www.transfermarkt.de/spielbericht/index/spielbericht/941948
2000/01,02.03.2001,SSV Ulm 1846,VfL Osnabrück,5000,Donaustadion,https://www.transfermarkt.de/spielbericht/index/spielbericht/941949
2000/01,03.03.2001,1.FSV Mainz 05,Chemnitzer FC,4872,Stadion am Bruchweg,https://www.transfermarkt.de/spielbericht/index/spielbericht/941951
2000/01,04.03.2001,Alemannia Aachen,SpVgg Greuther Fürth,12000,Tivoli (alt),https://www.transfermarkt.de/spielbericht/index/spielbericht/941952
2000/01,04.03.2001,LR Ahlen,MSV Duisburg,7425,Wersestadion,https://www.transfermarkt.de/spielbericht/index/spielbericht/941953
2000/01,04.03.2001,SV Waldhof Mannheim,Stuttgarter Kickers,6400,Carl-Benz-Stadion,https://www.transfermarkt.de/spielbericht/index/spielbericht/941954
2000/01,04.03.2001,SSV Reutlingen 05,Hannover 96,6209,Stadion an der Kreuzeiche,https://www.transfermarkt.de/spielbericht/index/spielbericht/941955
2000/01,05.03.2001,FC St. Pauli,Borussia Mönchengladbach,20725,Millerntor-Stadion,https://www.transfermarkt.de/spielbericht/index/spielbericht/941956
2000/01,11.04.2001,Rot,Weiß Oberhausen - 1.FC Saarbrücken,2961,Stadion Niederrhein,https://www.transfermarkt.de/spielbericht/index/spielbericht/941957
2000/01,09.03.2001,VfL Osnabrück,Rot-Weiß Oberhausen,14800,Bremer Brücke,https://www.transfermarkt.de/spielbericht/index/spielbericht/941958
2000/01,09.03.2001,MSV Duisburg,SV Waldhof Mannheim,6060,MSV-Arena,https://www.transfermarkt.de/spielbericht/index/spielbericht/941959
2000/01,10.03.2001,1.FC Saarbrücken,1.FSV Mainz 05,7000,Ludwigsparkstadion,https://www.transfermarkt.de/spielbericht/index/spielbericht/941960
2000/01,11.03.2001,Chemnitzer FC,Alemannia Aachen,3200,Stadion - An der Gellertstraße,https://www.transfermarkt.de/spielbericht/index/spielbericht/941962
2000/01,11.03.2001,Stuttgarter Kickers,SSV Reutlingen 05,8751,GAZi-Stadion auf der Waldau,https://www.transfermarkt.de/spielbericht/index/spielbericht/941964
2000/01,12.03.2001,Borussia Mönchengladbach,1.FC Nürnberg,27300,Bökelberg,https://www.transfermarkt.de/spielbericht/index/spielbericht/941966
2000/01,16.03.2001,Alemannia Aachen,1.FC Saarbrücken,13200,Tivoli (alt),https://www.transfermarkt.de/spielbericht/index/spielbericht/941967
2000/01,16.03.2001,Stuttgarter Kickers,Hannover 96,4512,GAZi-Stadion auf der Waldau,https://www.transfermarkt.de/spielbericht/index/spielbericht/941968
2000/01,17.03.2001,1.FC Nürnberg,SpVgg Greuther Fürth,35700,Max-Morlock-Stadion,https://www.transfermarkt.de/spielbericht/index/spielbericht/941969
2000/01,18.03.2001,LR Ahlen,Borussia Mönchengladbach,11000,Wersestadion,https://www.transfermarkt.de/spielbericht/index/spielbericht/941971
2000/01,18.03.2001,1.FSV Mainz 05,VfL Osnabrück,6066,Stadion am Bruchweg,https://www.transfermarkt.de/spielbericht/index/spielbericht/941973
2000/01,18.03.2001,FC St. Pauli,Chemnitzer FC,16398,Millerntor-Stadion,https://www.transfermarkt.de/spielbericht/index/spielbericht/941974
2000/01,01.04.2001,MSV Duisburg,Stuttgarter Kickers,6558,MSV-Arena,https://www.transfermarkt.de/spielbericht/index/spielbericht/941982
2000/01,01.04.2001,SpVgg Greuther Fürth,LR Ahlen,8501,Sportpark Ronhof | Thomas Sommer,https://www.transfermarkt.de/spielbericht/index/spielbericht/941983
2000/01,02.04.2001,Borussia Mönchengladbach,SV Waldhof Mannheim,21980,Bökelberg,https://www.transfermarkt.de/spielbericht/index/spielbericht/941984
2000/01,07.04.2001,SV Waldhof Mannheim,SpVgg Greuther Fürth,8400,Carl-Benz-Stadion,https://www.transfermarkt.de/spielbericht/index/spielbericht/941987
2000/01,08.04.2001,Stuttgarter Kickers,Arminia Bielefeld,7580,GAZi-Stadion auf der Waldau,https://www.transfermarkt.de/spielbericht/index/spielbericht/941989
2000/01,08.04.2001,1.FSV Mainz 05,Rot-Weiß Oberhausen,6010,Stadion am Bruchweg,https://www.transfermarkt.de/spielbericht/index/spielbericht/941990
2000/01,08.04.2001,FC St. Pauli,VfL Osnabrück,20725,Millerntor-Stadion,https://www.transfermarkt.de/spielbericht/index/spielbericht/941992
2000/01,09.04.2001,SSV Reutlingen 05,Borussia Mönchengladbach,12400,Stadion an der Kreuzeiche,https://www.transfermarkt.de/spielbericht/index/spielbericht/941993
2000/01,12.04.2001,Chemnitzer FC,SV Waldhof Mannheim,2920,Stadion - An der Gellertstraße,https://www.transfermarkt.de/spielbericht/index/spielbericht/941995
2000/01,14.04.2001,Rot,Weiß Oberhausen - Alemannia Aachen,4190,Stadion Niederrhein,https://www.transfermarkt.de/spielbericht/index/spielbericht/941996
2000/01,14.04.2001,Hannover 96,1.FSV Mainz 05,6211,Heinz-von-Heiden-Arena,https://www.transfermarkt.de/spielbericht/index/spielbericht/941997
2000/01,15.04.2001,Borussia Mönchengladbach,Stuttgarter Kickers,22450,Bökelberg,https://www.transfermarkt.de/spielbericht/index/spielbericht/941998
2000/01,15.04.2001,SpVgg Greuther Fürth,SSV Reutlingen 05,4860,Sportpark Ronhof | Thomas Sommer,https://www.transfermarkt.de/spielbericht/index/spielbericht/941999
2000/01,15.04.2001,SSV Ulm 1846,FC St. Pauli,4000,Donaustadion,https://www.transfermarkt.de/spielbericht/index/spielbericht/942000
2000/01,25.04.2001,1.FC Saarbrücken,LR Ahlen,8900,Ludwigsparkstadion,https://www.transfermarkt.de/spielbericht/index/spielbericht/942002
2000/01,20.04.2001,SV Waldhof Mannheim,1.FC Saarbrücken,10500,Carl-Benz-Stadion,https://www.transfermarkt.de/spielbericht/index/spielbericht/942004
2000/01,21.04.2001,FC St. Pauli,Rot-Weiß Oberhausen,19544,Millerntor-Stadion,https://www.transfermarkt.de/spielbericht/index/spielbericht/942005
2000/01,22.04.2001,Stuttgarter Kickers,SpVgg Greuther Fürth,5000,GAZi-Stadion auf der Waldau,https://www.transfermarkt.de/spielbericht/index/spielbericht/942006
2000/01,22.04.2001,1.FC Nürnberg,SSV Ulm 1846,18900,Max-Morlock-Stadion,https://www.transfermarkt.de/spielbericht/index/spielbericht/942007
2000/01,22.04.2001,LR Ahlen,VfL Osnabrück,11000,Wersestadion,https://www.transfermarkt.de/spielbericht/index/spielbericht/942008
2000/01,22.04.2001,Arminia Bielefeld,Hannover 96,12266,SchücoArena,https://www.transfermarkt.de/spielbericht/index/spielbericht/942009
2000/01,23.04.2001,MSV Duisburg,Borussia Mönchengladbach,14253,MSV-Arena,https://www.transfermarkt.de/spielbericht/index/spielbericht/942010
2000/01,25.04.2001,SSV Reutlingen 05,Chemnitzer FC,4836,Stadion an der Kreuzeiche,https://www.transfermarkt.de/spielbericht/index/spielbericht/942011
2000/01,27.04.2001,Borussia Mönchengladbach,Arminia Bielefeld,32350,Bökelberg,https://www.transfermarkt.de/spielbericht/index/spielbericht/942013
2000/01,28.04.2001,Chemnitzer FC,Stuttgarter Kickers,2777,Stadion - An der Gellertstraße,https://www.transfermarkt.de/spielbericht/index/spielbericht/942014
2000/01,28.04.2001,1.FSV Mainz 05,FC St. Pauli,8018,Stadion am Bruchweg,https://www.transfermarkt.de/spielbericht/index/spielbericht/942015
2000/01,29.04.2001,Rot,Weiß Oberhausen - 1.FC Nürnberg,5648,Stadion Niederrhein,https://www.transfermarkt.de/spielbericht/index/spielbericht/942016
2000/01,29.04.2001,1.FC Saarbrücken,SSV Reutlingen 05,6000,Ludwigsparkstadion,https://www.transfermarkt.de/spielbericht/index/spielbericht/942017
2000/01,29.04.2001,VfL Osnabrück,SV Waldhof Mannheim,12500,Bremer Brücke,https://www.transfermarkt.de/spielbericht/index/spielbericht/942018
2000/01,29.04.2001,SSV Ulm 1846,LR Ahlen,4000,Donaustadion,https://www.transfermarkt.de/spielbericht/index/spielbericht/942019
2000/01,30.04.2001,SpVgg Greuther Fürth,MSV Duisburg,10320,Sportpark Ronhof | Thomas Sommer,https://www.transfermarkt.de/spielbericht/index/spielbericht/942020
2000/01,04.05.2001,Stuttgarter Kickers,1.FC Saarbrücken,5512,GAZi-Stadion auf der Waldau,https://www.transfermarkt.de/spielbericht/index/spielbericht/942021
2000/01,04.05.2001,MSV Duisburg,Chemnitzer FC,5030,MSV-Arena,https://www.transfermarkt.de/spielbericht/index/spielbericht/942022
2000/01,05.05.2001,Alemannia Aachen,FC St. Pauli,13400,Tivoli (alt),https://www.transfermarkt.de/spielbericht/index/spielbericht/942023
2000/01,06.05.2001,Arminia Bielefeld,SpVgg Greuther Fürth,14127,SchücoArena,https://www.transfermarkt.de/spielbericht/index/spielbericht/942024
2000/01,06.05.2001,1.FC Nürnberg,1.FSV Mainz 05,28000,Max-Morlock-Stadion,https://www.transfermarkt.de/spielbericht/index/spielbericht/942025
2000/01,06.05.2001,SSV Reutlingen 05,VfL Osnabrück,5000,Stadion an der Kreuzeiche,https://www.transfermarkt.de/spielbericht/index/spielbericht/942026
2000/01,07.05.2001,Hannover 96,Borussia Mönchengladbach,16648,Heinz-von-Heiden-Arena,https://www.transfermarkt.de/spielbericht/index/spielbericht/942027
2000/01,09.05.2001,LR Ahlen,Rot-Weiß Oberhausen,6220,Wersestadion,https://www.transfermarkt.de/spielbericht/index/spielbericht/942028
2000/01,09.05.2001,SV Waldhof Mannheim,SSV Ulm 1846,6000,Carl-Benz-Stadion,https://www.transfermarkt.de/spielbericht/index/spielbericht/942029
2000/01,13.05.2001,Alemannia Aachen,1.FC Nürnberg,11200,Tivoli (alt),https://www.transfermarkt.de/spielbericht/index/spielbericht/942030
2000/01,13.05.2001,SpVgg Greuther Fürth,Borussia Mönchengladbach,15500,Sportpark Ronhof | Thomas Sommer,https://www.transfermarkt.de/spielbericht/index/spielbericht/942031
2000/01,13.05.2001,Chemnitzer FC,Arminia Bielefeld,3380,Stadion - An der Gellertstraße,https://www.transfermarkt.de/spielbericht/index/spielbericht/942032
2000/01,13.05.2001,1.FC Saarbrücken,MSV Duisburg,5000,Ludwigsparkstadion,https://www.transfermarkt.de/spielbericht/index/spielbericht/942033
2000/01,13.05.2001,VfL Osnabrück,Stuttgarter Kickers,9200,Bremer Brücke,https://www.transfermarkt.de/spielbericht/index/spielbericht/942034
2000/01,13.05.2001,SSV Ulm 1846,SSV Reutlingen 05,4000,Donaustadion,https://www.transfermarkt.de/spielbericht/index/spielbericht/942035
2000/01,13.05.2001,Rot,Weiß Oberhausen - SV Waldhof Mannheim,2202,Stadion Niederrhein,https://www.transfermarkt.de/spielbericht/index/spielbericht/942036
2000/01,13.05.2001,1.FSV Mainz 05,LR Ahlen,6236,Stadion am Bruchweg,https://www.transfermarkt.de/spielbericht/index/spielbericht/942037
2000/01,13.05.2001,FC St. Pauli,Hannover 96,20735,Millerntor-Stadion,https://www.transfermarkt.de/spielbericht/index/spielbericht/942038
2000/01,20.05.2001,Hannover 96,SpVgg Greuther Fürth,7000,Heinz-von-Heiden-Arena,https://www.transfermarkt.de/spielbericht/index/spielbericht/942039
2000/01,20.05.2001,LR Ahlen,Alemannia Aachen,8120,Wersestadion,https://www.transfermarkt.de/spielbericht/index/spielbericht/942040
2000/01,20.05.2001,SV Waldhof Mannheim,1.FSV Mainz 05,23500,Carl-Benz-Stadion,https://www.transfermarkt.de/spielbericht/index/spielbericht/942041
2000/01,20.05.2001,SSV Reutlingen 05,Rot-Weiß Oberhausen,6183,Stadion an der Kreuzeiche,https://www.transfermarkt.de/spielbericht/index/spielbericht/942042
2000/01,20.05.2001,MSV Duisburg,VfL Osnabrück,11054,MSV-Arena,https://www.transfermarkt.de/spielbericht/index/spielbericht/942044
2000/01,20.05.2001,Arminia Bielefeld,1.FC Saarbrücken,17247,SchücoArena,https://www.transfermarkt.de/spielbericht/index/spielbericht/942045
2000/01,20.05.2001,Borussia Mönchengladbach,Chemnitzer FC,34500,Bökelberg,https://www.transfermarkt.de/spielbericht/index/spielbericht/942046
2000/01,20.05.2001,1.FC Nürnberg,FC St. Pauli,44600,Max-Morlock-Stadion,https://www.transfermarkt.de/spielbericht/index/spielbericht/942047
2001/02,27.07.2001,SpVgg Greuther Fürth,Rot-Weiß Oberhausen,7051,Sportpark Ronhof | Thomas Sommer,https://www.transfermarkt.de/spielbericht/index/spielbericht/19374
2001/02,27.07.2001,MSV Duisburg,LR Ahlen,12004,MSV-Arena,https://www.transfermarkt.de/spielbericht/index/spielbericht/19375
2001/02,27.07.2001,1.FC Saarbrücken,SV Waldhof Mannheim,18000,Ludwigsparkstadion,https://www.transfermarkt.de/spielbericht/index/spielbericht/19376
2001/02,28.07.2001,Arminia Bielefeld,SV Babelsberg 03,10641,SchücoArena,https://www.transfermarkt.de/spielbericht/index/spielbericht/19377
2001/02,28.07.2001,Eintracht Frankfurt,SSV Reutlingen 05,17000,Deutsche Bank Park,https://www.transfermarkt.de/spielbericht/index/spielbericht/19378
2001/02,28.07.2001,Karlsruher SC,1.FC Schweinfurt 05,12500,BBBank Wildpark,https://www.transfermarkt.de/spielbericht/index/spielbericht/19379
2001/02,29.07.2001,SpVgg Unterhaching,VfL Bochum,6000,Uhlsport Park,https://www.transfermarkt.de/spielbericht/index/spielbericht/19380
2001/02,29.07.2001,Alemannia Aachen,1.FSV Mainz 05,12000,Tivoli (alt),https://www.transfermarkt.de/spielbericht/index/spielbericht/19381
2001/02,30.07.2001,1.FC Union Berlin,Hannover 96,9072,Stadion An der Alten Försterei,https://www.transfermarkt.de/spielbericht/index/spielbericht/19382
2001/02,10.08.2001,MSV Duisburg,SSV Reutlingen 05,6100,MSV-Arena,https://www.transfermarkt.de/spielbericht/index/spielbericht/19392
2001/02,10.08.2001,Arminia Bielefeld,SV Waldhof Mannheim,12097,SchücoArena,https://www.transfermarkt.de/spielbericht/index/spielbericht/19393
2001/02,10.08.2001,VfL Bochum,1.FSV Mainz 05,14025,Vonovia Ruhrstadion,https://www.transfermarkt.de/spielbericht/index/spielbericht/19394
2001/02,11.08.2001,Alemannia Aachen,Rot-Weiß Oberhausen,9200,Tivoli (alt),https://www.transfermarkt.de/spielbericht/index/spielbericht/19396
2001/02,11.08.2001,1.FC Union Berlin,LR Ahlen,8607,Stadion An der Alten Försterei,https://www.transfermarkt.de/spielbericht/index/spielbericht/19397
2001/02,12.08.2001,SpVgg Unterhaching,Hannover 96,5000,Uhlsport Park,https://www.transfermarkt.de/spielbericht/index/spielbericht/19395
2001/02,12.08.2001,SpVgg Greuther Fürth,SV Babelsberg 03,5500,Sportpark Ronhof | Thomas Sommer,https://www.transfermarkt.de/spielbericht/index/spielbericht/19398
2001/02,12.08.2001,Eintracht Frankfurt,1.FC Schweinfurt 05,18800,Deutsche Bank Park,https://www.transfermarkt.de/spielbericht/index/spielbericht/19399
2001/02,13.08.2001,Karlsruher SC,1.FC Saarbrücken,15700,BBBank Wildpark,https://www.transfermarkt.de/spielbericht/index/spielbericht/19400
2001/02,17.08.2001,1.FC Schweinfurt 05,Arminia Bielefeld,11153,Riedel Bau Arena im Sachs-Stadion,https://www.transfermarkt.de/spielbericht/index/spielbericht/19401
2001/02,17.08.2001,SSV Reutlingen 05,SpVgg Greuther Fürth,7014,Stadion an der Kreuzeiche,https://www.transfermarkt.de/spielbericht/index/spielbericht/19402
2001/02,17.08.2001,Rot,Weiß Oberhausen - SpVgg Unterhaching,3311,Stadion Niederrhein,https://www.transfermarkt.de/spielbericht/index/spielbericht/19405
2001/02,18.08.2001,SV Babelsberg 03,1.FC Union Berlin,14700,Karl-Liebknecht-Stadion,https://www.transfermarkt.de/spielbericht/index/spielbericht/19403
2001/02,18.08.2001,1.FC Saarbrücken,Eintracht Frankfurt,14000,Ludwigsparkstadion,https://www.transfermarkt.de/spielbericht/index/spielbericht/19408
2001/02,19.08.2001,LR Ahlen,Alemannia Aachen,6510,Wersestadion,https://www.transfermarkt.de/spielbericht/index/spielbericht/19404
2001/02,19.08.2001,Hannover 96,VfL Bochum,20078,Heinz-von-Heiden-Arena,https://www.transfermarkt.de/spielbericht/index/spielbericht/19406
2001/02,19.08.2001,1.FSV Mainz 05,Karlsruher SC,9000,Stadion am Bruchweg,https://www.transfermarkt.de/spielbericht/index/spielbericht/19407
2001/02,20.08.2001,SV Waldhof Mannheim,MSV Duisburg,7000,Carl-Benz-Stadion,https://www.transfermarkt.de/spielbericht/index/spielbericht/19409
2001/02,07.09.2001,SpVgg Unterhaching,LR Ahlen,3500,Uhlsport Park,https://www.transfermarkt.de/spielbericht/index/spielbericht/19410
2001/02,07.09.2001,1.FC Union Berlin,SSV Reutlingen 05,7849,Stadion An der Alten Försterei,https://www.transfermarkt.de/spielbericht/index/spielbericht/19411
2001/02,07.09.2001,1.FSV Mainz 05,Hannover 96,6700,Stadion am Bruchweg,https://www.transfermarkt.de/spielbericht/index/spielbericht/19412
2001/02,08.09.2001,SpVgg Greuther Fürth,SV Waldhof Mannheim,4730,Sportpark Ronhof | Thomas Sommer,https://www.transfermarkt.de/spielbericht/index/spielbericht/19413
2001/02,08.09.2001,MSV Duisburg,1.FC Schweinfurt 05,5100,MSV-Arena,https://www.transfermarkt.de/spielbericht/index/spielbericht/19414
2001/02,09.09.2001,Alemannia Aachen,SV Babelsberg 03,9400,Tivoli (alt),https://www.transfermarkt.de/spielbericht/index/spielbericht/19415
2001/02,09.09.2001,Arminia Bielefeld,1.FC Saarbrücken,10109,SchücoArena,https://www.transfermarkt.de/spielbericht/index/spielbericht/19416
2001/02,09.09.2001,VfL Bochum,Rot-Weiß Oberhausen,13094,Vonovia Ruhrstadion,https://www.transfermarkt.de/spielbericht/index/spielbericht/19417
2001/02,10.09.2001,Karlsruher SC,Eintracht Frankfurt,16000,BBBank Wildpark,https://www.transfermarkt.de/spielbericht/index/spielbericht/19418
2001/02,14.09.2001,LR Ahlen,VfL Bochum,8415,Wersestadion,https://www.transfermarkt.de/spielbericht/index/spielbericht/19419
2001/02,14.09.2001,Rot,Weiß Oberhausen - 1.FSV Mainz 05,3346,Stadion Niederrhein,https://www.transfermarkt.de/spielbericht/index/spielbericht/19420
2001/02,14.09.2001,1.FC Saarbrücken,MSV Duisburg,5500,Ludwigsparkstadion,https://www.transfermarkt.de/spielbericht/index/spielbericht/19421
2001/02,15.09.2001,1.FC Schweinfurt 05,SpVgg Greuther Fürth,8319,Riedel Bau Arena im Sachs-Stadion,https://www.transfermarkt.de/spielbericht/index/spielbericht/19422
2001/02,15.09.2001,SSV Reutlingen 05,Alemannia Aachen,5558,Stadion an der Kreuzeiche,https://www.transfermarkt.de/spielbericht/index/spielbericht/19423
2001/02,15.09.2001,SV Babelsberg 03,SpVgg Unterhaching,4461,Karl-Liebknecht-Stadion,https://www.transfermarkt.de/spielbericht/index/spielbericht/19424
2001/02,15.09.2001,SV Waldhof Mannheim,1.FC Union Berlin,7200,Carl-Benz-Stadion,https://www.transfermarkt.de/spielbericht/index/spielbericht/19425
2001/02,16.09.2001,Hannover 96,Karlsruher SC,13600,Heinz-von-Heiden-Arena,https://www.transfermarkt.de/spielbericht/index/spielbericht/19426
2001/02,17.09.2001,Eintracht Frankfurt,Arminia Bielefeld,12800,Deutsche Bank Park,https://www.transfermarkt.de/spielbericht/index/spielbericht/19427
2001/02,21.09.2001,SpVgg Unterhaching,SSV Reutlingen 05,6500,Uhlsport Park,https://www.transfermarkt.de/spielbericht/index/spielbericht/19428
2001/02,21.09.2001,Hannover 96,Rot-Weiß Oberhausen,13923,Heinz-von-Heiden-Arena,https://www.transfermarkt.de/spielbericht/index/spielbericht/19429
2001/02,21.09.2001,Karlsruher SC,Arminia Bielefeld,9200,BBBank Wildpark,https://www.transfermarkt.de/spielbericht/index/spielbericht/19430
2001/02,22.09.2001,1.FSV Mainz 05,LR Ahlen,6258,Stadion am Bruchweg,https://www.transfermarkt.de/spielbericht/index/spielbericht/19431
2001/02,22.09.2001,VfL Bochum,SV Babelsberg 03,10773,Vonovia Ruhrstadion,https://www.transfermarkt.de/spielbericht/index/spielbericht/19432
2001/02,23.09.2001,Alemannia Aachen,SV Waldhof Mannheim,11414,Tivoli (alt),https://www.transfermarkt.de/spielbericht/index/spielbericht/19433
2001/02,23.09.2001,1.FC Union Berlin,1.FC Schweinfurt 05,8199,Stadion An der Alten Försterei,https://www.transfermarkt.de/spielbericht/index/spielbericht/19434
2001/02,23.09.2001,SpVgg Greuther Fürth,1.FC Saarbrücken,5250,Sportpark Ronhof | Thomas Sommer,https://www.transfermarkt.de/spielbericht/index/spielbericht/19435
2001/02,24.09.2001,MSV Duisburg,Eintracht Frankfurt,7200,MSV-Arena,https://www.transfermarkt.de/spielbericht/index/spielbericht/19436
2001/02,28.09.2001,SSV Reutlingen 05,VfL Bochum,6730,Stadion an der Kreuzeiche,https://www.transfermarkt.de/spielbericht/index/spielbericht/19437
2001/02,28.09.2001,Rot,Weiß Oberhausen - Karlsruher SC,3075,Stadion Niederrhein,https://www.transfermarkt.de/spielbericht/index/spielbericht/19438
2001/02,28.09.2001,Arminia Bielefeld,MSV Duisburg,11825,SchücoArena,https://www.transfermarkt.de/spielbericht/index/spielbericht/19439
2001/02,29.09.2001,1.FC Schweinfurt 05,Alemannia Aachen,4850,Riedel Bau Arena im Sachs-Stadion,https://www.transfermarkt.de/spielbericht/index/spielbericht/19440
2001/02,29.09.2001,SV Waldhof Mannheim,SpVgg Unterhaching,4600,Carl-Benz-Stadion,https://www.transfermarkt.de/spielbericht/index/spielbericht/19441
2001/02,30.09.2001,SV Babelsberg 03,1.FSV Mainz 05,3900,Karl-Liebknecht-Stadion,https://www.transfermarkt.de/spielbericht/index/spielbericht/19442
2001/02,30.09.2001,Eintracht Frankfurt,SpVgg Greuther Fürth,16000,Deutsche Bank Park,https://www.transfermarkt.de/spielbericht/index/spielbericht/19443
2001/02,30.09.2001,1.FC Saarbrücken,1.FC Union Berlin,6500,Ludwigsparkstadion,https://www.transfermarkt.de/spielbericht/index/spielbericht/19444
2001/02,01.10.2001,LR Ahlen,Hannover 96,5500,Wersestadion,https://www.transfermarkt.de/spielbericht/index/spielbericht/19445
2001/02,12.10.2001,SpVgg Unterhaching,1.FC Schweinfurt 05,5800,Uhlsport Park,https://www.transfermarkt.de/spielbericht/index/spielbericht/19446
2001/02,12.10.2001,Alemannia Aachen,1.FC Saarbrücken,15200,Tivoli (alt),https://www.transfermarkt.de/spielbericht/index/spielbericht/19447
2001/02,12.10.2001,Karlsruher SC,MSV Duisburg,11000,BBBank Wildpark,https://www.transfermarkt.de/spielbericht/index/spielbericht/19448
2001/02,13.10.2001,1.FC Union Berlin,Eintracht Frankfurt,14532,Stadion An der Alten Försterei,https://www.transfermarkt.de/spielbericht/index/spielbericht/19449
2001/02,13.10.2001,Rot,Weiß Oberhausen - LR Ahlen,3389,Stadion Niederrhein,https://www.transfermarkt.de/spielbericht/index/spielbericht/19450
2001/02,14.10.2001,SpVgg Greuther Fürth,Arminia Bielefeld,8512,Sportpark Ronhof | Thomas Sommer,https://www.transfermarkt.de/spielbericht/index/spielbericht/19451
2001/02,14.10.2001,Hannover 96,SV Babelsberg 03,28200,Heinz-von-Heiden-Arena,https://www.transfermarkt.de/spielbericht/index/spielbericht/19452
2001/02,14.10.2001,1.FSV Mainz 05,SSV Reutlingen 05,8088,Stadion am Bruchweg,https://www.transfermarkt.de/spielbericht/index/spielbericht/19453
2001/02,15.10.2001,VfL Bochum,SV Waldhof Mannheim,10077,Vonovia Ruhrstadion,https://www.transfermarkt.de/spielbericht/index/spielbericht/19454
2001/02,19.10.2001,1.FC Schweinfurt 05,VfL Bochum,8125,Riedel Bau Arena im Sachs-Stadion,https://www.transfermarkt.de/spielbericht/index/spielbericht/19455
2001/02,19.10.2001,LR Ahlen,Karlsruher SC,6531,Wersestadion,https://www.transfermarkt.de/spielbericht/index/spielbericht/19456
2001/02,19.10.2001,SV Waldhof Mannheim,1.FSV Mainz 05,7000,Carl-Benz-Stadion,https://www.transfermarkt.de/spielbericht/index/spielbericht/19457
2001/02,20.10.2001,SSV Reutlingen 05,Hannover 96,7100,Stadion an der Kreuzeiche,https://www.transfermarkt.de/spielbericht/index/spielbericht/19458
2001/02,20.10.2001,SV Babelsberg 03,Rot-Weiß Oberhausen,4000,Karl-Liebknecht-Stadion,https://www.transfermarkt.de/spielbericht/index/spielbericht/19459
2001/02,21.10.2001,MSV Duisburg,SpVgg Greuther Fürth,5200,MSV-Arena,https://www.transfermarkt.de/spielbericht/index/spielbericht/19460
2001/02,21.10.2001,Eintracht Frankfurt,Alemannia Aachen,16000,Deutsche Bank Park,https://www.transfermarkt.de/spielbericht/index/spielbericht/19461
2001/02,21.10.2001,1.FC Saarbrücken,SpVgg Unterhaching,5500,Ludwigsparkstadion,https://www.transfermarkt.de/spielbericht/index/spielbericht/19462
2001/02,22.10.2001,Arminia Bielefeld,1.FC Union Berlin,10071,SchücoArena,https://www.transfermarkt.de/spielbericht/index/spielbericht/19463
2001/02,26.10.2001,Alemannia Aachen,Arminia Bielefeld,16800,Tivoli (alt),https://www.transfermarkt.de/spielbericht/index/spielbericht/19464
2001/02,26.10.2001,1.FC Union Berlin,MSV Duisburg,7500,Stadion An der Alten Försterei,https://www.transfermarkt.de/spielbericht/index/spielbericht/19465
2001/02,26.10.2001,1.FSV Mainz 05,1.FC Schweinfurt 05,9800,Stadion am Bruchweg,https://www.transfermarkt.de/spielbericht/index/spielbericht/19466
2001/02,27.10.2001,Rot,Weiß Oberhausen - SSV Reutlingen 05,3024,Stadion Niederrhein,https://www.transfermarkt.de/spielbericht/index/spielbericht/19467
2001/02,27.10.2001,Karlsruher SC,SpVgg Greuther Fürth,9200,BBBank Wildpark,https://www.transfermarkt.de/spielbericht/index/spielbericht/19468
2001/02,28.10.2001,SpVgg Unterhaching,Eintracht Frankfurt,9000,Uhlsport Park,https://www.transfermarkt.de/spielbericht/index/spielbericht/19469
2001/02,28.10.2001,LR Ahlen,SV Babelsberg 03,6813,Wersestadion,https://www.transfermarkt.de/spielbericht/index/spielbericht/19470
2001/02,28.10.2001,VfL Bochum,1.FC Saarbrücken,9808,Vonovia Ruhrstadion,https://www.transfermarkt.de/spielbericht/index/spielbericht/19471
2001/02,29.10.2001,Hannover 96,SV Waldhof Mannheim,16900,Heinz-von-Heiden-Arena,https://www.transfermarkt.de/spielbericht/index/spielbericht/19472
2001/02,02.11.2001,1.FC Schweinfurt 05,Hannover 96,9236,Riedel Bau Arena im Sachs-Stadion,https://www.transfermarkt.de/spielbericht/index/spielbericht/19473
2001/02,02.11.2001,MSV Duisburg,Alemannia Aachen,11200,MSV-Arena,https://www.transfermarkt.de/spielbericht/index/spielbericht/19474
2001/02,02.11.2001,1.FC Saarbrücken,1.FSV Mainz 05,8500,Ludwigsparkstadion,https://www.transfermarkt.de/spielbericht/index/spielbericht/19475
2001/02,03.11.2001,SV Babelsberg 03,Karlsruher SC,4000,Karl-Liebknecht-Stadion,https://www.transfermarkt.de/spielbericht/index/spielbericht/19476
2001/02,03.11.2001,Arminia Bielefeld,SpVgg Unterhaching,11242,SchücoArena,https://www.transfermarkt.de/spielbericht/index/spielbericht/19477
2001/02,04.11.2001,SSV Reutlingen 05,LR Ahlen,7510,Stadion an der Kreuzeiche,https://www.transfermarkt.de/spielbericht/index/spielbericht/19478
2001/02,04.11.2001,SpVgg Greuther Fürth,1.FC Union Berlin,7093,Sportpark Ronhof | Thomas Sommer,https://www.transfermarkt.de/spielbericht/index/spielbericht/19479
2001/02,04.11.2001,SV Waldhof Mannheim,Rot-Weiß Oberhausen,5000,Carl-Benz-Stadion,https://www.transfermarkt.de/spielbericht/index/spielbericht/19480
2001/02,05.11.2001,Eintracht Frankfurt,VfL Bochum,13675,Deutsche Bank Park,https://www.transfermarkt.de/spielbericht/index/spielbericht/19481
2001/02,16.11.2001,Alemannia Aachen,SpVgg Greuther Fürth,14000,Tivoli (alt),https://www.transfermarkt.de/spielbericht/index/spielbericht/19482
2001/02,16.11.2001,Hannover 96,1.FC Saarbrücken,20498,Heinz-von-Heiden-Arena,https://www.transfermarkt.de/spielbericht/index/spielbericht/19483
2001/02,16.11.2001,Karlsruher SC,1.FC Union Berlin,11000,BBBank Wildpark,https://www.transfermarkt.de/spielbericht/index/spielbericht/19484
2001/02,17.11.2001,Rot,Weiß Oberhausen - 1.FC Schweinfurt 05,3054,Stadion Niederrhein,https://www.transfermarkt.de/spielbericht/index/spielbericht/19485
2001/02,17.11.2001,VfL Bochum,Arminia Bielefeld,13244,Vonovia Ruhrstadion,https://www.transfermarkt.de/spielbericht/index/spielbericht/19486
2001/02,18.11.2001,SV Babelsberg 03,SSV Reutlingen 05,3500,Karl-Liebknecht-Stadion,https://www.transfermarkt.de/spielbericht/index/spielbericht/19488
2001/02,18.11.2001,SpVgg Unterhaching,MSV Duisburg,7500,Uhlsport Park,https://www.transfermarkt.de/spielbericht/index/spielbericht/19487
2001/02,18.11.2001,LR Ahlen,SV Waldhof Mannheim,5811,Wersestadion,https://www.transfermarkt.de/spielbericht/index/spielbericht/19489
2001/02,19.11.2001,1.FSV Mainz 05,Eintracht Frankfurt,15500,Stadion am Bruchweg,https://www.transfermarkt.de/spielbericht/index/spielbericht/19490
2001/02,23.11.2001,SpVgg Greuther Fürth,SpVgg Unterhaching,4694,Sportpark Ronhof | Thomas Sommer,https://www.transfermarkt.de/spielbericht/index/spielbericht/19491
2001/02,23.11.2001,MSV Duisburg,VfL Bochum,11300,MSV-Arena,https://www.transfermarkt.de/spielbericht/index/spielbericht/19492
2001/02,23.11.2001,Eintracht Frankfurt,Hannover 96,17100,Deutsche Bank Park,https://www.transfermarkt.de/spielbericht/index/spielbericht/19493
2001/02,24.11.2001,Arminia Bielefeld,1.FSV Mainz 05,14252,SchücoArena,https://www.transfermarkt.de/spielbericht/index/spielbericht/19494
2001/02,24.11.2001,1.FC Saarbrücken,Rot-Weiß Oberhausen,5000,Ludwigsparkstadion,https://www.transfermarkt.de/spielbericht/index/spielbericht/19495
2001/02,25.11.2001,SSV Reutlingen 05,Karlsruher SC,10137,Stadion an der Kreuzeiche,https://www.transfermarkt.de/spielbericht/index/spielbericht/19496
2001/02,25.11.2001,1.FC Union Berlin,Alemannia Aachen,7640,Stadion An der Alten Försterei,https://www.transfermarkt.de/spielbericht/index/spielbericht/19497
2001/02,25.11.2001,SV Waldhof Mannheim,SV Babelsberg 03,4700,Carl-Benz-Stadion,https://www.transfermarkt.de/spielbericht/index/spielbericht/19498
2001/02,26.11.2001,1.FC Schweinfurt 05,LR Ahlen,3250,Riedel Bau Arena im Sachs-Stadion,https://www.transfermarkt.de/spielbericht/index/spielbericht/19499
2001/02,30.11.2001,LR Ahlen,1.FC Saarbrücken,4715,Wersestadion,https://www.transfermarkt.de/spielbericht/index/spielbericht/19500
2001/02,30.11.2001,1.FSV Mainz 05,MSV Duisburg,8100,Stadion am Bruchweg,https://www.transfermarkt.de/spielbericht/index/spielbericht/19501
2001/02,30.11.2001,VfL Bochum,SpVgg Greuther Fürth,9397,Vonovia Ruhrstadion,https://www.transfermarkt.de/spielbericht/index/spielbericht/19502
2001/02,01.12.2001,Alemannia Aachen,Karlsruher SC,9800,Tivoli (alt),https://www.transfermarkt.de/spielbericht/index/spielbericht/19503
2001/02,01.12.2001,SV Waldhof Mannheim,SSV Reutlingen 05,4900,Carl-Benz-Stadion,https://www.transfermarkt.de/spielbericht/index/spielbericht/19504
2001/02,02.12.2001,SV Babelsberg 03,1.FC Schweinfurt 05,3820,Karl-Liebknecht-Stadion,https://www.transfermarkt.de/spielbericht/index/spielbericht/19506
2001/02,02.12.2001,SpVgg Unterhaching,1.FC Union Berlin,3800,Uhlsport Park,https://www.transfermarkt.de/spielbericht/index/spielbericht/19505
2001/02,02.12.2001,Rot,Weiß Oberhausen - Eintracht Frankfurt,5318,Stadion Niederrhein,https://www.transfermarkt.de/spielbericht/index/spielbericht/19507
2001/02,03.12.2001,Hannover 96,Arminia Bielefeld,22155,Heinz-von-Heiden-Arena,https://www.transfermarkt.de/spielbericht/index/spielbericht/19508
2001/02,07.12.2001,1.FC Union Berlin,VfL Bochum,7240,Stadion An der Alten Försterei,https://www.transfermarkt.de/spielbericht/index/spielbericht/19509
2001/02,07.12.2001,MSV Duisburg,Hannover 96,8000,MSV-Arena,https://www.transfermarkt.de/spielbericht/index/spielbericht/19510
2001/02,07.12.2001,Arminia Bielefeld,Rot-Weiß Oberhausen,8584,SchücoArena,https://www.transfermarkt.de/spielbericht/index/spielbericht/19511
2001/02,08.12.2001,SpVgg Greuther Fürth,1.FSV Mainz 05,6500,Sportpark Ronhof | Thomas Sommer,https://www.transfermarkt.de/spielbericht/index/spielbericht/19512
2001/02,08.12.2001,Karlsruher SC,SV Waldhof Mannheim,12200,BBBank Wildpark,https://www.transfermarkt.de/spielbericht/index/spielbericht/19513
2001/02,09.12.2001,Eintracht Frankfurt,LR Ahlen,11800,Deutsche Bank Park,https://www.transfermarkt.de/spielbericht/index/spielbericht/19514
2001/02,09.12.2001,Alemannia Aachen,SpVgg Unterhaching,10244,Tivoli (alt),https://www.transfermarkt.de/spielbericht/index/spielbericht/19515
2001/02,09.12.2001,1.FC Schweinfurt 05,SSV Reutlingen 05,5250,Riedel Bau Arena im Sachs-Stadion,https://www.transfermarkt.de/spielbericht/index/spielbericht/19516
2001/02,10.12.2001,1.FC Saarbrücken,SV Babelsberg 03,4000,Ludwigsparkstadion,https://www.transfermarkt.de/spielbericht/index/spielbericht/19517
2001/02,14.12.2001,LR Ahlen,Arminia Bielefeld,8818,Wersestadion,https://www.transfermarkt.de/spielbericht/index/spielbericht/19518
2001/02,14.12.2001,Rot,Weiß Oberhausen - MSV Duisburg,7200,Stadion Niederrhein,https://www.transfermarkt.de/spielbericht/index/spielbericht/19519
2001/02,14.12.2001,SpVgg Unterhaching,Karlsruher SC,1500,Uhlsport Park,https://www.transfermarkt.de/spielbericht/index/spielbericht/19520
2001/02,15.12.2001,SV Babelsberg 03,Eintracht Frankfurt,3819,Karl-Liebknecht-Stadion,https://www.transfermarkt.de/spielbericht/index/spielbericht/19521
2001/02,15.12.2001,SSV Reutlingen 05,1.FC Saarbrücken,4392,Stadion an der Kreuzeiche,https://www.transfermarkt.de/spielbericht/index/spielbericht/19522
2001/02,16.12.2001,Hannover 96,SpVgg Greuther Fürth,22200,Heinz-von-Heiden-Arena,https://www.transfermarkt.de/spielbericht/index/spielbericht/19523
2001/02,16.12.2001,1.FSV Mainz 05,1.FC Union Berlin,7816,Stadion am Bruchweg,https://www.transfermarkt.de/spielbericht/index/spielbericht/19524
2001/02,16.12.2001,VfL Bochum,Alemannia Aachen,10993,Vonovia Ruhrstadion,https://www.transfermarkt.de/spielbericht/index/spielbericht/19525
2001/02,16.12.2001,SV Waldhof Mannheim,1.FC Schweinfurt 05,5100,Carl-Benz-Stadion,https://www.transfermarkt.de/spielbericht/index/spielbericht/19526
2001/02,18.12.2001,SV Babelsberg 03,Arminia Bielefeld,3683,Karl-Liebknecht-Stadion,https://www.transfermarkt.de/spielbericht/index/spielbericht/19528
2001/02,18.12.2001,LR Ahlen,MSV Duisburg,5300,Wersestadion,https://www.transfermarkt.de/spielbericht/index/spielbericht/19527
2001/02,18.12.2001,SSV Reutlingen 05,Eintracht Frankfurt,7000,Stadion an der Kreuzeiche,https://www.transfermarkt.de/spielbericht/index/spielbericht/19529
2001/02,19.12.2001,VfL Bochum,SpVgg Unterhaching,9361,Vonovia Ruhrstadion,https://www.transfermarkt.de/spielbericht/index/spielbericht/19530
2001/02,19.12.2001,1.FSV Mainz 05,Alemannia Aachen,8118,Stadion am Bruchweg,https://www.transfermarkt.de/spielbericht/index/spielbericht/19531
2001/02,19.12.2001,Rot,Weiß Oberhausen - SpVgg Greuther Fürth,2505,Stadion Niederrhein,https://www.transfermarkt.de/spielbericht/index/spielbericht/19532
2001/02,19.12.2001,SV Waldhof Mannheim,1.FC Saarbrücken,5000,Carl-Benz-Stadion,https://www.transfermarkt.de/spielbericht/index/spielbericht/19533
2001/02,19.12.2001,1.FC Schweinfurt 05,Karlsruher SC,5050,Riedel Bau Arena im Sachs-Stadion,https://www.transfermarkt.de/spielbericht/index/spielbericht/19534
2001/02,20.12.2001,Hannover 96,1.FC Union Berlin,15000,Heinz-von-Heiden-Arena,https://www.transfermarkt.de/spielbericht/index/spielbericht/19535
2001/02,25.01.2002,MSV Duisburg,SV Babelsberg 03,6200,MSV-Arena,https://www.transfermarkt.de/spielbericht/index/spielbericht/19536
2001/02,25.01.2002,1.FC Union Berlin,Rot-Weiß Oberhausen,7442,Stadion An der Alten Försterei,https://www.transfermarkt.de/spielbericht/index/spielbericht/19537
2001/02,25.01.2002,Karlsruher SC,VfL Bochum,8800,BBBank Wildpark,https://www.transfermarkt.de/spielbericht/index/spielbericht/19538
2001/02,26.01.2002,Arminia Bielefeld,SSV Reutlingen 05,10056,SchücoArena,https://www.transfermarkt.de/spielbericht/index/spielbericht/19539
2001/02,26.01.2002,SpVgg Greuther Fürth,LR Ahlen,5036,Sportpark Ronhof | Thomas Sommer,https://www.transfermarkt.de/spielbericht/index/spielbericht/19540
2001/02,27.01.2002,1.FC Saarbrücken,1.FC Schweinfurt 05,6500,Ludwigsparkstadion,https://www.transfermarkt.de/spielbericht/index/spielbericht/19541
2001/02,27.01.2002,Alemannia Aachen,Hannover 96,13512,Tivoli (alt),https://www.transfermarkt.de/spielbericht/index/spielbericht/19542
2001/02,27.01.2002,Eintracht Frankfurt,SV Waldhof Mannheim,15000,Deutsche Bank Park,https://www.transfermarkt.de/spielbericht/index/spielbericht/19543
2001/02,28.01.2002,SpVgg Unterhaching,1.FSV Mainz 05,4000,Uhlsport Park,https://www.transfermarkt.de/spielbericht/index/spielbericht/19544
2001/02,01.02.2002,SSV Reutlingen 05,MSV Duisburg,6100,Stadion an der Kreuzeiche,https://www.transfermarkt.de/spielbericht/index/spielbericht/19545
2001/02,01.02.2002,1.FC Schweinfurt 05,Eintracht Frankfurt,9802,Riedel Bau Arena im Sachs-Stadion,https://www.transfermarkt.de/spielbericht/index/spielbericht/19546
2001/02,01.02.2002,1.FC Saarbrücken,Karlsruher SC,8700,Ludwigsparkstadion,https://www.transfermarkt.de/spielbericht/index/spielbericht/19547
2001/02,02.02.2002,SV Babelsberg 03,SpVgg Greuther Fürth,3238,Karl-Liebknecht-Stadion,https://www.transfermarkt.de/spielbericht/index/spielbericht/19548
2001/02,02.02.2002,SV Waldhof Mannheim,Arminia Bielefeld,7000,Carl-Benz-Stadion,https://www.transfermarkt.de/spielbericht/index/spielbericht/19549
2001/02,03.02.2002,Hannover 96,SpVgg Unterhaching,26389,Heinz-von-Heiden-Arena,https://www.transfermarkt.de/spielbericht/index/spielbericht/19550
2001/02,03.02.2002,Rot,Weiß Oberhausen - Alemannia Aachen,5244,Stadion Niederrhein,https://www.transfermarkt.de/spielbericht/index/spielbericht/19551
2001/02,03.02.2002,LR Ahlen,1.FC Union Berlin,7815,Wersestadion,https://www.transfermarkt.de/spielbericht/index/spielbericht/19552
2001/02,03.02.2002,1.FSV Mainz 05,VfL Bochum,11300,Stadion am Bruchweg,https://www.transfermarkt.de/spielbericht/index/spielbericht/19553
2001/02,05.02.2002,Arminia Bielefeld,1.FC Schweinfurt 05,7479,SchücoArena,https://www.transfermarkt.de/spielbericht/index/spielbericht/19554
2001/02,05.02.2002,SpVgg Greuther Fürth,SSV Reutlingen 05,5425,Sportpark Ronhof | Thomas Sommer,https://www.transfermarkt.de/spielbericht/index/spielbericht/19555
2001/02,05.02.2002,Eintracht Frankfurt,1.FC Saarbrücken,11500,Deutsche Bank Park,https://www.transfermarkt.de/spielbericht/index/spielbericht/19556
2001/02,05.02.2002,MSV Duisburg,SV Waldhof Mannheim,5753,MSV-Arena,https://www.transfermarkt.de/spielbericht/index/spielbericht/19557
2001/02,06.02.2002,Alemannia Aachen,LR Ahlen,8458,Tivoli (alt),https://www.transfermarkt.de/spielbericht/index/spielbericht/19558
2001/02,06.02.2002,SpVgg Unterhaching,Rot-Weiß Oberhausen,2200,Uhlsport Park,https://www.transfermarkt.de/spielbericht/index/spielbericht/19559
2001/02,06.02.2002,VfL Bochum,Hannover 96,13042,Vonovia Ruhrstadion,https://www.transfermarkt.de/spielbericht/index/spielbericht/19560
2001/02,06.02.2002,Karlsruher SC,1.FSV Mainz 05,10200,BBBank Wildpark,https://www.transfermarkt.de/spielbericht/index/spielbericht/19561
2001/02,07.02.2002,1.FC Union Berlin,SV Babelsberg 03,9693,Stadion An der Alten Försterei,https://www.transfermarkt.de/spielbericht/index/spielbericht/19562
2001/02,08.02.2002,SV Waldhof Mannheim,SpVgg Greuther Fürth,5000,Carl-Benz-Stadion,https://www.transfermarkt.de/spielbericht/index/spielbericht/19563
2001/02,08.02.2002,1.FC Schweinfurt 05,MSV Duisburg,4350,Riedel Bau Arena im Sachs-Stadion,https://www.transfermarkt.de/spielbericht/index/spielbericht/19564
2001/02,08.02.2002,1.FC Saarbrücken,Arminia Bielefeld,6500,Ludwigsparkstadion,https://www.transfermarkt.de/spielbericht/index/spielbericht/19565
2001/02,09.02.2002,LR Ahlen,SpVgg Unterhaching,4225,Wersestadion,https://www.transfermarkt.de/spielbericht/index/spielbericht/19566
2001/02,09.02.2002,Eintracht Frankfurt,Karlsruher SC,13800,Deutsche Bank Park,https://www.transfermarkt.de/spielbericht/index/spielbericht/19567
2001/02,10.02.2002,SV Babelsberg 03,Alemannia Aachen,3100,Karl-Liebknecht-Stadion,https://www.transfermarkt.de/spielbericht/index/spielbericht/19568
2001/02,10.02.2002,SSV Reutlingen 05,1.FC Union Berlin,5262,Stadion an der Kreuzeiche,https://www.transfermarkt.de/spielbericht/index/spielbericht/19569
2001/02,10.02.2002,Rot,Weiß Oberhausen - VfL Bochum,7276,Stadion Niederrhein,https://www.transfermarkt.de/spielbericht/index/spielbericht/19570
2001/02,11.02.2002,Hannover 96,1.FSV Mainz 05,20151,Heinz-von-Heiden-Arena,https://www.transfermarkt.de/spielbericht/index/spielbericht/19571
2001/02,15.02.2002,SpVgg Greuther Fürth,1.FC Schweinfurt 05,9331,Sportpark Ronhof | Thomas Sommer,https://www.transfermarkt.de/spielbericht/index/spielbericht/19572
2001/02,15.02.2002,SpVgg Unterhaching,SV Babelsberg 03,2000,Uhlsport Park,https://www.transfermarkt.de/spielbericht/index/spielbericht/19573
2001/02,15.02.2002,1.FC Union Berlin,SV Waldhof Mannheim,7874,Stadion An der Alten Försterei,https://www.transfermarkt.de/spielbericht/index/spielbericht/19574
2001/02,16.02.2002,Alemannia Aachen,SSV Reutlingen 05,8894,Tivoli (alt),https://www.transfermarkt.de/spielbericht/index/spielbericht/19575
2001/02,16.02.2002,1.FSV Mainz 05,Rot-Weiß Oberhausen,8652,Stadion am Bruchweg,https://www.transfermarkt.de/spielbericht/index/spielbericht/19576
2001/02,17.02.2002,VfL Bochum,LR Ahlen,10399,Vonovia Ruhrstadion,https://www.transfermarkt.de/spielbericht/index/spielbericht/19577
2001/02,17.02.2002,Karlsruher SC,Hannover 96,12100,BBBank Wildpark,https://www.transfermarkt.de/spielbericht/index/spielbericht/19578
2001/02,17.02.2002,MSV Duisburg,1.FC Saarbrücken,8382,MSV-Arena,https://www.transfermarkt.de/spielbericht/index/spielbericht/19579
2001/02,18.02.2002,Arminia Bielefeld,Eintracht Frankfurt,10818,SchücoArena,https://www.transfermarkt.de/spielbericht/index/spielbericht/19580
2001/02,22.02.2002,SV Waldhof Mannheim,Alemannia Aachen,4200,Carl-Benz-Stadion,https://www.transfermarkt.de/spielbericht/index/spielbericht/19581
2001/02,22.02.2002,1.FC Saarbrücken,SpVgg Greuther Fürth,3000,Ludwigsparkstadion,https://www.transfermarkt.de/spielbericht/index/spielbericht/19582
2001/02,23.02.2002,1.FC Schweinfurt 05,1.FC Union Berlin,3152,Riedel Bau Arena im Sachs-Stadion,https://www.transfermarkt.de/spielbericht/index/spielbericht/19583
2001/02,23.02.2002,Arminia Bielefeld,Karlsruher SC,10234,SchücoArena,https://www.transfermarkt.de/spielbericht/index/spielbericht/19584
2001/02,24.02.2002,SV Babelsberg 03,VfL Bochum,3640,Karl-Liebknecht-Stadion,https://www.transfermarkt.de/spielbericht/index/spielbericht/19587
2001/02,24.02.2002,SSV Reutlingen 05,SpVgg Unterhaching,5095,Stadion an der Kreuzeiche,https://www.transfermarkt.de/spielbericht/index/spielbericht/19585
2001/02,24.02.2002,Eintracht Frankfurt,MSV Duisburg,10700,Deutsche Bank Park,https://www.transfermarkt.de/spielbericht/index/spielbericht/19586
2001/02,25.02.2002,LR Ahlen,1.FSV Mainz 05,3915,Wersestadion,https://www.transfermarkt.de/spielbericht/index/spielbericht/19588
2001/02,20.03.2002,Rot,Weiß Oberhausen - Hannover 96,6445,Stadion Niederrhein,https://www.transfermarkt.de/spielbericht/index/spielbericht/19589
2001/02,01.03.2002,1.FSV Mainz 05,SV Babelsberg 03,9305,Stadion am Bruchweg,https://www.transfermarkt.de/spielbericht/index/spielbericht/19590
2001/02,01.03.2002,MSV Duisburg,Arminia Bielefeld,7221,MSV-Arena,https://www.transfermarkt.de/spielbericht/index/spielbericht/19591
2001/02,01.03.2002,1.FC Union Berlin,1.FC Saarbrücken,7151,Stadion An der Alten Försterei,https://www.transfermarkt.de/spielbericht/index/spielbericht/19592
2001/02,02.03.2002,Alemannia Aachen,1.FC Schweinfurt 05,8898,Tivoli (alt),https://www.transfermarkt.de/spielbericht/index/spielbericht/19593
2001/02,03.03.2002,Karlsruher SC,Rot-Weiß Oberhausen,16000,BBBank Wildpark,https://www.transfermarkt.de/spielbericht/index/spielbericht/19594
2001/02,03.03.2002,SpVgg Greuther Fürth,Eintracht Frankfurt,11500,Sportpark Ronhof | Thomas Sommer,https://www.transfermarkt.de/spielbericht/index/spielbericht/19595
2001/02,03.03.2002,SpVgg Unterhaching,SV Waldhof Mannheim,3500,Uhlsport Park,https://www.transfermarkt.de/spielbericht/index/spielbericht/19596
2001/02,04.03.2002,Hannover 96,LR Ahlen,11552,Heinz-von-Heiden-Arena,https://www.transfermarkt.de/spielbericht/index/spielbericht/19597
2001/02,20.03.2002,VfL Bochum,SSV Reutlingen 05,11017,Vonovia Ruhrstadion,https://www.transfermarkt.de/spielbericht/index/spielbericht/19598
2001/02,08.03.2002,1.FC Schweinfurt 05,SpVgg Unterhaching,4052,Riedel Bau Arena im Sachs-Stadion,https://www.transfermarkt.de/spielbericht/index/spielbericht/19599
2001/02,08.03.2002,SV Waldhof Mannheim,VfL Bochum,5100,Carl-Benz-Stadion,https://www.transfermarkt.de/spielbericht/index/spielbericht/19600
2001/02,08.03.2002,MSV Duisburg,Karlsruher SC,7500,MSV-Arena,https://www.transfermarkt.de/spielbericht/index/spielbericht/19601
2001/02,09.03.2002,SV Babelsberg 03,Hannover 96,5924,Karl-Liebknecht-Stadion,https://www.transfermarkt.de/spielbericht/index/spielbericht/19602
2001/02,09.03.2002,SSV Reutlingen 05,1.FSV Mainz 05,5697,Stadion an der Kreuzeiche,https://www.transfermarkt.de/spielbericht/index/spielbericht/19603
2001/02,10.03.2002,1.FC Saarbrücken,Alemannia Aachen,2800,Ludwigsparkstadion,https://www.transfermarkt.de/spielbericht/index/spielbericht/19604
2001/02,10.03.2002,Eintracht Frankfurt,1.FC Union Berlin,16400,Deutsche Bank Park,https://www.transfermarkt.de/spielbericht/index/spielbericht/19605
2001/02,10.03.2002,LR Ahlen,Rot-Weiß Oberhausen,6400,Wersestadion,https://www.transfermarkt.de/spielbericht/index/spielbericht/19606
2001/02,11.03.2002,Arminia Bielefeld,SpVgg Greuther Fürth,13162,SchücoArena,https://www.transfermarkt.de/spielbericht/index/spielbericht/19607
2001/02,15.03.2002,VfL Bochum,1.FC Schweinfurt 05,11256,Vonovia Ruhrstadion,https://www.transfermarkt.de/spielbericht/index/spielbericht/19608
2001/02,15.03.2002,Hannover 96,SSV Reutlingen 05,19360,Heinz-von-Heiden-Arena,https://www.transfermarkt.de/spielbericht/index/spielbericht/19609
2001/02,15.03.2002,Alemannia Aachen,Eintracht Frankfurt,10781,Tivoli (alt),https://www.transfermarkt.de/spielbericht/index/spielbericht/19610
2001/02,16.03.2002,Karlsruher SC,LR Ahlen,7800,BBBank Wildpark,https://www.transfermarkt.de/spielbericht/index/spielbericht/19611
2001/02,16.03.2002,SpVgg Unterhaching,1.FC Saarbrücken,3000,Uhlsport Park,https://www.transfermarkt.de/spielbericht/index/spielbericht/19612
2001/02,17.03.2002,Rot,Weiß Oberhausen - SV Babelsberg 03,4192,Stadion Niederrhein,https://www.transfermarkt.de/spielbericht/index/spielbericht/19613
2001/02,17.03.2002,SpVgg Greuther Fürth,MSV Duisburg,7600,Sportpark Ronhof | Thomas Sommer,https://www.transfermarkt.de/spielbericht/index/spielbericht/19614
2001/02,17.03.2002,1.FC Union Berlin,Arminia Bielefeld,14224,Stadion An der Alten Försterei,https://www.transfermarkt.de/spielbericht/index/spielbericht/19615
2001/02,18.03.2002,1.FSV Mainz 05,SV Waldhof Mannheim,8900,Stadion am Bruchweg,https://www.transfermarkt.de/spielbericht/index/spielbericht/19616
2001/02,22.03.2002,Arminia Bielefeld,Alemannia Aachen,12184,SchücoArena,https://www.transfermarkt.de/spielbericht/index/spielbericht/19617
2001/02,22.03.2002,1.FC Schweinfurt 05,1.FSV Mainz 05,4720,Riedel Bau Arena im Sachs-Stadion,https://www.transfermarkt.de/spielbericht/index/spielbericht/19618
2001/02,22.03.2002,SpVgg Greuther Fürth,Karlsruher SC,6500,Sportpark Ronhof | Thomas Sommer,https://www.transfermarkt.de/spielbericht/index/spielbericht/19619
2001/02,23.03.2002,Eintracht Frankfurt,SpVgg Unterhaching,10500,Deutsche Bank Park,https://www.transfermarkt.de/spielbericht/index/spielbericht/19620
2001/02,23.03.2002,SV Babelsberg 03,LR Ahlen,2317,Karl-Liebknecht-Stadion,https://www.transfermarkt.de/spielbericht/index/spielbericht/19621
2001/02,24.03.2002,MSV Duisburg,1.FC Union Berlin,8000,MSV-Arena,https://www.transfermarkt.de/spielbericht/index/spielbericht/19622
2001/02,24.03.2002,SSV Reutlingen 05,Rot-Weiß Oberhausen,4910,Stadion an der Kreuzeiche,https://www.transfermarkt.de/spielbericht/index/spielbericht/19623
2001/02,24.03.2002,1.FC Saarbrücken,VfL Bochum,2000,Ludwigsparkstadion,https://www.transfermarkt.de/spielbericht/index/spielbericht/19624
2001/02,25.03.2002,SV Waldhof Mannheim,Hannover 96,6020,Carl-Benz-Stadion,https://www.transfermarkt.de/spielbericht/index/spielbericht/19625
2001/02,28.03.2002,1.FC Union Berlin,SpVgg Greuther Fürth,12395,Stadion An der Alten Försterei,https://www.transfermarkt.de/spielbericht/index/spielbericht/19626
2001/02,28.03.2002,Alemannia Aachen,MSV Duisburg,13300,Tivoli (alt),https://www.transfermarkt.de/spielbericht/index/spielbericht/19627
2001/02,28.03.2002,1.FSV Mainz 05,1.FC Saarbrücken,13500,Stadion am Bruchweg,https://www.transfermarkt.de/spielbericht/index/spielbericht/19628
2001/02,30.03.2002,Hannover 96,1.FC Schweinfurt 05,41519,Heinz-von-Heiden-Arena,https://www.transfermarkt.de/spielbericht/index/spielbericht/19629
2001/02,30.03.2002,Karlsruher SC,SV Babelsberg 03,10400,BBBank Wildpark,https://www.transfermarkt.de/spielbericht/index/spielbericht/19630
2001/02,31.03.2002,LR Ahlen,SSV Reutlingen 05,4500,Wersestadion,https://www.transfermarkt.de/spielbericht/index/spielbericht/19631
2001/02,31.03.2002,SpVgg Unterhaching,Arminia Bielefeld,5000,Uhlsport Park,https://www.transfermarkt.de/spielbericht/index/spielbericht/19632
2001/02,31.03.2002,Rot,Weiß Oberhausen - SV Waldhof Mannheim,4770,Stadion Niederrhein,https://www.transfermarkt.de/spielbericht/index/spielbericht/19633
2001/02,01.04.2002,VfL Bochum,Eintracht Frankfurt,17506,Vonovia Ruhrstadion,https://www.transfermarkt.de/spielbericht/index/spielbericht/19634
2001/02,05.04.2002,1.FC Schweinfurt 05,Rot-Weiß Oberhausen,3710,Riedel Bau Arena im Sachs-Stadion,https://www.transfermarkt.de/spielbericht/index/spielbericht/19635
2001/02,05.04.2002,1.FC Saarbrücken,Hannover 96,2300,Ludwigsparkstadion,https://www.transfermarkt.de/spielbericht/index/spielbericht/19636
2001/02,05.04.2002,1.FC Union Berlin,Karlsruher SC,9840,Stadion An der Alten Försterei,https://www.transfermarkt.de/spielbericht/index/spielbericht/19637
2001/02,06.04.2002,SpVgg Greuther Fürth,Alemannia Aachen,6116,Sportpark Ronhof | Thomas Sommer,https://www.transfermarkt.de/spielbericht/index/spielbericht/19638
2001/02,06.04.2002,SV Waldhof Mannheim,LR Ahlen,4400,Carl-Benz-Stadion,https://www.transfermarkt.de/spielbericht/index/spielbericht/19639
2001/02,07.04.2002,MSV Duisburg,SpVgg Unterhaching,6000,MSV-Arena,https://www.transfermarkt.de/spielbericht/index/spielbericht/19640
2001/02,07.04.2002,SSV Reutlingen 05,SV Babelsberg 03,6000,Stadion an der Kreuzeiche,https://www.transfermarkt.de/spielbericht/index/spielbericht/19641
2001/02,07.04.2002,Arminia Bielefeld,VfL Bochum,26601,SchücoArena,https://www.transfermarkt.de/spielbericht/index/spielbericht/19642
2001/02,08.04.2002,Eintracht Frankfurt,1.FSV Mainz 05,21500,Deutsche Bank Park,https://www.transfermarkt.de/spielbericht/index/spielbericht/19643
2001/02,12.04.2002,Karlsruher SC,SSV Reutlingen 05,12500,BBBank Wildpark,https://www.transfermarkt.de/spielbericht/index/spielbericht/19644
2001/02,12.04.2002,VfL Bochum,MSV Duisburg,15700,Vonovia Ruhrstadion,https://www.transfermarkt.de/spielbericht/index/spielbericht/19645
2001/02,12.04.2002,SV Babelsberg 03,SV Waldhof Mannheim,3264,Karl-Liebknecht-Stadion,https://www.transfermarkt.de/spielbericht/index/spielbericht/19646
2001/02,13.04.2002,LR Ahlen,1.FC Schweinfurt 05,3130,Wersestadion,https://www.transfermarkt.de/spielbericht/index/spielbericht/19647
2001/02,13.04.2002,Hannover 96,Eintracht Frankfurt,25000,Heinz-von-Heiden-Arena,https://www.transfermarkt.de/spielbericht/index/spielbericht/19648
2001/02,14.04.2002,Alemannia Aachen,1.FC Union Berlin,9594,Tivoli (alt),https://www.transfermarkt.de/spielbericht/index/spielbericht/19649
2001/02,14.04.2002,SpVgg Unterhaching,SpVgg Greuther Fürth,8600,Uhlsport Park,https://www.transfermarkt.de/spielbericht/index/spielbericht/19650
2001/02,14.04.2002,Rot,Weiß Oberhausen - 1.FC Saarbrücken,4276,Stadion Niederrhein,https://www.transfermarkt.de/spielbericht/index/spielbericht/19651
2001/02,15.04.2002,1.FSV Mainz 05,Arminia Bielefeld,14700,Stadion am Bruchweg,https://www.transfermarkt.de/spielbericht/index/spielbericht/19652
2001/02,19.04.2002,1.FC Union Berlin,SpVgg Unterhaching,5886,Stadion An der Alten Försterei,https://www.transfermarkt.de/spielbericht/index/spielbericht/19653
2001/02,19.04.2002,Eintracht Frankfurt,Rot-Weiß Oberhausen,9500,Deutsche Bank Park,https://www.transfermarkt.de/spielbericht/index/spielbericht/19654
2001/02,19.04.2002,SpVgg Greuther Fürth,VfL Bochum,11026,Sportpark Ronhof | Thomas Sommer,https://www.transfermarkt.de/spielbericht/index/spielbericht/19655
2001/02,20.04.2002,Karlsruher SC,Alemannia Aachen,11500,BBBank Wildpark,https://www.transfermarkt.de/spielbericht/index/spielbericht/19656
2001/02,20.04.2002,1.FC Schweinfurt 05,SV Babelsberg 03,2740,Riedel Bau Arena im Sachs-Stadion,https://www.transfermarkt.de/spielbericht/index/spielbericht/19657
2001/02,21.04.2002,1.FC Saarbrücken,LR Ahlen,1200,Ludwigsparkstadion,https://www.transfermarkt.de/spielbericht/index/spielbericht/19658
2001/02,21.04.2002,MSV Duisburg,1.FSV Mainz 05,9544,MSV-Arena,https://www.transfermarkt.de/spielbericht/index/spielbericht/19659
2001/02,21.04.2002,SSV Reutlingen 05,SV Waldhof Mannheim,6714,Stadion an der Kreuzeiche,https://www.transfermarkt.de/spielbericht/index/spielbericht/19660
2001/02,22.04.2002,Arminia Bielefeld,Hannover 96,20345,SchücoArena,https://www.transfermarkt.de/spielbericht/index/spielbericht/19661
2001/02,28.04.2002,VfL Bochum,1.FC Union Berlin,17523,Vonovia Ruhrstadion,https://www.transfermarkt.de/spielbericht/index/spielbericht/19662
2001/02,28.04.2002,1.FSV Mainz 05,SpVgg Greuther Fürth,15500,Stadion am Bruchweg,https://www.transfermarkt.de/spielbericht/index/spielbericht/19663
2001/02,28.04.2002,Hannover 96,MSV Duisburg,18377,Heinz-von-Heiden-Arena,https://www.transfermarkt.de/spielbericht/index/spielbericht/19664
2001/02,28.04.2002,Rot,Weiß Oberhausen - Arminia Bielefeld,8417,Stadion Niederrhein,https://www.transfermarkt.de/spielbericht/index/spielbericht/19665
2001/02,28.04.2002,LR Ahlen,Eintracht Frankfurt,5547,Wersestadion,https://www.transfermarkt.de/spielbericht/index/spielbericht/19666
2001/02,28.04.2002,SV Babelsberg 03,1.FC Saarbrücken,2696,Karl-Liebknecht-Stadion,https://www.transfermarkt.de/spielbericht/index/spielbericht/19667
2001/02,28.04.2002,SV Waldhof Mannheim,Karlsruher SC,8350,Carl-Benz-Stadion,https://www.transfermarkt.de/spielbericht/index/spielbericht/19668
2001/02,28.04.2002,SpVgg Unterhaching,Alemannia Aachen,7200,Uhlsport Park,https://www.transfermarkt.de/spielbericht/index/spielbericht/19669
2001/02,28.04.2002,SSV Reutlingen 05,1.FC Schweinfurt 05,5500,Stadion an der Kreuzeiche,https://www.transfermarkt.de/spielbericht/index/spielbericht/19670
2001/02,05.05.2002,Eintracht Frankfurt,SV Babelsberg 03,8500,Deutsche Bank Park,https://www.transfermarkt.de/spielbericht/index/spielbericht/19671
2001/02,05.05.2002,Arminia Bielefeld,LR Ahlen,26601,SchücoArena,https://www.transfermarkt.de/spielbericht/index/spielbericht/19672
2001/02,05.05.2002,MSV Duisburg,Rot-Weiß Oberhausen,8200,MSV-Arena,https://www.transfermarkt.de/spielbericht/index/spielbericht/19673
2001/02,05.05.2002,SpVgg Greuther Fürth,Hannover 96,9130,Sportpark Ronhof | Thomas Sommer,https://www.transfermarkt.de/spielbericht/index/spielbericht/19674
2001/02,05.05.2002,1.FC Union Berlin,1.FSV Mainz 05,14000,Stadion An der Alten Försterei,https://www.transfermarkt.de/spielbericht/index/spielbericht/19675
2001/02,05.05.2002,Alemannia Aachen,VfL Bochum,16631,Tivoli (alt),https://www.transfermarkt.de/spielbericht/index/spielbericht/19676
2001/02,05.05.2002,1.FC Schweinfurt 05,SV Waldhof Mannheim,2130,Riedel Bau Arena im Sachs-Stadion,https://www.transfermarkt.de/spielbericht/index/spielbericht/19677
2001/02,05.05.2002,Karlsruher SC,SpVgg Unterhaching,14500,BBBank Wildpark,https://www.transfermarkt.de/spielbericht/index/spielbericht/19678
2001/02,05.05.2002,1.FC Saarbrücken,SSV Reutlingen 05,1500,Ludwigsparkstadion,https://www.transfermarkt.de/spielbericht/index/spielbericht/19679
2002/03,10.08.2002,1.FC Union Berlin,1.FSV Mainz 05,8461,Stadion An der Alten Försterei,https://www.transfermarkt.de/spielbericht/index/spielbericht/19706
2002/03,10.08.2002,MSV Duisburg,SpVgg Greuther Fürth,8075,MSV-Arena,https://www.transfermarkt.de/spielbericht/index/spielbericht/19707
2002/03,10.08.2002,SV Eintracht Trier 05,SV Wacker Burghausen,6200,Moselstadion,https://www.transfermarkt.de/spielbericht/index/spielbericht/19708
2002/03,11.08.2002,Eintracht Frankfurt,FC St. Pauli,20000,Deutsche Bank Park,https://www.transfermarkt.de/spielbericht/index/spielbericht/19709
2002/03,11.08.2002,Eintracht Braunschweig,SV Waldhof Mannheim,21360,EINTRACHT-Stadion,https://www.transfermarkt.de/spielbericht/index/spielbericht/19710
2002/03,11.08.2002,VfB Lübeck,Rot-Weiß Oberhausen,8000,Stadion an der Lohmühle,https://www.transfermarkt.de/spielbericht/index/spielbericht/19711
2002/03,11.08.2002,LR Ahlen,SSV Reutlingen 05,5600,Wersestadion,https://www.transfermarkt.de/spielbericht/index/spielbericht/19712
2002/03,11.08.2002,Alemannia Aachen,SC Freiburg,13105,Tivoli (alt),https://www.transfermarkt.de/spielbericht/index/spielbericht/19713
2002/03,12.08.2002,Karlsruher SC,1.FC Köln,20500,BBBank Wildpark,https://www.transfermarkt.de/spielbericht/index/spielbericht/19714
2002/03,16.08.2002,SpVgg Greuther Fürth,Alemannia Aachen,6100,Sportpark Ronhof | Thomas Sommer,https://www.transfermarkt.de/spielbericht/index/spielbericht/19756
2002/03,16.08.2002,SV Waldhof Mannheim,1.FC Union Berlin,8900,Carl-Benz-Stadion,https://www.transfermarkt.de/spielbericht/index/spielbericht/19757
2002/03,16.08.2002,1.FC Köln,MSV Duisburg,27000,RheinEnergieSTADION,https://www.transfermarkt.de/spielbericht/index/spielbericht/19758
2002/03,18.08.2002,SV Wacker Burghausen,Karlsruher SC,5900,Wacker-Arena,https://www.transfermarkt.de/spielbericht/index/spielbericht/19759
2002/03,18.08.2002,FC St. Pauli,LR Ahlen,18735,Millerntor-Stadion,https://www.transfermarkt.de/spielbericht/index/spielbericht/19760
2002/03,18.08.2002,SSV Reutlingen 05,VfB Lübeck,5300,Stadion an der Kreuzeiche,https://www.transfermarkt.de/spielbericht/index/spielbericht/19761
2002/03,18.08.2002,Rot,Weiß Oberhausen - Eintracht Braunschweig,4784,Stadion Niederrhein,https://www.transfermarkt.de/spielbericht/index/spielbericht/19762
2002/03,19.08.2002,SC Freiburg,Eintracht Frankfurt,22500,Dreisamstadion,https://www.transfermarkt.de/spielbericht/index/spielbericht/19763
2002/03,18.09.2002,1.FSV Mainz 05,SV Eintracht Trier 05,10000,Stadion am Bruchweg,https://www.transfermarkt.de/spielbericht/index/spielbericht/19764
2002/03,23.08.2002,VfB Lübeck,FC St. Pauli,17869,Stadion an der Lohmühle,https://www.transfermarkt.de/spielbericht/index/spielbericht/19795
2002/03,23.08.2002,Eintracht Frankfurt,SpVgg Greuther Fürth,20000,Deutsche Bank Park,https://www.transfermarkt.de/spielbericht/index/spielbericht/19796
2002/03,23.08.2002,SV Eintracht Trier 05,Karlsruher SC,7700,Moselstadion,https://www.transfermarkt.de/spielbericht/index/spielbericht/19797
2002/03,25.08.2002,1.FC Union Berlin,Rot-Weiß Oberhausen,8187,Stadion An der Alten Försterei,https://www.transfermarkt.de/spielbericht/index/spielbericht/19798
2002/03,25.08.2002,Eintracht Braunschweig,SSV Reutlingen 05,14595,EINTRACHT-Stadion,https://www.transfermarkt.de/spielbericht/index/spielbericht/19799
2002/03,25.08.2002,LR Ahlen,SC Freiburg,7600,Wersestadion,https://www.transfermarkt.de/spielbericht/index/spielbericht/19800
2002/03,25.08.2002,MSV Duisburg,SV Wacker Burghausen,8000,MSV-Arena,https://www.transfermarkt.de/spielbericht/index/spielbericht/19801
2002/03,25.08.2002,1.FSV Mainz 05,SV Waldhof Mannheim,13200,Stadion am Bruchweg,https://www.transfermarkt.de/spielbericht/index/spielbericht/19802
2002/03,26.08.2002,Alemannia Aachen,1.FC Köln,20800,Tivoli (alt),https://www.transfermarkt.de/spielbericht/index/spielbericht/19803
2002/03,10.09.2002,SV Wacker Burghausen,Alemannia Aachen,3200,Wacker-Arena,https://www.transfermarkt.de/spielbericht/index/spielbericht/19831
2002/03,10.09.2002,SpVgg Greuther Fürth,LR Ahlen,4764,Sportpark Ronhof | Thomas Sommer,https://www.transfermarkt.de/spielbericht/index/spielbericht/19832
2002/03,10.09.2002,SV Waldhof Mannheim,SV Eintracht Trier 05,4850,Carl-Benz-Stadion,https://www.transfermarkt.de/spielbericht/index/spielbericht/19833
2002/03,10.09.2002,Karlsruher SC,MSV Duisburg,7600,BBBank Wildpark,https://www.transfermarkt.de/spielbericht/index/spielbericht/19834
2002/03,10.09.2002,1.FC Köln,Eintracht Frankfurt,28500,RheinEnergieSTADION,https://www.transfermarkt.de/spielbericht/index/spielbericht/19835
2002/03,11.09.2002,SC Freiburg,VfB Lübeck,19500,Dreisamstadion,https://www.transfermarkt.de/spielbericht/index/spielbericht/19837
2002/03,11.09.2002,FC St. Pauli,Eintracht Braunschweig,20629,Millerntor-Stadion,https://www.transfermarkt.de/spielbericht/index/spielbericht/19838
2002/03,11.09.2002,SSV Reutlingen 05,1.FC Union Berlin,5695,Stadion an der Kreuzeiche,https://www.transfermarkt.de/spielbericht/index/spielbericht/19839
2002/03,11.09.2002,Rot,Weiß Oberhausen - 1.FSV Mainz 05,3617,Stadion Niederrhein,https://www.transfermarkt.de/spielbericht/index/spielbericht/19840
2002/03,13.09.2002,LR Ahlen,1.FC Köln,11000,Wersestadion,https://www.transfermarkt.de/spielbericht/index/spielbericht/19871
2002/03,13.09.2002,Alemannia Aachen,Karlsruher SC,9555,Tivoli (alt),https://www.transfermarkt.de/spielbericht/index/spielbericht/19872
2002/03,13.09.2002,SV Eintracht Trier 05,MSV Duisburg,7650,Moselstadion,https://www.transfermarkt.de/spielbericht/index/spielbericht/19873
2002/03,15.09.2002,1.FC Union Berlin,FC St. Pauli,15011,Stadion An der Alten Försterei,https://www.transfermarkt.de/spielbericht/index/spielbericht/19874
2002/03,15.09.2002,VfB Lübeck,SpVgg Greuther Fürth,6900,Stadion an der Lohmühle,https://www.transfermarkt.de/spielbericht/index/spielbericht/19875
2002/03,15.09.2002,Eintracht Frankfurt,SV Wacker Burghausen,13600,Deutsche Bank Park,https://www.transfermarkt.de/spielbericht/index/spielbericht/19876
2002/03,15.09.2002,SV Waldhof Mannheim,Rot-Weiß Oberhausen,4050,Carl-Benz-Stadion,https://www.transfermarkt.de/spielbericht/index/spielbericht/19877
2002/03,15.09.2002,1.FSV Mainz 05,SSV Reutlingen 05,9800,Stadion am Bruchweg,https://www.transfermarkt.de/spielbericht/index/spielbericht/19878
2002/03,16.09.2002,Eintracht Braunschweig,SC Freiburg,12185,EINTRACHT-Stadion,https://www.transfermarkt.de/spielbericht/index/spielbericht/19879
2002/03,20.09.2002,SV Wacker Burghausen,LR Ahlen,2750,Wacker-Arena,https://www.transfermarkt.de/spielbericht/index/spielbericht/19909
2002/03,20.09.2002,SSV Reutlingen 05,SV Waldhof Mannheim,6216,Stadion an der Kreuzeiche,https://www.transfermarkt.de/spielbericht/index/spielbericht/19910
2002/03,20.09.2002,MSV Duisburg,Alemannia Aachen,7000,MSV-Arena,https://www.transfermarkt.de/spielbericht/index/spielbericht/19911
2002/03,22.09.2002,SpVgg Greuther Fürth,Eintracht Braunschweig,6053,Sportpark Ronhof | Thomas Sommer,https://www.transfermarkt.de/spielbericht/index/spielbericht/19912
2002/03,22.09.2002,SC Freiburg,1.FC Union Berlin,22000,Dreisamstadion,https://www.transfermarkt.de/spielbericht/index/spielbericht/19913
2002/03,22.09.2002,FC St. Pauli,1.FSV Mainz 05,16859,Millerntor-Stadion,https://www.transfermarkt.de/spielbericht/index/spielbericht/19914
2002/03,22.09.2002,Rot,Weiß Oberhausen - SV Eintracht Trier 05,3685,Stadion Niederrhein,https://www.transfermarkt.de/spielbericht/index/spielbericht/19915
2002/03,22.09.2002,1.FC Köln,VfB Lübeck,24500,RheinEnergieSTADION,https://www.transfermarkt.de/spielbericht/index/spielbericht/19916
2002/03,23.09.2002,Karlsruher SC,Eintracht Frankfurt,8500,BBBank Wildpark,https://www.transfermarkt.de/spielbericht/index/spielbericht/19917
2002/03,27.09.2002,1.FC Union Berlin,SpVgg Greuther Fürth,7115,Stadion An der Alten Försterei,https://www.transfermarkt.de/spielbericht/index/spielbericht/19947
2002/03,27.09.2002,Eintracht Braunschweig,1.FC Köln,17008,EINTRACHT-Stadion,https://www.transfermarkt.de/spielbericht/index/spielbericht/19948
2002/03,27.09.2002,SV Waldhof Mannheim,FC St. Pauli,5600,Carl-Benz-Stadion,https://www.transfermarkt.de/spielbericht/index/spielbericht/19949
2002/03,29.09.2002,VfB Lübeck,SV Wacker Burghausen,6300,Stadion an der Lohmühle,https://www.transfermarkt.de/spielbericht/index/spielbericht/19950
2002/03,29.09.2002,LR Ahlen,Karlsruher SC,3802,Wersestadion,https://www.transfermarkt.de/spielbericht/index/spielbericht/19951
2002/03,29.09.2002,Eintracht Frankfurt,MSV Duisburg,14200,Deutsche Bank Park,https://www.transfermarkt.de/spielbericht/index/spielbericht/19952
2002/03,29.09.2002,Rot,Weiß Oberhausen - SSV Reutlingen 05,4654,Stadion Niederrhein,https://www.transfermarkt.de/spielbericht/index/spielbericht/19953
2002/03,29.09.2002,SV Eintracht Trier 05,Alemannia Aachen,7920,Moselstadion,https://www.transfermarkt.de/spielbericht/index/spielbericht/19954
2002/03,30.09.2002,1.FSV Mainz 05,SC Freiburg,16012,Stadion am Bruchweg,https://www.transfermarkt.de/spielbericht/index/spielbericht/19955
2002/03,04.10.2002,SV Wacker Burghausen,Eintracht Braunschweig,3900,Wacker-Arena,https://www.transfermarkt.de/spielbericht/index/spielbericht/19985
2002/03,04.10.2002,SC Freiburg,SV Waldhof Mannheim,22000,Dreisamstadion,https://www.transfermarkt.de/spielbericht/index/spielbericht/19986
2002/03,04.10.2002,FC St. Pauli,Rot-Weiß Oberhausen,19322,Millerntor-Stadion,https://www.transfermarkt.de/spielbericht/index/spielbericht/19987
2002/03,06.10.2002,SpVgg Greuther Fürth,1.FSV Mainz 05,5884,Sportpark Ronhof | Thomas Sommer,https://www.transfermarkt.de/spielbericht/index/spielbericht/19988
2002/03,06.10.2002,SSV Reutlingen 05,SV Eintracht Trier 05,5620,Stadion an der Kreuzeiche,https://www.transfermarkt.de/spielbericht/index/spielbericht/19989
2002/03,06.10.2002,Alemannia Aachen,Eintracht Frankfurt,11004,Tivoli (alt),https://www.transfermarkt.de/spielbericht/index/spielbericht/19990
2002/03,06.10.2002,MSV Duisburg,LR Ahlen,4800,MSV-Arena,https://www.transfermarkt.de/spielbericht/index/spielbericht/19991
2002/03,06.10.2002,Karlsruher SC,VfB Lübeck,8100,BBBank Wildpark,https://www.transfermarkt.de/spielbericht/index/spielbericht/19992
2002/03,07.10.2002,1.FC Köln,1.FC Union Berlin,21500,RheinEnergieSTADION,https://www.transfermarkt.de/spielbericht/index/spielbericht/19993
2002/03,18.10.2002,VfB Lübeck,MSV Duisburg,7500,Stadion an der Lohmühle,https://www.transfermarkt.de/spielbericht/index/spielbericht/20023
2002/03,18.10.2002,LR Ahlen,Alemannia Aachen,4851,Wersestadion,https://www.transfermarkt.de/spielbericht/index/spielbericht/20024
2002/03,18.10.2002,SV Eintracht Trier 05,Eintracht Frankfurt,11200,Moselstadion,https://www.transfermarkt.de/spielbericht/index/spielbericht/20025
2002/03,20.10.2002,1.FC Union Berlin,SV Wacker Burghausen,7064,Stadion An der Alten Försterei,https://www.transfermarkt.de/spielbericht/index/spielbericht/20026
2002/03,20.10.2002,Eintracht Braunschweig,Karlsruher SC,14277,EINTRACHT-Stadion,https://www.transfermarkt.de/spielbericht/index/spielbericht/20027
2002/03,20.10.2002,SSV Reutlingen 05,FC St. Pauli,8171,Stadion an der Kreuzeiche,https://www.transfermarkt.de/spielbericht/index/spielbericht/20028
2002/03,20.10.2002,Rot,Weiß Oberhausen - SC Freiburg,7439,Stadion Niederrhein,https://www.transfermarkt.de/spielbericht/index/spielbericht/20029
2002/03,20.10.2002,SV Waldhof Mannheim,SpVgg Greuther Fürth,3900,Carl-Benz-Stadion,https://www.transfermarkt.de/spielbericht/index/spielbericht/20030
2002/03,21.10.2002,1.FSV Mainz 05,1.FC Köln,17500,Stadion am Bruchweg,https://www.transfermarkt.de/spielbericht/index/spielbericht/20031
2002/03,25.10.2002,SV Wacker Burghausen,1.FSV Mainz 05,5700,Wacker-Arena,https://www.transfermarkt.de/spielbericht/index/spielbericht/20061
2002/03,25.10.2002,Alemannia Aachen,VfB Lübeck,9000,Tivoli (alt),https://www.transfermarkt.de/spielbericht/index/spielbericht/20062
2002/03,25.10.2002,1.FC Köln,SV Waldhof Mannheim,25000,RheinEnergieSTADION,https://www.transfermarkt.de/spielbericht/index/spielbericht/20063
2002/03,27.10.2002,SpVgg Greuther Fürth,Rot-Weiß Oberhausen,5682,Sportpark Ronhof | Thomas Sommer,https://www.transfermarkt.de/spielbericht/index/spielbericht/20064
2002/03,27.10.2002,SC Freiburg,SSV Reutlingen 05,21000,Dreisamstadion,https://www.transfermarkt.de/spielbericht/index/spielbericht/20065
2002/03,27.10.2002,FC St. Pauli,SV Eintracht Trier 05,17321,Millerntor-Stadion,https://www.transfermarkt.de/spielbericht/index/spielbericht/20066
2002/03,27.10.2002,Eintracht Frankfurt,LR Ahlen,10000,Deutsche Bank Park,https://www.transfermarkt.de/spielbericht/index/spielbericht/20067
2002/03,27.10.2002,Karlsruher SC,1.FC Union Berlin,7500,BBBank Wildpark,https://www.transfermarkt.de/spielbericht/index/spielbericht/20068
2002/03,28.10.2002,MSV Duisburg,Eintracht Braunschweig,4500,MSV-Arena,https://www.transfermarkt.de/spielbericht/index/spielbericht/20069
2002/03,01.11.2002,1.FC Union Berlin,MSV Duisburg,6741,Stadion An der Alten Försterei,https://www.transfermarkt.de/spielbericht/index/spielbericht/20099
2002/03,01.11.2002,VfB Lübeck,Eintracht Frankfurt,10500,Stadion an der Lohmühle,https://www.transfermarkt.de/spielbericht/index/spielbericht/20100
2002/03,01.11.2002,FC St. Pauli,SC Freiburg,19780,Millerntor-Stadion,https://www.transfermarkt.de/spielbericht/index/spielbericht/20101
2002/03,01.11.2002,Rot,Weiß Oberhausen - 1.FC Köln,19135,Stadion Niederrhein,https://www.transfermarkt.de/spielbericht/index/spielbericht/20102
2002/03,03.11.2002,Eintracht Braunschweig,Alemannia Aachen,13170,EINTRACHT-Stadion,https://www.transfermarkt.de/spielbericht/index/spielbericht/20103
2002/03,03.11.2002,SSV Reutlingen 05,SpVgg Greuther Fürth,7237,Stadion an der Kreuzeiche,https://www.transfermarkt.de/spielbericht/index/spielbericht/20104
2002/03,03.11.2002,SV Waldhof Mannheim,SV Wacker Burghausen,3600,Carl-Benz-Stadion,https://www.transfermarkt.de/spielbericht/index/spielbericht/20105
2002/03,03.11.2002,SV Eintracht Trier 05,LR Ahlen,6480,Moselstadion,https://www.transfermarkt.de/spielbericht/index/spielbericht/20106
2002/03,04.11.2002,1.FSV Mainz 05,Karlsruher SC,10700,Stadion am Bruchweg,https://www.transfermarkt.de/spielbericht/index/spielbericht/20107
2002/03,08.11.2002,SV Wacker Burghausen,Rot-Weiß Oberhausen,4400,Wacker-Arena,https://www.transfermarkt.de/spielbericht/index/spielbericht/20137
2002/03,08.11.2002,Eintracht Frankfurt,Eintracht Braunschweig,12200,Deutsche Bank Park,https://www.transfermarkt.de/spielbericht/index/spielbericht/20138
2002/03,08.11.2002,Alemannia Aachen,1.FC Union Berlin,13132,Tivoli (alt),https://www.transfermarkt.de/spielbericht/index/spielbericht/20139
2002/03,10.11.2002,SpVgg Greuther Fürth,FC St. Pauli,8204,Sportpark Ronhof | Thomas Sommer,https://www.transfermarkt.de/spielbericht/index/spielbericht/20140
2002/03,10.11.2002,LR Ahlen,VfB Lübeck,4306,Wersestadion,https://www.transfermarkt.de/spielbericht/index/spielbericht/20141
2002/03,10.11.2002,MSV Duisburg,1.FSV Mainz 05,6309,MSV-Arena,https://www.transfermarkt.de/spielbericht/index/spielbericht/20142
2002/03,10.11.2002,Karlsruher SC,SV Waldhof Mannheim,13000,BBBank Wildpark,https://www.transfermarkt.de/spielbericht/index/spielbericht/20143
2002/03,10.11.2002,1.FC Köln,SSV Reutlingen 05,28300,RheinEnergieSTADION,https://www.transfermarkt.de/spielbericht/index/spielbericht/20144
2002/03,11.11.2002,SC Freiburg,SV Eintracht Trier 05,19000,Dreisamstadion,https://www.transfermarkt.de/spielbericht/index/spielbericht/20145
2002/03,15.11.2002,1.FC Union Berlin,Eintracht Frankfurt,8903,Stadion An der Alten Försterei,https://www.transfermarkt.de/spielbericht/index/spielbericht/20175
2002/03,15.11.2002,Eintracht Braunschweig,LR Ahlen,13045,EINTRACHT-Stadion,https://www.transfermarkt.de/spielbericht/index/spielbericht/20176
2002/03,15.11.2002,1.FSV Mainz 05,Alemannia Aachen,10300,Stadion am Bruchweg,https://www.transfermarkt.de/spielbericht/index/spielbericht/20177
2002/03,17.11.2002,SC Freiburg,SpVgg Greuther Fürth,21000,Dreisamstadion,https://www.transfermarkt.de/spielbericht/index/spielbericht/20178
2002/03,17.11.2002,SSV Reutlingen 05,SV Wacker Burghausen,6914,Stadion an der Kreuzeiche,https://www.transfermarkt.de/spielbericht/index/spielbericht/20179
2002/03,17.11.2002,Rot,Weiß Oberhausen - Karlsruher SC,4575,Stadion Niederrhein,https://www.transfermarkt.de/spielbericht/index/spielbericht/20180
2002/03,17.11.2002,SV Waldhof Mannheim,MSV Duisburg,4000,Carl-Benz-Stadion,https://www.transfermarkt.de/spielbericht/index/spielbericht/20181
2002/03,17.11.2002,SV Eintracht Trier 05,VfB Lübeck,6500,Moselstadion,https://www.transfermarkt.de/spielbericht/index/spielbericht/20182
2002/03,18.11.2002,FC St. Pauli,1.FC Köln,19295,Millerntor-Stadion,https://www.transfermarkt.de/spielbericht/index/spielbericht/20183
2002/03,22.11.2002,LR Ahlen,1.FC Union Berlin,5853,Wersestadion,https://www.transfermarkt.de/spielbericht/index/spielbericht/20213
2002/03,22.11.2002,Eintracht Frankfurt,1.FSV Mainz 05,24000,Deutsche Bank Park,https://www.transfermarkt.de/spielbericht/index/spielbericht/20214
2002/03,22.11.2002,Alemannia Aachen,SV Waldhof Mannheim,13355,Tivoli (alt),https://www.transfermarkt.de/spielbericht/index/spielbericht/20215
2002/03,22.11.2002,MSV Duisburg,Rot-Weiß Oberhausen,12000,MSV-Arena,https://www.transfermarkt.de/spielbericht/index/spielbericht/20216
2002/03,24.11.2002,SV Wacker Burghausen,FC St. Pauli,8500,Wacker-Arena,https://www.transfermarkt.de/spielbericht/index/spielbericht/20217
2002/03,24.11.2002,SpVgg Greuther Fürth,SV Eintracht Trier 05,6289,Sportpark Ronhof | Thomas Sommer,https://www.transfermarkt.de/spielbericht/index/spielbericht/20218
2002/03,24.11.2002,VfB Lübeck,Eintracht Braunschweig,10000,Stadion an der Lohmühle,https://www.transfermarkt.de/spielbericht/index/spielbericht/20219
2002/03,24.11.2002,Karlsruher SC,SSV Reutlingen 05,10500,BBBank Wildpark,https://www.transfermarkt.de/spielbericht/index/spielbericht/20220
2002/03,25.11.2002,1.FC Köln,SC Freiburg,28500,RheinEnergieSTADION,https://www.transfermarkt.de/spielbericht/index/spielbericht/20221
2002/03,29.11.2002,SSV Reutlingen 05,MSV Duisburg,5000,Stadion an der Kreuzeiche,https://www.transfermarkt.de/spielbericht/index/spielbericht/20250
2002/03,29.11.2002,Rot,Weiß Oberhausen - Alemannia Aachen,4581,Stadion Niederrhein,https://www.transfermarkt.de/spielbericht/index/spielbericht/20251
2002/03,29.11.2002,SV Waldhof Mannheim,Eintracht Frankfurt,10150,Carl-Benz-Stadion,https://www.transfermarkt.de/spielbericht/index/spielbericht/20252
2002/03,01.12.2002,1.FC Union Berlin,VfB Lübeck,7020,Stadion An der Alten Försterei,https://www.transfermarkt.de/spielbericht/index/spielbericht/20253
2002/03,01.12.2002,Eintracht Braunschweig,SV Eintracht Trier 05,11655,EINTRACHT-Stadion,https://www.transfermarkt.de/spielbericht/index/spielbericht/20254
2002/03,01.12.2002,SC Freiburg,SV Wacker Burghausen,18500,Dreisamstadion,https://www.transfermarkt.de/spielbericht/index/spielbericht/20255
2002/03,01.12.2002,1.FSV Mainz 05,LR Ahlen,9000,Stadion am Bruchweg,https://www.transfermarkt.de/spielbericht/index/spielbericht/20256
2002/03,01.12.2002,1.FC Köln,SpVgg Greuther Fürth,24000,RheinEnergieSTADION,https://www.transfermarkt.de/spielbericht/index/spielbericht/20257
2002/03,02.12.2002,FC St. Pauli,Karlsruher SC,18500,Millerntor-Stadion,https://www.transfermarkt.de/spielbericht/index/spielbericht/20258
2002/03,06.12.2002,SV Wacker Burghausen,SpVgg Greuther Fürth,3100,Wacker-Arena,https://www.transfermarkt.de/spielbericht/index/spielbericht/20286
2002/03,06.12.2002,VfB Lübeck,1.FSV Mainz 05,6500,Stadion an der Lohmühle,https://www.transfermarkt.de/spielbericht/index/spielbericht/20287
2002/03,06.12.2002,MSV Duisburg,FC St. Pauli,11000,MSV-Arena,https://www.transfermarkt.de/spielbericht/index/spielbericht/20288
2002/03,08.12.2002,Eintracht Braunschweig,1.FC Union Berlin,13487,EINTRACHT-Stadion,https://www.transfermarkt.de/spielbericht/index/spielbericht/20289
2002/03,08.12.2002,LR Ahlen,SV Waldhof Mannheim,3258,Wersestadion,https://www.transfermarkt.de/spielbericht/index/spielbericht/20290
2002/03,08.12.2002,Eintracht Frankfurt,Rot-Weiß Oberhausen,13000,Deutsche Bank Park,https://www.transfermarkt.de/spielbericht/index/spielbericht/20291
2002/03,08.12.2002,Alemannia Aachen,SSV Reutlingen 05,10020,Tivoli (alt),https://www.transfermarkt.de/spielbericht/index/spielbericht/20292
2002/03,08.12.2002,SV Eintracht Trier 05,1.FC Köln,13500,Moselstadion,https://www.transfermarkt.de/spielbericht/index/spielbericht/20293
2002/03,09.12.2002,Karlsruher SC,SC Freiburg,15700,BBBank Wildpark,https://www.transfermarkt.de/spielbericht/index/spielbericht/20294
2002/03,13.12.2002,SpVgg Greuther Fürth,Karlsruher SC,4800,Sportpark Ronhof | Thomas Sommer,https://www.transfermarkt.de/spielbericht/index/spielbericht/20327
2002/03,13.12.2002,FC St. Pauli,Alemannia Aachen,15537,Millerntor-Stadion,https://www.transfermarkt.de/spielbericht/index/spielbericht/20328
2002/03,13.12.2002,1.FSV Mainz 05,Eintracht Braunschweig,9600,Stadion am Bruchweg,https://www.transfermarkt.de/spielbericht/index/spielbericht/20329
2002/03,13.12.2002,1.FC Köln,SV Wacker Burghausen,22000,RheinEnergieSTADION,https://www.transfermarkt.de/spielbericht/index/spielbericht/20330
2002/03,15.12.2002,1.FC Union Berlin,SV Eintracht Trier 05,6326,Stadion An der Alten Försterei,https://www.transfermarkt.de/spielbericht/index/spielbericht/20331
2002/03,15.12.2002,SC Freiburg,MSV Duisburg,18000,Dreisamstadion,https://www.transfermarkt.de/spielbericht/index/spielbericht/20332
2002/03,15.12.2002,SSV Reutlingen 05,Eintracht Frankfurt,7410,Stadion an der Kreuzeiche,https://www.transfermarkt.de/spielbericht/index/spielbericht/20333
2002/03,15.12.2002,Rot,Weiß Oberhausen - LR Ahlen,3577,Stadion Niederrhein,https://www.transfermarkt.de/spielbericht/index/spielbericht/20334
2002/03,15.12.2002,SV Waldhof Mannheim,VfB Lübeck,4250,Carl-Benz-Stadion,https://www.transfermarkt.de/spielbericht/index/spielbericht/20335
2002/03,24.01.2003,FC St. Pauli,Eintracht Frankfurt,19189,Millerntor-Stadion,https://www.transfermarkt.de/spielbericht/index/spielbericht/20365
2002/03,24.01.2003,SV Waldhof Mannheim,Eintracht Braunschweig,5150,Carl-Benz-Stadion,https://www.transfermarkt.de/spielbericht/index/spielbericht/20366
2002/03,24.01.2003,1.FC Köln,Karlsruher SC,25000,RheinEnergieSTADION,https://www.transfermarkt.de/spielbericht/index/spielbericht/20367
2002/03,26.01.2003,1.FSV Mainz 05,1.FC Union Berlin,12500,Stadion am Bruchweg,https://www.transfermarkt.de/spielbericht/index/spielbericht/20368
2002/03,26.01.2003,Rot,Weiß Oberhausen - VfB Lübeck,4117,Stadion Niederrhein,https://www.transfermarkt.de/spielbericht/index/spielbericht/20369
2002/03,26.01.2003,SSV Reutlingen 05,LR Ahlen,5685,Stadion an der Kreuzeiche,https://www.transfermarkt.de/spielbericht/index/spielbericht/20370
2002/03,26.01.2003,SpVgg Greuther Fürth,MSV Duisburg,5200,Sportpark Ronhof | Thomas Sommer,https://www.transfermarkt.de/spielbericht/index/spielbericht/20371
2002/03,26.01.2003,SV Wacker Burghausen,SV Eintracht Trier 05,2400,Wacker-Arena,https://www.transfermarkt.de/spielbericht/index/spielbericht/20372
2002/03,27.01.2003,SC Freiburg,Alemannia Aachen,21000,Dreisamstadion,https://www.transfermarkt.de/spielbericht/index/spielbericht/20373
2002/03,31.01.2003,Eintracht Frankfurt,SC Freiburg,17500,Deutsche Bank Park,https://www.transfermarkt.de/spielbericht/index/spielbericht/20403
2002/03,02.02.2003,Karlsruher SC,SV Wacker Burghausen,6500,BBBank Wildpark,https://www.transfermarkt.de/spielbericht/index/spielbericht/20404
2002/03,02.02.2003,LR Ahlen,FC St. Pauli,10019,Wersestadion,https://www.transfermarkt.de/spielbericht/index/spielbericht/20405
2002/03,02.02.2003,VfB Lübeck,SSV Reutlingen 05,5000,Stadion an der Lohmühle,https://www.transfermarkt.de/spielbericht/index/spielbericht/20406
2002/03,02.02.2003,1.FC Union Berlin,SV Waldhof Mannheim,6012,Stadion An der Alten Försterei,https://www.transfermarkt.de/spielbericht/index/spielbericht/20407
2002/03,03.02.2003,SV Eintracht Trier 05,1.FSV Mainz 05,6860,Moselstadion,https://www.transfermarkt.de/spielbericht/index/spielbericht/20408
2002/03,05.03.2003,Alemannia Aachen,SpVgg Greuther Fürth,13170,Tivoli (alt),https://www.transfermarkt.de/spielbericht/index/spielbericht/20409
2002/03,05.03.2003,Eintracht Braunschweig,Rot-Weiß Oberhausen,10227,EINTRACHT-Stadion,https://www.transfermarkt.de/spielbericht/index/spielbericht/20410
2002/03,05.03.2003,MSV Duisburg,1.FC Köln,16348,MSV-Arena,https://www.transfermarkt.de/spielbericht/index/spielbericht/20411
2002/03,07.02.2003,SV Wacker Burghausen,MSV Duisburg,2100,Wacker-Arena,https://www.transfermarkt.de/spielbericht/index/spielbericht/20441
2002/03,07.02.2003,SV Waldhof Mannheim,1.FSV Mainz 05,5700,Carl-Benz-Stadion,https://www.transfermarkt.de/spielbericht/index/spielbericht/20442
2002/03,09.02.2003,Rot,Weiß Oberhausen - 1.FC Union Berlin,4337,Stadion Niederrhein,https://www.transfermarkt.de/spielbericht/index/spielbericht/20443
2002/03,09.02.2003,FC St. Pauli,VfB Lübeck,19987,Millerntor-Stadion,https://www.transfermarkt.de/spielbericht/index/spielbericht/20444
2002/03,09.02.2003,SC Freiburg,LR Ahlen,18000,Dreisamstadion,https://www.transfermarkt.de/spielbericht/index/spielbericht/20445
2002/03,09.02.2003,SpVgg Greuther Fürth,Eintracht Frankfurt,7071,Sportpark Ronhof | Thomas Sommer,https://www.transfermarkt.de/spielbericht/index/spielbericht/20446
2002/03,09.02.2003,Karlsruher SC,SV Eintracht Trier 05,9200,BBBank Wildpark,https://www.transfermarkt.de/spielbericht/index/spielbericht/20447
2002/03,10.02.2003,1.FC Köln,Alemannia Aachen,27500,RheinEnergieSTADION,https://www.transfermarkt.de/spielbericht/index/spielbericht/20448
2002/03,19.02.2003,SSV Reutlingen 05,Eintracht Braunschweig,4509,Stadion an der Kreuzeiche,https://www.transfermarkt.de/spielbericht/index/spielbericht/20449
2002/03,14.02.2003,VfB Lübeck,SC Freiburg,6800,Stadion an der Lohmühle,https://www.transfermarkt.de/spielbericht/index/spielbericht/20470
2002/03,14.02.2003,Eintracht Braunschweig,FC St. Pauli,17366,EINTRACHT-Stadion,https://www.transfermarkt.de/spielbericht/index/spielbericht/20471
2002/03,14.02.2003,MSV Duisburg,Karlsruher SC,5400,MSV-Arena,https://www.transfermarkt.de/spielbericht/index/spielbericht/20472
2002/03,16.02.2003,Alemannia Aachen,SV Wacker Burghausen,11327,Tivoli (alt),https://www.transfermarkt.de/spielbericht/index/spielbericht/20473
2002/03,16.02.2003,LR Ahlen,SpVgg Greuther Fürth,3750,Wersestadion,https://www.transfermarkt.de/spielbericht/index/spielbericht/20474
2002/03,16.02.2003,1.FSV Mainz 05,Rot-Weiß Oberhausen,10700,Stadion am Bruchweg,https://www.transfermarkt.de/spielbericht/index/spielbericht/20475
2002/03,16.02.2003,SV Eintracht Trier 05,SV Waldhof Mannheim,6990,Moselstadion,https://www.transfermarkt.de/spielbericht/index/spielbericht/20476
2002/03,17.02.2003,Eintracht Frankfurt,1.FC Köln,23000,Deutsche Bank Park,https://www.transfermarkt.de/spielbericht/index/spielbericht/20477
2002/03,26.03.2003,1.FC Union Berlin,SSV Reutlingen 05,6567,Stadion An der Alten Försterei,https://www.transfermarkt.de/spielbericht/index/spielbericht/20486
2002/03,21.02.2003,1.FC Köln,LR Ahlen,22500,RheinEnergieSTADION,https://www.transfermarkt.de/spielbericht/index/spielbericht/20506
2002/03,21.02.2003,Karlsruher SC,Alemannia Aachen,6500,BBBank Wildpark,https://www.transfermarkt.de/spielbericht/index/spielbericht/20507
2002/03,21.02.2003,Rot,Weiß Oberhausen - SV Waldhof Mannheim,3589,Stadion Niederrhein,https://www.transfermarkt.de/spielbericht/index/spielbericht/20508
2002/03,23.02.2003,FC St. Pauli,1.FC Union Berlin,20629,Millerntor-Stadion,https://www.transfermarkt.de/spielbericht/index/spielbericht/20510
2002/03,23.02.2003,SpVgg Greuther Fürth,VfB Lübeck,4409,Sportpark Ronhof | Thomas Sommer,https://www.transfermarkt.de/spielbericht/index/spielbericht/20511
2002/03,23.02.2003,SV Wacker Burghausen,Eintracht Frankfurt,6000,Wacker-Arena,https://www.transfermarkt.de/spielbericht/index/spielbericht/20512
2002/03,23.02.2003,SSV Reutlingen 05,1.FSV Mainz 05,5461,Stadion an der Kreuzeiche,https://www.transfermarkt.de/spielbericht/index/spielbericht/20513
2002/03,23.02.2003,MSV Duisburg,SV Eintracht Trier 05,8237,MSV-Arena,https://www.transfermarkt.de/spielbericht/index/spielbericht/20514
2002/03,24.02.2003,SC Freiburg,Eintracht Braunschweig,17000,Dreisamstadion,https://www.transfermarkt.de/spielbericht/index/spielbericht/20516
2002/03,28.02.2003,Eintracht Braunschweig,SpVgg Greuther Fürth,9674,EINTRACHT-Stadion,https://www.transfermarkt.de/spielbericht/index/spielbericht/20526
2002/03,28.02.2003,1.FSV Mainz 05,FC St. Pauli,15500,Stadion am Bruchweg,https://www.transfermarkt.de/spielbericht/index/spielbericht/20527
2002/03,28.02.2003,SV Waldhof Mannheim,SSV Reutlingen 05,5260,Carl-Benz-Stadion,https://www.transfermarkt.de/spielbericht/index/spielbericht/20528
2002/03,28.02.2003,Eintracht Frankfurt,Karlsruher SC,11500,Deutsche Bank Park,https://www.transfermarkt.de/spielbericht/index/spielbericht/20529
2002/03,02.03.2003,LR Ahlen,SV Wacker Burghausen,4500,Wersestadion,https://www.transfermarkt.de/spielbericht/index/spielbericht/20539
2002/03,02.03.2003,SV Eintracht Trier 05,Rot-Weiß Oberhausen,5160,Moselstadion,https://www.transfermarkt.de/spielbericht/index/spielbericht/20540
2002/03,02.03.2003,Alemannia Aachen,MSV Duisburg,10000,Tivoli (alt),https://www.transfermarkt.de/spielbericht/index/spielbericht/20541
2002/03,02.03.2003,VfB Lübeck,1.FC Köln,11500,Stadion an der Lohmühle,https://www.transfermarkt.de/spielbericht/index/spielbericht/20542
2002/03,03.03.2003,1.FC Union Berlin,SC Freiburg,8216,Stadion An der Alten Försterei,https://www.transfermarkt.de/spielbericht/index/spielbericht/20550
2002/03,07.03.2003,Karlsruher SC,LR Ahlen,7000,BBBank Wildpark,https://www.transfermarkt.de/spielbericht/index/spielbericht/20564
2002/03,07.03.2003,FC St. Pauli,SV Waldhof Mannheim,19000,Millerntor-Stadion,https://www.transfermarkt.de/spielbericht/index/spielbericht/20565
2002/03,07.03.2003,SC Freiburg,1.FSV Mainz 05,24000,Dreisamstadion,https://www.transfermarkt.de/spielbericht/index/spielbericht/20566
2002/03,09.03.2003,SpVgg Greuther Fürth,1.FC Union Berlin,5063,Sportpark Ronhof | Thomas Sommer,https://www.transfermarkt.de/spielbericht/index/spielbericht/20576
2002/03,09.03.2003,1.FC Köln,Eintracht Braunschweig,30500,RheinEnergieSTADION,https://www.transfermarkt.de/spielbericht/index/spielbericht/20577
2002/03,09.03.2003,SV Wacker Burghausen,VfB Lübeck,5600,Wacker-Arena,https://www.transfermarkt.de/spielbericht/index/spielbericht/20578
2002/03,09.03.2003,SSV Reutlingen 05,Rot-Weiß Oberhausen,6123,Stadion an der Kreuzeiche,https://www.transfermarkt.de/spielbericht/index/spielbericht/20579
2002/03,09.03.2003,Alemannia Aachen,SV Eintracht Trier 05,13708,Tivoli (alt),https://www.transfermarkt.de/spielbericht/index/spielbericht/20580
2002/03,10.03.2003,MSV Duisburg,Eintracht Frankfurt,5875,MSV-Arena,https://www.transfermarkt.de/spielbericht/index/spielbericht/20592
2002/03,14.03.2003,1.FSV Mainz 05,SpVgg Greuther Fürth,11500,Stadion am Bruchweg,https://www.transfermarkt.de/spielbericht/index/spielbericht/20602
2002/03,14.03.2003,SV Eintracht Trier 05,SSV Reutlingen 05,7120,Moselstadion,https://www.transfermarkt.de/spielbericht/index/spielbericht/20603
2002/03,14.03.2003,LR Ahlen,MSV Duisburg,4800,Wersestadion,https://www.transfermarkt.de/spielbericht/index/spielbericht/20604
2002/03,16.03.2003,Eintracht Braunschweig,SV Wacker Burghausen,13027,EINTRACHT-Stadion,https://www.transfermarkt.de/spielbericht/index/spielbericht/20617
2002/03,16.03.2003,Rot,Weiß Oberhausen - FC St. Pauli,7073,Stadion Niederrhein,https://www.transfermarkt.de/spielbericht/index/spielbericht/20618
2002/03,16.03.2003,Eintracht Frankfurt,Alemannia Aachen,18000,Deutsche Bank Park,https://www.transfermarkt.de/spielbericht/index/spielbericht/20619
2002/03,16.03.2003,VfB Lübeck,Karlsruher SC,7000,Stadion an der Lohmühle,https://www.transfermarkt.de/spielbericht/index/spielbericht/20620
2002/03,16.03.2003,1.FC Union Berlin,1.FC Köln,12603,Stadion An der Alten Försterei,https://www.transfermarkt.de/spielbericht/index/spielbericht/20621
2002/03,17.03.2003,SV Waldhof Mannheim,SC Freiburg,5700,Carl-Benz-Stadion,https://www.transfermarkt.de/spielbericht/index/spielbericht/20630
2002/03,21.03.2003,Alemannia Aachen,LR Ahlen,9968,Tivoli (alt),https://www.transfermarkt.de/spielbericht/index/spielbericht/20641
2002/03,21.03.2003,FC St. Pauli,SSV Reutlingen 05,19436,Millerntor-Stadion,https://www.transfermarkt.de/spielbericht/index/spielbericht/20642
2002/03,21.03.2003,Eintracht Frankfurt,SV Eintracht Trier 05,15400,Deutsche Bank Park,https://www.transfermarkt.de/spielbericht/index/spielbericht/20643
2002/03,23.03.2003,SV Wacker Burghausen,1.FC Union Berlin,4200,Wacker-Arena,https://www.transfermarkt.de/spielbericht/index/spielbericht/20655
2002/03,23.03.2003,Karlsruher SC,Eintracht Braunschweig,8700,BBBank Wildpark,https://www.transfermarkt.de/spielbericht/index/spielbericht/20656
2002/03,23.03.2003,MSV Duisburg,VfB Lübeck,5083,MSV-Arena,https://www.transfermarkt.de/spielbericht/index/spielbericht/20657
2002/03,23.03.2003,SC Freiburg,Rot-Weiß Oberhausen,22000,Dreisamstadion,https://www.transfermarkt.de/spielbericht/index/spielbericht/20658
2002/03,23.03.2003,SpVgg Greuther Fürth,SV Waldhof Mannheim,5012,Sportpark Ronhof | Thomas Sommer,https://www.transfermarkt.de/spielbericht/index/spielbericht/20659
2002/03,24.03.2003,1.FC Köln,1.FSV Mainz 05,27000,RheinEnergieSTADION,https://www.transfermarkt.de/spielbericht/index/spielbericht/20668
2002/03,04.04.2003,1.FSV Mainz 05,SV Wacker Burghausen,13500,Stadion am Bruchweg,https://www.transfermarkt.de/spielbericht/index/spielbericht/20687
2002/03,04.04.2003,Eintracht Braunschweig,MSV Duisburg,10848,EINTRACHT-Stadion,https://www.transfermarkt.de/spielbericht/index/spielbericht/20688
2002/03,04.04.2003,SV Waldhof Mannheim,1.FC Köln,8500,Carl-Benz-Stadion,https://www.transfermarkt.de/spielbericht/index/spielbericht/20689
2002/03,06.04.2003,Rot,Weiß Oberhausen - SpVgg Greuther Fürth,3876,Stadion Niederrhein,https://www.transfermarkt.de/spielbericht/index/spielbericht/20695
2002/03,06.04.2003,SV Eintracht Trier 05,FC St. Pauli,9400,Moselstadion,https://www.transfermarkt.de/spielbericht/index/spielbericht/20696
2002/03,06.04.2003,LR Ahlen,Eintracht Frankfurt,7578,Wersestadion,https://www.transfermarkt.de/spielbericht/index/spielbericht/20697
2002/03,06.04.2003,VfB Lübeck,Alemannia Aachen,6600,Stadion an der Lohmühle,https://www.transfermarkt.de/spielbericht/index/spielbericht/20698
2002/03,06.04.2003,1.FC Union Berlin,Karlsruher SC,7211,Stadion An der Alten Försterei,https://www.transfermarkt.de/spielbericht/index/spielbericht/20699
2002/03,07.04.2003,SSV Reutlingen 05,SC Freiburg,9600,Stadion an der Kreuzeiche,https://www.transfermarkt.de/spielbericht/index/spielbericht/20706
2002/03,11.04.2003,Alemannia Aachen,Eintracht Braunschweig,9136,Tivoli (alt),https://www.transfermarkt.de/spielbericht/index/spielbericht/20726
2002/03,11.04.2003,SV Wacker Burghausen,SV Waldhof Mannheim,3500,Wacker-Arena,https://www.transfermarkt.de/spielbericht/index/spielbericht/20730
2002/03,11.04.2003,Karlsruher SC,1.FSV Mainz 05,10500,BBBank Wildpark,https://www.transfermarkt.de/spielbericht/index/spielbericht/20731
2002/03,13.04.2003,MSV Duisburg,1.FC Union Berlin,5400,MSV-Arena,https://www.transfermarkt.de/spielbericht/index/spielbericht/20725
2002/03,13.04.2003,Eintracht Frankfurt,VfB Lübeck,14500,Deutsche Bank Park,https://www.transfermarkt.de/spielbericht/index/spielbericht/20727
2002/03,13.04.2003,SC Freiburg,FC St. Pauli,24000,Dreisamstadion,https://www.transfermarkt.de/spielbericht/index/spielbericht/20728
2002/03,13.04.2003,SpVgg Greuther Fürth,SSV Reutlingen 05,6458,Sportpark Ronhof | Thomas Sommer,https://www.transfermarkt.de/spielbericht/index/spielbericht/20729
2002/03,13.04.2003,LR Ahlen,SV Eintracht Trier 05,4338,Wersestadion,https://www.transfermarkt.de/spielbericht/index/spielbericht/20732
2002/03,14.04.2003,1.FC Köln,Rot-Weiß Oberhausen,26000,RheinEnergieSTADION,https://www.transfermarkt.de/spielbericht/index/spielbericht/20744
2002/03,17.04.2003,FC St. Pauli,SpVgg Greuther Fürth,20600,Millerntor-Stadion,https://www.transfermarkt.de/spielbericht/index/spielbericht/20769
2002/03,17.04.2003,VfB Lübeck,LR Ahlen,7500,Stadion an der Lohmühle,https://www.transfermarkt.de/spielbericht/index/spielbericht/20770
2002/03,17.04.2003,SV Waldhof Mannheim,Karlsruher SC,7400,Carl-Benz-Stadion,https://www.transfermarkt.de/spielbericht/index/spielbericht/20771
2002/03,20.04.2003,Rot,Weiß Oberhausen - SV Wacker Burghausen,3132,Stadion Niederrhein,https://www.transfermarkt.de/spielbericht/index/spielbericht/20774
2002/03,20.04.2003,SV Eintracht Trier 05,SC Freiburg,8500,Moselstadion,https://www.transfermarkt.de/spielbericht/index/spielbericht/20775
2002/03,20.04.2003,Eintracht Braunschweig,Eintracht Frankfurt,15213,EINTRACHT-Stadion,https://www.transfermarkt.de/spielbericht/index/spielbericht/20776
2002/03,20.04.2003,1.FC Union Berlin,Alemannia Aachen,6076,Stadion An der Alten Försterei,https://www.transfermarkt.de/spielbericht/index/spielbericht/20777
2002/03,20.04.2003,SSV Reutlingen 05,1.FC Köln,9766,Stadion an der Kreuzeiche,https://www.transfermarkt.de/spielbericht/index/spielbericht/20778
2002/03,21.04.2003,1.FSV Mainz 05,MSV Duisburg,12700,Stadion am Bruchweg,https://www.transfermarkt.de/spielbericht/index/spielbericht/20779
2002/03,25.04.2003,Eintracht Frankfurt,1.FC Union Berlin,15000,Deutsche Bank Park,https://www.transfermarkt.de/spielbericht/index/spielbericht/20806
2002/03,25.04.2003,SpVgg Greuther Fürth,SC Freiburg,8246,Sportpark Ronhof | Thomas Sommer,https://www.transfermarkt.de/spielbericht/index/spielbericht/20807
2002/03,25.04.2003,MSV Duisburg,SV Waldhof Mannheim,4400,MSV-Arena,https://www.transfermarkt.de/spielbericht/index/spielbericht/20808
2002/03,27.04.2003,LR Ahlen,Eintracht Braunschweig,5452,Wersestadion,https://www.transfermarkt.de/spielbericht/index/spielbericht/20811
2002/03,27.04.2003,SV Wacker Burghausen,SSV Reutlingen 05,3500,Wacker-Arena,https://www.transfermarkt.de/spielbericht/index/spielbericht/20812
2002/03,27.04.2003,Karlsruher SC,Rot-Weiß Oberhausen,10800,BBBank Wildpark,https://www.transfermarkt.de/spielbericht/index/spielbericht/20813
2002/03,27.04.2003,Alemannia Aachen,1.FSV Mainz 05,10658,Tivoli (alt),https://www.transfermarkt.de/spielbericht/index/spielbericht/20814
2002/03,27.04.2003,VfB Lübeck,SV Eintracht Trier 05,7000,Stadion an der Lohmühle,https://www.transfermarkt.de/spielbericht/index/spielbericht/20815
2002/03,28.04.2003,1.FC Köln,FC St. Pauli,30500,RheinEnergieSTADION,https://www.transfermarkt.de/spielbericht/index/spielbericht/20820
2002/03,02.05.2003,FC St. Pauli,SV Wacker Burghausen,20556,Millerntor-Stadion,https://www.transfermarkt.de/spielbericht/index/spielbericht/20844
2002/03,02.05.2003,1.FC Union Berlin,LR Ahlen,7537,Stadion An der Alten Försterei,https://www.transfermarkt.de/spielbericht/index/spielbericht/20845
2002/03,02.05.2003,SC Freiburg,1.FC Köln,24000,Dreisamstadion,https://www.transfermarkt.de/spielbericht/index/spielbericht/20846
2002/03,04.05.2003,SV Eintracht Trier 05,SpVgg Greuther Fürth,4800,Moselstadion,https://www.transfermarkt.de/spielbericht/index/spielbericht/20849
2002/03,04.05.2003,Eintracht Braunschweig,VfB Lübeck,17450,EINTRACHT-Stadion,https://www.transfermarkt.de/spielbericht/index/spielbericht/20850
2002/03,04.05.2003,SV Waldhof Mannheim,Alemannia Aachen,3400,Carl-Benz-Stadion,https://www.transfermarkt.de/spielbericht/index/spielbericht/20851
2002/03,04.05.2003,Rot,Weiß Oberhausen - MSV Duisburg,6179,Stadion Niederrhein,https://www.transfermarkt.de/spielbericht/index/spielbericht/20852
2002/03,04.05.2003,SSV Reutlingen 05,Karlsruher SC,9408,Stadion an der Kreuzeiche,https://www.transfermarkt.de/spielbericht/index/spielbericht/20853
2002/03,05.05.2003,1.FSV Mainz 05,Eintracht Frankfurt,18700,Stadion am Bruchweg,https://www.transfermarkt.de/spielbericht/index/spielbericht/20858
2002/03,08.05.2003,SpVgg Greuther Fürth,1.FC Köln,11208,Sportpark Ronhof | Thomas Sommer,https://www.transfermarkt.de/spielbericht/index/spielbericht/20882
2002/03,09.05.2003,VfB Lübeck,1.FC Union Berlin,8500,Stadion an der Lohmühle,https://www.transfermarkt.de/spielbericht/index/spielbericht/20889
2002/03,09.05.2003,MSV Duisburg,SSV Reutlingen 05,5400,MSV-Arena,https://www.transfermarkt.de/spielbericht/index/spielbericht/20890
2002/03,09.05.2003,Eintracht Frankfurt,SV Waldhof Mannheim,15000,Deutsche Bank Park,https://www.transfermarkt.de/spielbericht/index/spielbericht/20891
2002/03,11.05.2003,SV Eintracht Trier 05,Eintracht Braunschweig,4200,Moselstadion,https://www.transfermarkt.de/spielbericht/index/spielbericht/20892
2002/03,11.05.2003,SV Wacker Burghausen,SC Freiburg,5600,Wacker-Arena,https://www.transfermarkt.de/spielbericht/index/spielbericht/20893
2002/03,11.05.2003,Karlsruher SC,FC St. Pauli,19500,BBBank Wildpark,https://www.transfermarkt.de/spielbericht/index/spielbericht/20894
2002/03,11.05.2003,Alemannia Aachen,Rot-Weiß Oberhausen,7801,Tivoli (alt),https://www.transfermarkt.de/spielbericht/index/spielbericht/20895
2002/03,12.05.2003,LR Ahlen,1.FSV Mainz 05,6142,Wersestadion,https://www.transfermarkt.de/spielbericht/index/spielbericht/20896
2002/03,18.05.2003,SpVgg Greuther Fürth,SV Wacker Burghausen,15031,Sportpark Ronhof | Thomas Sommer,https://www.transfermarkt.de/spielbericht/index/spielbericht/20922
2002/03,18.05.2003,1.FC Union Berlin,Eintracht Braunschweig,13700,Stadion An der Alten Försterei,https://www.transfermarkt.de/spielbericht/index/spielbericht/20923
2002/03,18.05.2003,1.FSV Mainz 05,VfB Lübeck,18700,Stadion am Bruchweg,https://www.transfermarkt.de/spielbericht/index/spielbericht/20924
2002/03,18.05.2003,SV Waldhof Mannheim,LR Ahlen,3200,Carl-Benz-Stadion,https://www.transfermarkt.de/spielbericht/index/spielbericht/20925
2002/03,18.05.2003,Rot,Weiß Oberhausen - Eintracht Frankfurt,10398,Stadion Niederrhein,https://www.transfermarkt.de/spielbericht/index/spielbericht/20926
2002/03,18.05.2003,SSV Reutlingen 05,Alemannia Aachen,4000,Stadion an der Kreuzeiche,https://www.transfermarkt.de/spielbericht/index/spielbericht/20927
2002/03,18.05.2003,FC St. Pauli,MSV Duisburg,19358,Millerntor-Stadion,https://www.transfermarkt.de/spielbericht/index/spielbericht/20928
2002/03,18.05.2003,SC Freiburg,Karlsruher SC,24000,Dreisamstadion,https://www.transfermarkt.de/spielbericht/index/spielbericht/20929
2002/03,18.05.2003,1.FC Köln,SV Eintracht Trier 05,30500,RheinEnergieSTADION,https://www.transfermarkt.de/spielbericht/index/spielbericht/20930
2002/03,25.05.2003,SV Eintracht Trier 05,1.FC Union Berlin,5000,Moselstadion,https://www.transfermarkt.de/spielbericht/index/spielbericht/20964
2002/03,25.05.2003,Karlsruher SC,SpVgg Greuther Fürth,24500,BBBank Wildpark,https://www.transfermarkt.de/spielbericht/index/spielbericht/20965
2002/03,25.05.2003,MSV Duisburg,SC Freiburg,10288,MSV-Arena,https://www.transfermarkt.de/spielbericht/index/spielbericht/20966
2002/03,25.05.2003,Alemannia Aachen,FC St. Pauli,12753,Tivoli (alt),https://www.transfermarkt.de/spielbericht/index/spielbericht/20967
2002/03,25.05.2003,Eintracht Frankfurt,SSV Reutlingen 05,25000,Deutsche Bank Park,https://www.transfermarkt.de/spielbericht/index/spielbericht/20968
2002/03,25.05.2003,LR Ahlen,Rot-Weiß Oberhausen,8129,Wersestadion,https://www.transfermarkt.de/spielbericht/index/spielbericht/20969
2002/03,25.05.2003,VfB Lübeck,SV Waldhof Mannheim,6500,Stadion an der Lohmühle,https://www.transfermarkt.de/spielbericht/index/spielbericht/20970
2002/03,25.05.2003,Eintracht Braunschweig,1.FSV Mainz 05,23500,EINTRACHT-Stadion,https://www.transfermarkt.de/spielbericht/index/spielbericht/20971
2002/03,25.05.2003,SV Wacker Burghausen,1.FC Köln,8700,Wacker-Arena,https://www.transfermarkt.de/spielbericht/index/spielbericht/20972
2003/04,03.08.2003,Arminia Bielefeld,Rot-Weiß Oberhausen,11632,SchücoArena,https://www.transfermarkt.de/spielbericht/index/spielbericht/383
2003/04,03.08.2003,SpVgg Greuther Fürth,SpVgg Unterhaching,7134,Sportpark Ronhof | Thomas Sommer,https://www.transfermarkt.de/spielbericht/index/spielbericht/384
2003/04,03.08.2003,FC Erzgebirge Aue,SSV Jahn Regensburg,8500,eins Erzgebirgsstadion,https://www.transfermarkt.de/spielbericht/index/spielbericht/385
2003/04,03.08.2003,FC Energie Cottbus,SV Eintracht Trier 05,13000,LEAG Energie Stadion,https://www.transfermarkt.de/spielbericht/index/spielbericht/386
2003/04,03.08.2003,1.FSV Mainz 05,1.FC Union Berlin,14000,Stadion am Bruchweg,https://www.transfermarkt.de/spielbericht/index/spielbericht/387
2003/04,03.08.2003,SV Wacker Burghausen,Alemannia Aachen,4100,Wacker-Arena,https://www.transfermarkt.de/spielbericht/index/spielbericht/388
2003/04,03.08.2003,LR Ahlen,VfL Osnabrück,8798,Wersestadion,https://www.transfermarkt.de/spielbericht/index/spielbericht/390
2003/04,03.08.2003,MSV Duisburg,VfB Lübeck,11454,MSV-Arena,https://www.transfermarkt.de/spielbericht/index/spielbericht/391
2003/04,04.08.2003,Karlsruher SC,1.FC Nürnberg,16900,BBBank Wildpark,https://www.transfermarkt.de/spielbericht/index/spielbericht/389
2003/04,09.08.2003,SV Eintracht Trier 05,FC Erzgebirge Aue,6125,Moselstadion,https://www.transfermarkt.de/spielbericht/index/spielbericht/556
2003/04,09.08.2003,SSV Jahn Regensburg,SpVgg Greuther Fürth,11200,Jahnstadion,https://www.transfermarkt.de/spielbericht/index/spielbericht/557
2003/04,09.08.2003,VfB Lübeck,Arminia Bielefeld,8500,Stadion an der Lohmühle,https://www.transfermarkt.de/spielbericht/index/spielbericht/558
2003/04,10.08.2003,VfL Osnabrück,Karlsruher SC,14200,Bremer Brücke,https://www.transfermarkt.de/spielbericht/index/spielbericht/590
2003/04,10.08.2003,1.FC Nürnberg,SV Wacker Burghausen,14764,Max-Morlock-Stadion,https://www.transfermarkt.de/spielbericht/index/spielbericht/591
2003/04,10.08.2003,1.FC Union Berlin,FC Energie Cottbus,14191,Stadion An der Alten Försterei,https://www.transfermarkt.de/spielbericht/index/spielbericht/592
2003/04,10.08.2003,SpVgg Unterhaching,MSV Duisburg,4500,Uhlsport Park,https://www.transfermarkt.de/spielbericht/index/spielbericht/593
2003/04,10.08.2003,Rot,Weiß Oberhausen - LR Ahlen,4619,Stadion Niederrhein,https://www.transfermarkt.de/spielbericht/index/spielbericht/594
2003/04,11.08.2003,Alemannia Aachen,1.FSV Mainz 05,12237,Tivoli (alt),https://www.transfermarkt.de/spielbericht/index/spielbericht/618
2003/04,15.08.2003,FC Erzgebirge Aue,1.FC Union Berlin,12200,eins Erzgebirgsstadion,https://www.transfermarkt.de/spielbericht/index/spielbericht/764
2003/04,15.08.2003,Karlsruher SC,Rot-Weiß Oberhausen,14500,BBBank Wildpark,https://www.transfermarkt.de/spielbericht/index/spielbericht/765
2003/04,15.08.2003,VfB Lübeck,SpVgg Unterhaching,7200,Stadion an der Lohmühle,https://www.transfermarkt.de/spielbericht/index/spielbericht/766
2003/04,17.08.2003,Arminia Bielefeld,LR Ahlen,11690,SchücoArena,https://www.transfermarkt.de/spielbericht/index/spielbericht/806
2003/04,17.08.2003,SpVgg Greuther Fürth,SV Eintracht Trier 05,5500,Sportpark Ronhof | Thomas Sommer,https://www.transfermarkt.de/spielbericht/index/spielbericht/807
2003/04,17.08.2003,FC Energie Cottbus,Alemannia Aachen,11000,LEAG Energie Stadion,https://www.transfermarkt.de/spielbericht/index/spielbericht/808
2003/04,17.08.2003,SV Wacker Burghausen,VfL Osnabrück,3700,Wacker-Arena,https://www.transfermarkt.de/spielbericht/index/spielbericht/809
2003/04,17.08.2003,MSV Duisburg,SSV Jahn Regensburg,10000,MSV-Arena,https://www.transfermarkt.de/spielbericht/index/spielbericht/810
2003/04,18.08.2003,1.FSV Mainz 05,1.FC Nürnberg,18400,Stadion am Bruchweg,https://www.transfermarkt.de/spielbericht/index/spielbericht/825
2003/04,22.08.2003,SV Eintracht Trier 05,MSV Duisburg,6425,Moselstadion,https://www.transfermarkt.de/spielbericht/index/spielbericht/1003
2003/04,22.08.2003,SSV Jahn Regensburg,VfB Lübeck,8400,Jahnstadion,https://www.transfermarkt.de/spielbericht/index/spielbericht/1004
2003/04,22.08.2003,LR Ahlen,Karlsruher SC,5001,Wersestadion,https://www.transfermarkt.de/spielbericht/index/spielbericht/1006
2003/04,24.08.2003,VfL Osnabrück,1.FSV Mainz 05,11500,Bremer Brücke,https://www.transfermarkt.de/spielbericht/index/spielbericht/1000
2003/04,24.08.2003,Alemannia Aachen,FC Erzgebirge Aue,10132,Tivoli (alt),https://www.transfermarkt.de/spielbericht/index/spielbericht/1001
2003/04,24.08.2003,1.FC Union Berlin,SpVgg Greuther Fürth,6738,Stadion An der Alten Försterei,https://www.transfermarkt.de/spielbericht/index/spielbericht/1002
2003/04,24.08.2003,SpVgg Unterhaching,Arminia Bielefeld,5000,Uhlsport Park,https://www.transfermarkt.de/spielbericht/index/spielbericht/1005
2003/04,24.08.2003,Rot,Weiß Oberhausen - SV Wacker Burghausen,4058,Stadion Niederrhein,https://www.transfermarkt.de/spielbericht/index/spielbericht/1007
2003/04,25.08.2003,1.FC Nürnberg,FC Energie Cottbus,14694,Max-Morlock-Stadion,https://www.transfermarkt.de/spielbericht/index/spielbericht/1025
2003/04,12.09.2003,1.FSV Mainz 05,Rot-Weiß Oberhausen,13900,Stadion am Bruchweg,https://www.transfermarkt.de/spielbericht/index/spielbericht/1227
2003/04,12.09.2003,SV Wacker Burghausen,LR Ahlen,3100,Wacker-Arena,https://www.transfermarkt.de/spielbericht/index/spielbericht/1228
2003/04,12.09.2003,MSV Duisburg,1.FC Union Berlin,8400,MSV-Arena,https://www.transfermarkt.de/spielbericht/index/spielbericht/1229
2003/04,14.09.2003,SpVgg Greuther Fürth,Alemannia Aachen,5510,Sportpark Ronhof | Thomas Sommer,https://www.transfermarkt.de/spielbericht/index/spielbericht/1255
2003/04,14.09.2003,FC Erzgebirge Aue,1.FC Nürnberg,12500,eins Erzgebirgsstadion,https://www.transfermarkt.de/spielbericht/index/spielbericht/1256
2003/04,14.09.2003,FC Energie Cottbus,VfL Osnabrück,10900,LEAG Energie Stadion,https://www.transfermarkt.de/spielbericht/index/spielbericht/1257
2003/04,14.09.2003,SpVgg Unterhaching,SSV Jahn Regensburg,7500,Uhlsport Park,https://www.transfermarkt.de/spielbericht/index/spielbericht/1258
2003/04,14.09.2003,VfB Lübeck,SV Eintracht Trier 05,6500,Stadion an der Lohmühle,https://www.transfermarkt.de/spielbericht/index/spielbericht/1259
2003/04,15.09.2003,Arminia Bielefeld,Karlsruher SC,8356,SchücoArena,https://www.transfermarkt.de/spielbericht/index/spielbericht/1287
2003/04,19.09.2003,Alemannia Aachen,MSV Duisburg,12200,Tivoli (alt),https://www.transfermarkt.de/spielbericht/index/spielbericht/1425
2003/04,19.09.2003,1.FC Union Berlin,VfB Lübeck,7764,Stadion An der Alten Försterei,https://www.transfermarkt.de/spielbericht/index/spielbericht/1426
2003/04,19.09.2003,SSV Jahn Regensburg,Arminia Bielefeld,8500,Jahnstadion,https://www.transfermarkt.de/spielbericht/index/spielbericht/1427
2003/04,21.09.2003,VfL Osnabrück,FC Erzgebirge Aue,10000,Bremer Brücke,https://www.transfermarkt.de/spielbericht/index/spielbericht/1455
2003/04,21.09.2003,SV Eintracht Trier 05,SpVgg Unterhaching,6136,Moselstadion,https://www.transfermarkt.de/spielbericht/index/spielbericht/1456
2003/04,21.09.2003,Karlsruher SC,SV Wacker Burghausen,10700,BBBank Wildpark,https://www.transfermarkt.de/spielbericht/index/spielbericht/1457
2003/04,21.09.2003,LR Ahlen,1.FSV Mainz 05,6128,Wersestadion,https://www.transfermarkt.de/spielbericht/index/spielbericht/1458
2003/04,21.09.2003,Rot,Weiß Oberhausen - FC Energie Cottbus,4113,Stadion Niederrhein,https://www.transfermarkt.de/spielbericht/index/spielbericht/1459
2003/04,22.09.2003,1.FC Nürnberg,SpVgg Greuther Fürth,26067,Max-Morlock-Stadion,https://www.transfermarkt.de/spielbericht/index/spielbericht/1487
2003/04,26.09.2003,FC Energie Cottbus,LR Ahlen,11500,LEAG Energie Stadion,https://www.transfermarkt.de/spielbericht/index/spielbericht/1623
2003/04,26.09.2003,SpVgg Unterhaching,1.FC Union Berlin,3200,Uhlsport Park,https://www.transfermarkt.de/spielbericht/index/spielbericht/1624
2003/04,26.09.2003,VfB Lübeck,Alemannia Aachen,6700,Stadion an der Lohmühle,https://www.transfermarkt.de/spielbericht/index/spielbericht/1625
2003/04,28.09.2003,Arminia Bielefeld,SV Wacker Burghausen,10679,SchücoArena,https://www.transfermarkt.de/spielbericht/index/spielbericht/1658
2003/04,28.09.2003,SpVgg Greuther Fürth,VfL Osnabrück,6200,Sportpark Ronhof | Thomas Sommer,https://www.transfermarkt.de/spielbericht/index/spielbericht/1659
2003/04,28.09.2003,FC Erzgebirge Aue,Rot-Weiß Oberhausen,8100,eins Erzgebirgsstadion,https://www.transfermarkt.de/spielbericht/index/spielbericht/1660
2003/04,28.09.2003,SSV Jahn Regensburg,SV Eintracht Trier 05,6500,Jahnstadion,https://www.transfermarkt.de/spielbericht/index/spielbericht/1661
2003/04,28.09.2003,MSV Duisburg,1.FC Nürnberg,8762,MSV-Arena,https://www.transfermarkt.de/spielbericht/index/spielbericht/1662
2003/04,29.09.2003,1.FSV Mainz 05,Karlsruher SC,15200,Stadion am Bruchweg,https://www.transfermarkt.de/spielbericht/index/spielbericht/1686
2003/04,03.10.2003,VfL Osnabrück,MSV Duisburg,16000,Bremer Brücke,https://www.transfermarkt.de/spielbericht/index/spielbericht/1823
2003/04,03.10.2003,SV Eintracht Trier 05,Arminia Bielefeld,8100,Moselstadion,https://www.transfermarkt.de/spielbericht/index/spielbericht/1824
2003/04,03.10.2003,Karlsruher SC,FC Energie Cottbus,14600,BBBank Wildpark,https://www.transfermarkt.de/spielbericht/index/spielbericht/1825
2003/04,05.10.2003,1.FC Nürnberg,VfB Lübeck,10893,Max-Morlock-Stadion,https://www.transfermarkt.de/spielbericht/index/spielbericht/1853
2003/04,05.10.2003,1.FC Union Berlin,SSV Jahn Regensburg,7198,Stadion An der Alten Försterei,https://www.transfermarkt.de/spielbericht/index/spielbericht/1854
2003/04,05.10.2003,SV Wacker Burghausen,1.FSV Mainz 05,3450,Wacker-Arena,https://www.transfermarkt.de/spielbericht/index/spielbericht/1855
2003/04,05.10.2003,LR Ahlen,FC Erzgebirge Aue,3810,Wersestadion,https://www.transfermarkt.de/spielbericht/index/spielbericht/1856
2003/04,05.10.2003,Rot,Weiß Oberhausen - SpVgg Greuther Fürth,3184,Stadion Niederrhein,https://www.transfermarkt.de/spielbericht/index/spielbericht/1857
2003/04,06.10.2003,Alemannia Aachen,SpVgg Unterhaching,9018,Tivoli (alt),https://www.transfermarkt.de/spielbericht/index/spielbericht/1884
2003/04,17.10.2003,SV Eintracht Trier 05,1.FC Union Berlin,4910,Moselstadion,https://www.transfermarkt.de/spielbericht/index/spielbericht/2039
2003/04,17.10.2003,VfB Lübeck,VfL Osnabrück,8000,Stadion an der Lohmühle,https://www.transfermarkt.de/spielbericht/index/spielbericht/2040
2003/04,17.10.2003,MSV Duisburg,Rot-Weiß Oberhausen,12400,MSV-Arena,https://www.transfermarkt.de/spielbericht/index/spielbericht/2041
2003/04,19.10.2003,Arminia Bielefeld,1.FSV Mainz 05,21758,SchücoArena,https://www.transfermarkt.de/spielbericht/index/spielbericht/2066
2003/04,19.10.2003,SpVgg Greuther Fürth,LR Ahlen,5015,Sportpark Ronhof | Thomas Sommer,https://www.transfermarkt.de/spielbericht/index/spielbericht/2067
2003/04,19.10.2003,FC Erzgebirge Aue,Karlsruher SC,8500,eins Erzgebirgsstadion,https://www.transfermarkt.de/spielbericht/index/spielbericht/2068
2003/04,19.10.2003,FC Energie Cottbus,SV Wacker Burghausen,11100,LEAG Energie Stadion,https://www.transfermarkt.de/spielbericht/index/spielbericht/2069
2003/04,19.10.2003,SSV Jahn Regensburg,Alemannia Aachen,8100,Jahnstadion,https://www.transfermarkt.de/spielbericht/index/spielbericht/2070
2003/04,20.10.2003,SpVgg Unterhaching,1.FC Nürnberg,7000,Uhlsport Park,https://www.transfermarkt.de/spielbericht/index/spielbericht/2083
2003/04,24.10.2003,1.FC Nürnberg,SSV Jahn Regensburg,15955,Max-Morlock-Stadion,https://www.transfermarkt.de/spielbericht/index/spielbericht/2239
2003/04,24.10.2003,SV Wacker Burghausen,FC Erzgebirge Aue,5100,Wacker-Arena,https://www.transfermarkt.de/spielbericht/index/spielbericht/2240
2003/04,24.10.2003,Rot,Weiß Oberhausen - VfB Lübeck,3014,Stadion Niederrhein,https://www.transfermarkt.de/spielbericht/index/spielbericht/2241
2003/04,26.10.2003,VfL Osnabrück,SpVgg Unterhaching,9500,Bremer Brücke,https://www.transfermarkt.de/spielbericht/index/spielbericht/2267
2003/04,26.10.2003,Alemannia Aachen,SV Eintracht Trier 05,13585,Tivoli (alt),https://www.transfermarkt.de/spielbericht/index/spielbericht/2268
2003/04,26.10.2003,1.FC Union Berlin,Arminia Bielefeld,7014,Stadion An der Alten Försterei,https://www.transfermarkt.de/spielbericht/index/spielbericht/2269
2003/04,26.10.2003,Karlsruher SC,SpVgg Greuther Fürth,9800,BBBank Wildpark,https://www.transfermarkt.de/spielbericht/index/spielbericht/2270
2003/04,26.10.2003,LR Ahlen,MSV Duisburg,4400,Wersestadion,https://www.transfermarkt.de/spielbericht/index/spielbericht/2271
2003/04,27.10.2003,1.FSV Mainz 05,FC Energie Cottbus,18700,Stadion am Bruchweg,https://www.transfermarkt.de/spielbericht/index/spielbericht/2284
2003/04,31.10.2003,Arminia Bielefeld,FC Energie Cottbus,16157,SchücoArena,https://www.transfermarkt.de/spielbericht/index/spielbericht/2438
2003/04,31.10.2003,FC Erzgebirge Aue,1.FSV Mainz 05,11300,eins Erzgebirgsstadion,https://www.transfermarkt.de/spielbericht/index/spielbericht/2439
2003/04,31.10.2003,VfB Lübeck,LR Ahlen,6050,Stadion an der Lohmühle,https://www.transfermarkt.de/spielbericht/index/spielbericht/2440
2003/04,02.11.2003,SpVgg Greuther Fürth,SV Wacker Burghausen,5460,Sportpark Ronhof | Thomas Sommer,https://www.transfermarkt.de/spielbericht/index/spielbericht/2468
2003/04,02.11.2003,SV Eintracht Trier 05,1.FC Nürnberg,5950,Moselstadion,https://www.transfermarkt.de/spielbericht/index/spielbericht/2469
2003/04,02.11.2003,SSV Jahn Regensburg,VfL Osnabrück,7500,Jahnstadion,https://www.transfermarkt.de/spielbericht/index/spielbericht/2470
2003/04,02.11.2003,SpVgg Unterhaching,Rot-Weiß Oberhausen,4000,Uhlsport Park,https://www.transfermarkt.de/spielbericht/index/spielbericht/2471
2003/04,02.11.2003,MSV Duisburg,Karlsruher SC,10130,MSV-Arena,https://www.transfermarkt.de/spielbericht/index/spielbericht/2472
2003/04,03.11.2003,1.FC Union Berlin,Alemannia Aachen,5213,Stadion An der Alten Försterei,https://www.transfermarkt.de/spielbericht/index/spielbericht/2482
2003/04,07.11.2003,VfL Osnabrück,SV Eintracht Trier 05,11000,Bremer Brücke,https://www.transfermarkt.de/spielbericht/index/spielbericht/2638
2003/04,07.11.2003,1.FSV Mainz 05,SpVgg Greuther Fürth,14800,Stadion am Bruchweg,https://www.transfermarkt.de/spielbericht/index/spielbericht/2639
2003/04,07.11.2003,Rot,Weiß Oberhausen - SSV Jahn Regensburg,4177,Stadion Niederrhein,https://www.transfermarkt.de/spielbericht/index/spielbericht/2640
2003/04,09.11.2003,1.FC Nürnberg,1.FC Union Berlin,13710,Max-Morlock-Stadion,https://www.transfermarkt.de/spielbericht/index/spielbericht/2663
2003/04,09.11.2003,Alemannia Aachen,Arminia Bielefeld,15781,Tivoli (alt),https://www.transfermarkt.de/spielbericht/index/spielbericht/2664
2003/04,09.11.2003,SV Wacker Burghausen,MSV Duisburg,3900,Wacker-Arena,https://www.transfermarkt.de/spielbericht/index/spielbericht/2665
2003/04,09.11.2003,Karlsruher SC,VfB Lübeck,11300,BBBank Wildpark,https://www.transfermarkt.de/spielbericht/index/spielbericht/2666
2003/04,09.11.2003,LR Ahlen,SpVgg Unterhaching,3128,Wersestadion,https://www.transfermarkt.de/spielbericht/index/spielbericht/2667
2003/04,10.11.2003,FC Energie Cottbus,FC Erzgebirge Aue,13300,LEAG Energie Stadion,https://www.transfermarkt.de/spielbericht/index/spielbericht/2681
2003/04,21.11.2003,Arminia Bielefeld,FC Erzgebirge Aue,9632,SchücoArena,https://www.transfermarkt.de/spielbericht/index/spielbericht/2837
2003/04,21.11.2003,1.FC Union Berlin,VfL Osnabrück,7375,Stadion An der Alten Försterei,https://www.transfermarkt.de/spielbericht/index/spielbericht/2838
2003/04,21.11.2003,VfB Lübeck,SV Wacker Burghausen,5600,Stadion an der Lohmühle,https://www.transfermarkt.de/spielbericht/index/spielbericht/2839
2003/04,21.11.2003,MSV Duisburg,1.FSV Mainz 05,10100,MSV-Arena,https://www.transfermarkt.de/spielbericht/index/spielbericht/2840
2003/04,23.11.2003,SpVgg Greuther Fürth,FC Energie Cottbus,8421,Sportpark Ronhof | Thomas Sommer,https://www.transfermarkt.de/spielbericht/index/spielbericht/2867
2003/04,23.11.2003,SV Eintracht Trier 05,Rot-Weiß Oberhausen,4730,Moselstadion,https://www.transfermarkt.de/spielbericht/index/spielbericht/2868
2003/04,23.11.2003,SSV Jahn Regensburg,LR Ahlen,7000,Jahnstadion,https://www.transfermarkt.de/spielbericht/index/spielbericht/2869
2003/04,23.11.2003,SpVgg Unterhaching,Karlsruher SC,4100,Uhlsport Park,https://www.transfermarkt.de/spielbericht/index/spielbericht/2870
2003/04,29.11.2003,VfL Osnabrück,Alemannia Aachen,14000,Bremer Brücke,https://www.transfermarkt.de/spielbericht/index/spielbericht/3037
2003/04,29.11.2003,FC Energie Cottbus,MSV Duisburg,11100,LEAG Energie Stadion,https://www.transfermarkt.de/spielbericht/index/spielbericht/3038
2003/04,29.11.2003,Karlsruher SC,SSV Jahn Regensburg,9800,BBBank Wildpark,https://www.transfermarkt.de/spielbericht/index/spielbericht/3039
2003/04,30.11.2003,FC Erzgebirge Aue,SpVgg Greuther Fürth,8600,eins Erzgebirgsstadion,https://www.transfermarkt.de/spielbericht/index/spielbericht/3063
2003/04,30.11.2003,1.FSV Mainz 05,VfB Lübeck,13250,Stadion am Bruchweg,https://www.transfermarkt.de/spielbericht/index/spielbericht/3064
2003/04,30.11.2003,SV Wacker Burghausen,SpVgg Unterhaching,5300,Wacker-Arena,https://www.transfermarkt.de/spielbericht/index/spielbericht/3065
2003/04,30.11.2003,LR Ahlen,SV Eintracht Trier 05,3468,Wersestadion,https://www.transfermarkt.de/spielbericht/index/spielbericht/3066
2003/04,30.11.2003,Rot,Weiß Oberhausen - 1.FC Union Berlin,5683,Stadion Niederrhein,https://www.transfermarkt.de/spielbericht/index/spielbericht/3067
2003/04,01.12.2003,1.FC Nürnberg,Arminia Bielefeld,10460,Max-Morlock-Stadion,https://www.transfermarkt.de/spielbericht/index/spielbericht/3081
2003/04,05.12.2003,SV Eintracht Trier 05,Karlsruher SC,4015,Moselstadion,https://www.transfermarkt.de/spielbericht/index/spielbericht/3269
2003/04,05.12.2003,SSV Jahn Regensburg,SV Wacker Burghausen,7500,Jahnstadion,https://www.transfermarkt.de/spielbericht/index/spielbericht/3270
2003/04,05.12.2003,MSV Duisburg,FC Erzgebirge Aue,7500,MSV-Arena,https://www.transfermarkt.de/spielbericht/index/spielbericht/3272
2003/04,07.12.2003,Arminia Bielefeld,SpVgg Greuther Fürth,8079,SchücoArena,https://www.transfermarkt.de/spielbericht/index/spielbericht/3265
2003/04,07.12.2003,1.FC Nürnberg,VfL Osnabrück,12365,Max-Morlock-Stadion,https://www.transfermarkt.de/spielbericht/index/spielbericht/3266
2003/04,07.12.2003,Alemannia Aachen,Rot-Weiß Oberhausen,13982,Tivoli (alt),https://www.transfermarkt.de/spielbericht/index/spielbericht/3267
2003/04,07.12.2003,1.FC Union Berlin,LR Ahlen,6561,Stadion An der Alten Försterei,https://www.transfermarkt.de/spielbericht/index/spielbericht/3268
2003/04,07.12.2003,VfB Lübeck,FC Energie Cottbus,6900,Stadion an der Lohmühle,https://www.transfermarkt.de/spielbericht/index/spielbericht/3271
2003/04,08.12.2003,SpVgg Unterhaching,1.FSV Mainz 05,3000,Uhlsport Park,https://www.transfermarkt.de/spielbericht/index/spielbericht/3289
2003/04,12.12.2003,Arminia Bielefeld,VfL Osnabrück,17233,SchücoArena,https://www.transfermarkt.de/spielbericht/index/spielbericht/3431
2003/04,12.12.2003,SpVgg Greuther Fürth,MSV Duisburg,6300,Sportpark Ronhof | Thomas Sommer,https://www.transfermarkt.de/spielbericht/index/spielbericht/3432
2003/04,12.12.2003,Rot,Weiß Oberhausen - 1.FC Nürnberg,5661,Stadion Niederrhein,https://www.transfermarkt.de/spielbericht/index/spielbericht/3433
2003/04,12.12.2003,LR Ahlen,Alemannia Aachen,5028,Wersestadion,https://www.transfermarkt.de/spielbericht/index/spielbericht/3486
2003/04,14.12.2003,FC Erzgebirge Aue,VfB Lübeck,7100,eins Erzgebirgsstadion,https://www.transfermarkt.de/spielbericht/index/spielbericht/3461
2003/04,14.12.2003,FC Energie Cottbus,SpVgg Unterhaching,9400,LEAG Energie Stadion,https://www.transfermarkt.de/spielbericht/index/spielbericht/3462
2003/04,14.12.2003,1.FSV Mainz 05,SSV Jahn Regensburg,13300,Stadion am Bruchweg,https://www.transfermarkt.de/spielbericht/index/spielbericht/3463
2003/04,14.12.2003,SV Wacker Burghausen,SV Eintracht Trier 05,2700,Wacker-Arena,https://www.transfermarkt.de/spielbericht/index/spielbericht/3464
2003/04,14.12.2003,Karlsruher SC,1.FC Union Berlin,9500,BBBank Wildpark,https://www.transfermarkt.de/spielbericht/index/spielbericht/3465
2003/04,16.12.2003,MSV Duisburg,Arminia Bielefeld,7020,MSV-Arena,https://www.transfermarkt.de/spielbericht/index/spielbericht/3637
2003/04,16.12.2003,VfL Osnabrück,Rot-Weiß Oberhausen,10300,Bremer Brücke,https://www.transfermarkt.de/spielbericht/index/spielbericht/3630
2003/04,16.12.2003,1.FC Nürnberg,LR Ahlen,8539,Max-Morlock-Stadion,https://www.transfermarkt.de/spielbericht/index/spielbericht/3631
2003/04,17.12.2003,SV Eintracht Trier 05,1.FSV Mainz 05,6985,Moselstadion,https://www.transfermarkt.de/spielbericht/index/spielbericht/3634
2003/04,17.12.2003,VfB Lübeck,SpVgg Greuther Fürth,5800,Stadion an der Lohmühle,https://www.transfermarkt.de/spielbericht/index/spielbericht/3636
2003/04,17.12.2003,Alemannia Aachen,Karlsruher SC,13303,Tivoli (alt),https://www.transfermarkt.de/spielbericht/index/spielbericht/3632
2003/04,17.12.2003,1.FC Union Berlin,SV Wacker Burghausen,4780,Stadion An der Alten Försterei,https://www.transfermarkt.de/spielbericht/index/spielbericht/3633
2003/04,17.12.2003,SpVgg Unterhaching,FC Erzgebirge Aue,3000,Uhlsport Park,https://www.transfermarkt.de/spielbericht/index/spielbericht/3635
2003/04,18.12.2003,SSV Jahn Regensburg,FC Energie Cottbus,6000,Jahnstadion,https://www.transfermarkt.de/spielbericht/index/spielbericht/3647
2003/04,31.01.2004,SpVgg Unterhaching,SpVgg Greuther Fürth,3000,Uhlsport Park,https://www.transfermarkt.de/spielbericht/index/spielbericht/3872
2003/04,31.01.2004,Alemannia Aachen,SV Wacker Burghausen,12137,Tivoli (alt),https://www.transfermarkt.de/spielbericht/index/spielbericht/3876
2003/04,01.02.2004,SSV Jahn Regensburg,FC Erzgebirge Aue,8000,Jahnstadion,https://www.transfermarkt.de/spielbericht/index/spielbericht/3873
2003/04,01.02.2004,SV Eintracht Trier 05,FC Energie Cottbus,5500,Moselstadion,https://www.transfermarkt.de/spielbericht/index/spielbericht/3874
2003/04,01.02.2004,1.FC Union Berlin,1.FSV Mainz 05,5985,Stadion An der Alten Försterei,https://www.transfermarkt.de/spielbericht/index/spielbericht/3875
2003/04,01.02.2004,1.FC Nürnberg,Karlsruher SC,12457,Max-Morlock-Stadion,https://www.transfermarkt.de/spielbericht/index/spielbericht/3877
2003/04,01.02.2004,VfL Osnabrück,LR Ahlen,10000,Bremer Brücke,https://www.transfermarkt.de/spielbericht/index/spielbericht/3878
2003/04,02.02.2004,Rot,Weiß Oberhausen - Arminia Bielefeld,5880,Stadion Niederrhein,https://www.transfermarkt.de/spielbericht/index/spielbericht/3881
2003/04,11.02.2004,VfB Lübeck,MSV Duisburg,6500,Stadion an der Lohmühle,https://www.transfermarkt.de/spielbericht/index/spielbericht/3890
2003/04,06.02.2004,Karlsruher SC,VfL Osnabrück,9400,BBBank Wildpark,https://www.transfermarkt.de/spielbericht/index/spielbericht/4041
2003/04,06.02.2004,SV Wacker Burghausen,1.FC Nürnberg,8100,Wacker-Arena,https://www.transfermarkt.de/spielbericht/index/spielbericht/4042
2003/04,06.02.2004,LR Ahlen,Rot-Weiß Oberhausen,5687,Wersestadion,https://www.transfermarkt.de/spielbericht/index/spielbericht/4043
2003/04,08.02.2004,1.FSV Mainz 05,Alemannia Aachen,15700,Stadion am Bruchweg,https://www.transfermarkt.de/spielbericht/index/spielbericht/4051
2003/04,08.02.2004,FC Erzgebirge Aue,SV Eintracht Trier 05,8300,eins Erzgebirgsstadion,https://www.transfermarkt.de/spielbericht/index/spielbericht/4052
2003/04,08.02.2004,SpVgg Greuther Fürth,SSV Jahn Regensburg,4745,Sportpark Ronhof | Thomas Sommer,https://www.transfermarkt.de/spielbericht/index/spielbericht/4053
2003/04,08.02.2004,MSV Duisburg,SpVgg Unterhaching,7136,MSV-Arena,https://www.transfermarkt.de/spielbericht/index/spielbericht/4054
2003/04,08.02.2004,Arminia Bielefeld,VfB Lübeck,9254,SchücoArena,https://www.transfermarkt.de/spielbericht/index/spielbericht/4055
2003/04,09.02.2004,FC Energie Cottbus,1.FC Union Berlin,12660,LEAG Energie Stadion,https://www.transfermarkt.de/spielbericht/index/spielbericht/4060
2003/04,13.02.2004,SV Eintracht Trier 05,SpVgg Greuther Fürth,4850,Moselstadion,https://www.transfermarkt.de/spielbericht/index/spielbericht/4234
2003/04,13.02.2004,VfL Osnabrück,SV Wacker Burghausen,8400,Bremer Brücke,https://www.transfermarkt.de/spielbericht/index/spielbericht/4235
2003/04,13.02.2004,Rot,Weiß Oberhausen - Karlsruher SC,8855,Stadion Niederrhein,https://www.transfermarkt.de/spielbericht/index/spielbericht/4236
2003/04,15.02.2004,LR Ahlen,Arminia Bielefeld,6098,Wersestadion,https://www.transfermarkt.de/spielbericht/index/spielbericht/4245
2003/04,15.02.2004,1.FC Union Berlin,FC Erzgebirge Aue,8941,Stadion An der Alten Försterei,https://www.transfermarkt.de/spielbericht/index/spielbericht/4246
2003/04,15.02.2004,Alemannia Aachen,FC Energie Cottbus,15827,Tivoli (alt),https://www.transfermarkt.de/spielbericht/index/spielbericht/4247
2003/04,15.02.2004,SpVgg Unterhaching,VfB Lübeck,2800,Uhlsport Park,https://www.transfermarkt.de/spielbericht/index/spielbericht/4248
2003/04,15.02.2004,SSV Jahn Regensburg,MSV Duisburg,6500,Jahnstadion,https://www.transfermarkt.de/spielbericht/index/spielbericht/4249
2003/04,16.02.2004,1.FC Nürnberg,1.FSV Mainz 05,11533,Max-Morlock-Stadion,https://www.transfermarkt.de/spielbericht/index/spielbericht/4260
2003/04,20.02.2004,1.FSV Mainz 05,VfL Osnabrück,14700,Stadion am Bruchweg,https://www.transfermarkt.de/spielbericht/index/spielbericht/4436
2003/04,20.02.2004,FC Energie Cottbus,1.FC Nürnberg,13500,LEAG Energie Stadion,https://www.transfermarkt.de/spielbericht/index/spielbericht/4437
2003/04,20.02.2004,MSV Duisburg,SV Eintracht Trier 05,7122,MSV-Arena,https://www.transfermarkt.de/spielbericht/index/spielbericht/4438
2003/04,22.02.2004,FC Erzgebirge Aue,Alemannia Aachen,9200,eins Erzgebirgsstadion,https://www.transfermarkt.de/spielbericht/index/spielbericht/4450
2003/04,22.02.2004,SpVgg Greuther Fürth,1.FC Union Berlin,4590,Sportpark Ronhof | Thomas Sommer,https://www.transfermarkt.de/spielbericht/index/spielbericht/4451
2003/04,22.02.2004,VfB Lübeck,SSV Jahn Regensburg,6500,Stadion an der Lohmühle,https://www.transfermarkt.de/spielbericht/index/spielbericht/4452
2003/04,22.02.2004,Karlsruher SC,LR Ahlen,8100,BBBank Wildpark,https://www.transfermarkt.de/spielbericht/index/spielbericht/4453
2003/04,22.02.2004,SV Wacker Burghausen,Rot-Weiß Oberhausen,4200,Wacker-Arena,https://www.transfermarkt.de/spielbericht/index/spielbericht/4454
2003/04,23.02.2004,Arminia Bielefeld,SpVgg Unterhaching,7160,SchücoArena,https://www.transfermarkt.de/spielbericht/index/spielbericht/4458
2003/04,27.02.2004,Karlsruher SC,Arminia Bielefeld,10500,BBBank Wildpark,https://www.transfermarkt.de/spielbericht/index/spielbericht/4599
2003/04,27.02.2004,Alemannia Aachen,SpVgg Greuther Fürth,13309,Tivoli (alt),https://www.transfermarkt.de/spielbericht/index/spielbericht/4600
2003/04,27.02.2004,1.FC Nürnberg,FC Erzgebirge Aue,17383,Max-Morlock-Stadion,https://www.transfermarkt.de/spielbericht/index/spielbericht/4601
2003/04,29.02.2004,VfL Osnabrück,FC Energie Cottbus,12000,Bremer Brücke,https://www.transfermarkt.de/spielbericht/index/spielbericht/4625
2003/04,29.02.2004,SSV Jahn Regensburg,SpVgg Unterhaching,7000,Jahnstadion,https://www.transfermarkt.de/spielbericht/index/spielbericht/4626
2003/04,29.02.2004,1.FC Union Berlin,MSV Duisburg,7700,Stadion An der Alten Försterei,https://www.transfermarkt.de/spielbericht/index/spielbericht/4627
2003/04,01.03.2004,SV Eintracht Trier 05,VfB Lübeck,4000,Moselstadion,https://www.transfermarkt.de/spielbericht/index/spielbericht/4634
2003/04,10.03.2004,Rot,Weiß Oberhausen - 1.FSV Mainz 05,7314,Stadion Niederrhein,https://www.transfermarkt.de/spielbericht/index/spielbericht/4654
2003/04,17.03.2004,LR Ahlen,SV Wacker Burghausen,3900,Wersestadion,https://www.transfermarkt.de/spielbericht/index/spielbericht/4682
2003/04,05.03.2004,VfB Lübeck,1.FC Union Berlin,7300,Stadion an der Lohmühle,https://www.transfermarkt.de/spielbericht/index/spielbericht/4803
2003/04,05.03.2004,SpVgg Unterhaching,SV Eintracht Trier 05,2300,Uhlsport Park,https://www.transfermarkt.de/spielbericht/index/spielbericht/4804
2003/04,05.03.2004,SV Wacker Burghausen,Karlsruher SC,3100,Wacker-Arena,https://www.transfermarkt.de/spielbericht/index/spielbericht/4805
2003/04,07.03.2004,FC Erzgebirge Aue,VfL Osnabrück,9200,eins Erzgebirgsstadion,https://www.transfermarkt.de/spielbericht/index/spielbericht/4829
2003/04,07.03.2004,SpVgg Greuther Fürth,1.FC Nürnberg,14500,Sportpark Ronhof | Thomas Sommer,https://www.transfermarkt.de/spielbericht/index/spielbericht/4830
2003/04,07.03.2004,Arminia Bielefeld,SSV Jahn Regensburg,9437,SchücoArena,https://www.transfermarkt.de/spielbericht/index/spielbericht/4831
2003/04,07.03.2004,1.FSV Mainz 05,LR Ahlen,12000,Stadion am Bruchweg,https://www.transfermarkt.de/spielbericht/index/spielbericht/4832
2003/04,07.03.2004,FC Energie Cottbus,Rot-Weiß Oberhausen,11800,LEAG Energie Stadion,https://www.transfermarkt.de/spielbericht/index/spielbericht/4833
2003/04,08.03.2004,MSV Duisburg,Alemannia Aachen,12000,MSV-Arena,https://www.transfermarkt.de/spielbericht/index/spielbericht/4844
2003/04,12.03.2004,LR Ahlen,FC Energie Cottbus,4002,Wersestadion,https://www.transfermarkt.de/spielbericht/index/spielbericht/5006
2003/04,12.03.2004,SV Eintracht Trier 05,SSV Jahn Regensburg,5400,Moselstadion,https://www.transfermarkt.de/spielbericht/index/spielbericht/5007
2003/04,12.03.2004,Alemannia Aachen,VfB Lübeck,12417,Tivoli (alt),https://www.transfermarkt.de/spielbericht/index/spielbericht/5008
2003/04,14.03.2004,SV Wacker Burghausen,Arminia Bielefeld,5300,Wacker-Arena,https://www.transfermarkt.de/spielbericht/index/spielbericht/5034
2003/04,14.03.2004,VfL Osnabrück,SpVgg Greuther Fürth,8800,Bremer Brücke,https://www.transfermarkt.de/spielbericht/index/spielbericht/5035
2003/04,14.03.2004,Rot,Weiß Oberhausen - FC Erzgebirge Aue,6817,Stadion Niederrhein,https://www.transfermarkt.de/spielbericht/index/spielbericht/5036
2003/04,14.03.2004,1.FC Union Berlin,SpVgg Unterhaching,8675,Stadion An der Alten Försterei,https://www.transfermarkt.de/spielbericht/index/spielbericht/5037
2003/04,14.03.2004,1.FC Nürnberg,MSV Duisburg,17142,Max-Morlock-Stadion,https://www.transfermarkt.de/spielbericht/index/spielbericht/5038
2003/04,15.03.2004,Karlsruher SC,1.FSV Mainz 05,13200,BBBank Wildpark,https://www.transfermarkt.de/spielbericht/index/spielbericht/5048
2003/04,19.03.2004,MSV Duisburg,VfL Osnabrück,8000,MSV-Arena,https://www.transfermarkt.de/spielbericht/index/spielbericht/5214
2003/04,19.03.2004,FC Energie Cottbus,Karlsruher SC,12900,LEAG Energie Stadion,https://www.transfermarkt.de/spielbericht/index/spielbericht/5215
2003/04,19.03.2004,SpVgg Greuther Fürth,Rot-Weiß Oberhausen,9500,Sportpark Ronhof | Thomas Sommer,https://www.transfermarkt.de/spielbericht/index/spielbericht/5216
2003/04,21.03.2004,SpVgg Unterhaching,Alemannia Aachen,6500,Uhlsport Park,https://www.transfermarkt.de/spielbericht/index/spielbericht/5246
2003/04,21.03.2004,SSV Jahn Regensburg,1.FC Union Berlin,6000,Jahnstadion,https://www.transfermarkt.de/spielbericht/index/spielbericht/5247
2003/04,21.03.2004,Arminia Bielefeld,SV Eintracht Trier 05,9638,SchücoArena,https://www.transfermarkt.de/spielbericht/index/spielbericht/5248
2003/04,21.03.2004,1.FSV Mainz 05,SV Wacker Burghausen,12600,Stadion am Bruchweg,https://www.transfermarkt.de/spielbericht/index/spielbericht/5249
2003/04,21.03.2004,FC Erzgebirge Aue,LR Ahlen,10800,eins Erzgebirgsstadion,https://www.transfermarkt.de/spielbericht/index/spielbericht/5250
2003/04,22.03.2004,VfB Lübeck,1.FC Nürnberg,8800,Stadion an der Lohmühle,https://www.transfermarkt.de/spielbericht/index/spielbericht/5259
2003/04,26.03.2004,SV Wacker Burghausen,FC Energie Cottbus,3600,Wacker-Arena,https://www.transfermarkt.de/spielbericht/index/spielbericht/5407
2003/04,26.03.2004,VfL Osnabrück,VfB Lübeck,7800,Bremer Brücke,https://www.transfermarkt.de/spielbericht/index/spielbericht/5408
2003/04,26.03.2004,Rot,Weiß Oberhausen - MSV Duisburg,14100,Stadion Niederrhein,https://www.transfermarkt.de/spielbericht/index/spielbericht/5409
2003/04,28.03.2004,LR Ahlen,SpVgg Greuther Fürth,4586,Wersestadion,https://www.transfermarkt.de/spielbericht/index/spielbericht/5434
2003/04,28.03.2004,Karlsruher SC,FC Erzgebirge Aue,11000,BBBank Wildpark,https://www.transfermarkt.de/spielbericht/index/spielbericht/5435
2003/04,28.03.2004,1.FC Union Berlin,SV Eintracht Trier 05,7599,Stadion An der Alten Försterei,https://www.transfermarkt.de/spielbericht/index/spielbericht/5436
2003/04,28.03.2004,Alemannia Aachen,SSV Jahn Regensburg,15859,Tivoli (alt),https://www.transfermarkt.de/spielbericht/index/spielbericht/5437
2003/04,28.03.2004,1.FC Nürnberg,SpVgg Unterhaching,16252,Max-Morlock-Stadion,https://www.transfermarkt.de/spielbericht/index/spielbericht/5438
2003/04,29.03.2004,1.FSV Mainz 05,Arminia Bielefeld,15000,Stadion am Bruchweg,https://www.transfermarkt.de/spielbericht/index/spielbericht/5452
2003/04,02.04.2004,SSV Jahn Regensburg,1.FC Nürnberg,11019,Jahnstadion,https://www.transfermarkt.de/spielbericht/index/spielbericht/5622
2003/04,02.04.2004,SV Eintracht Trier 05,Alemannia Aachen,9600,Moselstadion,https://www.transfermarkt.de/spielbericht/index/spielbericht/5623
2003/04,02.04.2004,VfB Lübeck,Rot-Weiß Oberhausen,6800,Stadion an der Lohmühle,https://www.transfermarkt.de/spielbericht/index/spielbericht/5624
2003/04,04.04.2004,SpVgg Unterhaching,VfL Osnabrück,2800,Uhlsport Park,https://www.transfermarkt.de/spielbericht/index/spielbericht/5645
2003/04,04.04.2004,Arminia Bielefeld,1.FC Union Berlin,13444,SchücoArena,https://www.transfermarkt.de/spielbericht/index/spielbericht/5646
2003/04,04.04.2004,FC Erzgebirge Aue,SV Wacker Burghausen,12500,eins Erzgebirgsstadion,https://www.transfermarkt.de/spielbericht/index/spielbericht/5647
2003/04,04.04.2004,SpVgg Greuther Fürth,Karlsruher SC,6038,Sportpark Ronhof | Thomas Sommer,https://www.transfermarkt.de/spielbericht/index/spielbericht/5648
2003/04,04.04.2004,MSV Duisburg,LR Ahlen,10600,MSV-Arena,https://www.transfermarkt.de/spielbericht/index/spielbericht/5649
2003/04,05.04.2004,FC Energie Cottbus,1.FSV Mainz 05,12100,LEAG Energie Stadion,https://www.transfermarkt.de/spielbericht/index/spielbericht/5661
2003/04,08.04.2004,FC Energie Cottbus,Arminia Bielefeld,15000,LEAG Energie Stadion,https://www.transfermarkt.de/spielbericht/index/spielbericht/5840
2003/04,08.04.2004,Alemannia Aachen,1.FC Union Berlin,15839,Tivoli (alt),https://www.transfermarkt.de/spielbericht/index/spielbericht/5841
2003/04,08.04.2004,Rot,Weiß Oberhausen - SpVgg Unterhaching,4184,Stadion Niederrhein,https://www.transfermarkt.de/spielbericht/index/spielbericht/5842
2003/04,11.04.2004,SV Wacker Burghausen,SpVgg Greuther Fürth,5900,Wacker-Arena,https://www.transfermarkt.de/spielbericht/index/spielbericht/5869
2003/04,11.04.2004,1.FSV Mainz 05,FC Erzgebirge Aue,13500,Stadion am Bruchweg,https://www.transfermarkt.de/spielbericht/index/spielbericht/5870
2003/04,11.04.2004,VfL Osnabrück,SSV Jahn Regensburg,6000,Bremer Brücke,https://www.transfermarkt.de/spielbericht/index/spielbericht/5871
2003/04,11.04.2004,LR Ahlen,VfB Lübeck,5012,Wersestadion,https://www.transfermarkt.de/spielbericht/index/spielbericht/5872
2003/04,11.04.2004,Karlsruher SC,MSV Duisburg,9700,BBBank Wildpark,https://www.transfermarkt.de/spielbericht/index/spielbericht/5873
2003/04,12.04.2004,1.FC Nürnberg,SV Eintracht Trier 05,16864,Max-Morlock-Stadion,https://www.transfermarkt.de/spielbericht/index/spielbericht/5876
2003/04,16.04.2004,FC Erzgebirge Aue,FC Energie Cottbus,16500,eins Erzgebirgsstadion,https://www.transfermarkt.de/spielbericht/index/spielbericht/6026
2003/04,16.04.2004,VfB Lübeck,Karlsruher SC,8500,Stadion an der Lohmühle,https://www.transfermarkt.de/spielbericht/index/spielbericht/6027
2003/04,16.04.2004,SSV Jahn Regensburg,Rot-Weiß Oberhausen,7500,Jahnstadion,https://www.transfermarkt.de/spielbericht/index/spielbericht/6028
2003/04,18.04.2004,SV Eintracht Trier 05,VfL Osnabrück,6950,Moselstadion,https://www.transfermarkt.de/spielbericht/index/spielbericht/6063
2003/04,18.04.2004,1.FC Union Berlin,1.FC Nürnberg,9008,Stadion An der Alten Försterei,https://www.transfermarkt.de/spielbericht/index/spielbericht/6064
2003/04,18.04.2004,SpVgg Greuther Fürth,1.FSV Mainz 05,9052,Sportpark Ronhof | Thomas Sommer,https://www.transfermarkt.de/spielbericht/index/spielbericht/6066
2003/04,18.04.2004,MSV Duisburg,SV Wacker Burghausen,11200,MSV-Arena,https://www.transfermarkt.de/spielbericht/index/spielbericht/6067
2003/04,18.04.2004,SpVgg Unterhaching,LR Ahlen,4800,Uhlsport Park,https://www.transfermarkt.de/spielbericht/index/spielbericht/6068
2003/04,19.04.2004,Arminia Bielefeld,Alemannia Aachen,18143,SchücoArena,https://www.transfermarkt.de/spielbericht/index/spielbericht/6065
2003/04,23.04.2004,VfL Osnabrück,1.FC Union Berlin,9000,Bremer Brücke,https://www.transfermarkt.de/spielbericht/index/spielbericht/6235
2003/04,23.04.2004,SV Wacker Burghausen,VfB Lübeck,4200,Wacker-Arena,https://www.transfermarkt.de/spielbericht/index/spielbericht/6236
2003/04,23.04.2004,1.FSV Mainz 05,MSV Duisburg,12500,Stadion am Bruchweg,https://www.transfermarkt.de/spielbericht/index/spielbericht/6237
2003/04,25.04.2004,FC Erzgebirge Aue,Arminia Bielefeld,16397,eins Erzgebirgsstadion,https://www.transfermarkt.de/spielbericht/index/spielbericht/6264
2003/04,25.04.2004,FC Energie Cottbus,SpVgg Greuther Fürth,10050,LEAG Energie Stadion,https://www.transfermarkt.de/spielbericht/index/spielbericht/6265
2003/04,25.04.2004,Rot,Weiß Oberhausen - SV Eintracht Trier 05,5238,Stadion Niederrhein,https://www.transfermarkt.de/spielbericht/index/spielbericht/6266
2003/04,25.04.2004,LR Ahlen,SSV Jahn Regensburg,4887,Wersestadion,https://www.transfermarkt.de/spielbericht/index/spielbericht/6267
2003/04,25.04.2004,Karlsruher SC,SpVgg Unterhaching,10900,BBBank Wildpark,https://www.transfermarkt.de/spielbericht/index/spielbericht/6268
2003/04,26.04.2004,1.FC Nürnberg,Alemannia Aachen,20829,Max-Morlock-Stadion,https://www.transfermarkt.de/spielbericht/index/spielbericht/6285
2003/04,30.04.2004,Alemannia Aachen,VfL Osnabrück,15505,Tivoli (alt),https://www.transfermarkt.de/spielbericht/index/spielbericht/6472
2003/04,30.04.2004,VfB Lübeck,1.FSV Mainz 05,8600,Stadion an der Lohmühle,https://www.transfermarkt.de/spielbericht/index/spielbericht/6475
2003/04,30.04.2004,SV Eintracht Trier 05,LR Ahlen,6535,Moselstadion,https://www.transfermarkt.de/spielbericht/index/spielbericht/6478
2003/04,02.05.2004,SpVgg Greuther Fürth,FC Erzgebirge Aue,12700,Sportpark Ronhof | Thomas Sommer,https://www.transfermarkt.de/spielbericht/index/spielbericht/6473
2003/04,02.05.2004,MSV Duisburg,FC Energie Cottbus,9900,MSV-Arena,https://www.transfermarkt.de/spielbericht/index/spielbericht/6474
2003/04,02.05.2004,SpVgg Unterhaching,SV Wacker Burghausen,6100,Uhlsport Park,https://www.transfermarkt.de/spielbericht/index/spielbericht/6476
2003/04,02.05.2004,SSV Jahn Regensburg,Karlsruher SC,7500,Jahnstadion,https://www.transfermarkt.de/spielbericht/index/spielbericht/6477
2003/04,02.05.2004,1.FC Union Berlin,Rot-Weiß Oberhausen,7744,Stadion An der Alten Försterei,https://www.transfermarkt.de/spielbericht/index/spielbericht/6479
2003/04,03.05.2004,Arminia Bielefeld,1.FC Nürnberg,23104,SchücoArena,https://www.transfermarkt.de/spielbericht/index/spielbericht/6493
2003/04,07.05.2004,VfL Osnabrück,1.FC Nürnberg,7500,Bremer Brücke,https://www.transfermarkt.de/spielbericht/index/spielbericht/6651
2003/04,07.05.2004,SV Wacker Burghausen,SSV Jahn Regensburg,7800,Wacker-Arena,https://www.transfermarkt.de/spielbericht/index/spielbericht/6652
2003/04,07.05.2004,1.FSV Mainz 05,SpVgg Unterhaching,15500,Stadion am Bruchweg,https://www.transfermarkt.de/spielbericht/index/spielbericht/6653
2003/04,09.05.2004,SpVgg Greuther Fürth,Arminia Bielefeld,9311,Sportpark Ronhof | Thomas Sommer,https://www.transfermarkt.de/spielbericht/index/spielbericht/6680
2003/04,09.05.2004,LR Ahlen,1.FC Union Berlin,5986,Wersestadion,https://www.transfermarkt.de/spielbericht/index/spielbericht/6681
2003/04,09.05.2004,Karlsruher SC,SV Eintracht Trier 05,9800,BBBank Wildpark,https://www.transfermarkt.de/spielbericht/index/spielbericht/6682
2003/04,09.05.2004,FC Energie Cottbus,VfB Lübeck,12450,LEAG Energie Stadion,https://www.transfermarkt.de/spielbericht/index/spielbericht/6683
2003/04,09.05.2004,FC Erzgebirge Aue,MSV Duisburg,13200,eins Erzgebirgsstadion,https://www.transfermarkt.de/spielbericht/index/spielbericht/6684
2003/04,10.05.2004,Rot,Weiß Oberhausen - Alemannia Aachen,11202,Stadion Niederrhein,https://www.transfermarkt.de/spielbericht/index/spielbericht/6700
2003/04,16.05.2004,VfL Osnabrück,Arminia Bielefeld,16250,Bremer Brücke,https://www.transfermarkt.de/spielbericht/index/spielbericht/6879
2003/04,16.05.2004,MSV Duisburg,SpVgg Greuther Fürth,9200,MSV-Arena,https://www.transfermarkt.de/spielbericht/index/spielbericht/6880
2003/04,16.05.2004,VfB Lübeck,FC Erzgebirge Aue,13800,Stadion an der Lohmühle,https://www.transfermarkt.de/spielbericht/index/spielbericht/6881
2003/04,16.05.2004,SpVgg Unterhaching,FC Energie Cottbus,8000,Uhlsport Park,https://www.transfermarkt.de/spielbericht/index/spielbericht/6882
2003/04,16.05.2004,SSV Jahn Regensburg,1.FSV Mainz 05,10500,Jahnstadion,https://www.transfermarkt.de/spielbericht/index/spielbericht/6883
2003/04,16.05.2004,SV Eintracht Trier 05,SV Wacker Burghausen,8500,Moselstadion,https://www.transfermarkt.de/spielbericht/index/spielbericht/6884
2003/04,16.05.2004,1.FC Union Berlin,Karlsruher SC,7695,Stadion An der Alten Försterei,https://www.transfermarkt.de/spielbericht/index/spielbericht/6885
2003/04,16.05.2004,Alemannia Aachen,LR Ahlen,21500,Tivoli (alt),https://www.transfermarkt.de/spielbericht/index/spielbericht/6886
2003/04,16.05.2004,1.FC Nürnberg,Rot-Weiß Oberhausen,38200,Max-Morlock-Stadion,https://www.transfermarkt.de/spielbericht/index/spielbericht/6887
2003/04,23.05.2004,Rot,Weiß Oberhausen - VfL Osnabrück,6300,Stadion Niederrhein,https://www.transfermarkt.de/spielbericht/index/spielbericht/7089
2003/04,23.05.2004,LR Ahlen,1.FC Nürnberg,9987,Wersestadion,https://www.transfermarkt.de/spielbericht/index/spielbericht/7090
2003/04,23.05.2004,Karlsruher SC,Alemannia Aachen,32000,BBBank Wildpark,https://www.transfermarkt.de/spielbericht/index/spielbericht/7091
2003/04,23.05.2004,SV Wacker Burghausen,1.FC Union Berlin,5400,Wacker-Arena,https://www.transfermarkt.de/spielbericht/index/spielbericht/7092
2003/04,23.05.2004,1.FSV Mainz 05,SV Eintracht Trier 05,18700,Stadion am Bruchweg,https://www.transfermarkt.de/spielbericht/index/spielbericht/7093
2003/04,23.05.2004,FC Energie Cottbus,SSV Jahn Regensburg,15700,LEAG Energie Stadion,https://www.transfermarkt.de/spielbericht/index/spielbericht/7094
2003/04,23.05.2004,FC Erzgebirge Aue,SpVgg Unterhaching,16500,eins Erzgebirgsstadion,https://www.transfermarkt.de/spielbericht/index/spielbericht/7095
2003/04,23.05.2004,SpVgg Greuther Fürth,VfB Lübeck,10253,Sportpark Ronhof | Thomas Sommer,https://www.transfermarkt.de/spielbericht/index/spielbericht/7096
2003/04,23.05.2004,Arminia Bielefeld,MSV Duisburg,26601,SchücoArena,https://www.transfermarkt.de/spielbericht/index/spielbericht/7097
2004/05,07.08.2004,Rot,Weiss Essen - FC Erzgebirge Aue,14000,Georg-Melches-Stadion,https://www.transfermarkt.de/spielbericht/index/spielbericht/21037
2004/05,07.08.2004,SG Dynamo Dresden,MSV Duisburg,18000,Rudolf-Harbig-Stadion,https://www.transfermarkt.de/spielbericht/index/spielbericht/21040
2004/05,07.08.2004,Karlsruher SC,SV Wacker Burghausen,14000,BBBank Wildpark,https://www.transfermarkt.de/spielbericht/index/spielbericht/21042
2004/05,08.08.2004,TSV 1860 München,SpVgg Unterhaching,21272,Städtisches Stadion an der Grünwalder Straße,https://www.transfermarkt.de/spielbericht/index/spielbericht/21036
2004/05,08.08.2004,Rot,Weiß Oberhausen - SV Eintracht Trier 05,4184,Stadion Niederrhein,https://www.transfermarkt.de/spielbericht/index/spielbericht/21038
2004/05,08.08.2004,1.FC Saarbrücken,Rot-Weiß Erfurt,12000,Ludwigsparkstadion,https://www.transfermarkt.de/spielbericht/index/spielbericht/21039
2004/05,08.08.2004,1.FC Köln,FC Energie Cottbus,42000,RheinEnergieSTADION,https://www.transfermarkt.de/spielbericht/index/spielbericht/21041
2004/05,08.08.2004,SpVgg Greuther Fürth,LR Ahlen,6600,Sportpark Ronhof | Thomas Sommer,https://www.transfermarkt.de/spielbericht/index/spielbericht/21043
2004/05,09.08.2004,Alemannia Aachen,Eintracht Frankfurt,20200,Tivoli (alt),https://www.transfermarkt.de/spielbericht/index/spielbericht/21035
2004/05,13.08.2004,SV Wacker Burghausen,1.FC Köln,7200,Wacker-Arena,https://www.transfermarkt.de/spielbericht/index/spielbericht/21044
2004/05,13.08.2004,MSV Duisburg,1.FC Saarbrücken,12100,MSV-Arena,https://www.transfermarkt.de/spielbericht/index/spielbericht/21046
2004/05,13.08.2004,FC Erzgebirge Aue,TSV 1860 München,16500,eins Erzgebirgsstadion,https://www.transfermarkt.de/spielbericht/index/spielbericht/21049
2004/05,15.08.2004,Rot,Weiß Erfurt - Rot-Weiß Oberhausen,16287,Steigerwaldstadion,https://www.transfermarkt.de/spielbericht/index/spielbericht/21047
2004/05,15.08.2004,SV Eintracht Trier 05,Rot-Weiss Essen,7350,Moselstadion,https://www.transfermarkt.de/spielbericht/index/spielbericht/21048
2004/05,15.08.2004,SpVgg Unterhaching,SpVgg Greuther Fürth,4500,Uhlsport Park,https://www.transfermarkt.de/spielbericht/index/spielbericht/21050
2004/05,15.08.2004,LR Ahlen,Alemannia Aachen,6515,Wersestadion,https://www.transfermarkt.de/spielbericht/index/spielbericht/21051
2004/05,15.08.2004,Eintracht Frankfurt,Karlsruher SC,26800,Deutsche Bank Park,https://www.transfermarkt.de/spielbericht/index/spielbericht/21052
2004/05,16.08.2004,FC Energie Cottbus,SG Dynamo Dresden,17200,LEAG Energie Stadion,https://www.transfermarkt.de/spielbericht/index/spielbericht/21045
2004/05,27.08.2004,Alemannia Aachen,Karlsruher SC,17209,Tivoli (alt),https://www.transfermarkt.de/spielbericht/index/spielbericht/21053
2004/05,27.08.2004,TSV 1860 München,SV Eintracht Trier 05,19100,Städtisches Stadion an der Grünwalder Straße,https://www.transfermarkt.de/spielbericht/index/spielbericht/21054
2004/05,27.08.2004,Rot,Weiss Essen - Rot-Weiß Erfurt,11060,Georg-Melches-Stadion,https://www.transfermarkt.de/spielbericht/index/spielbericht/21055
2004/05,29.08.2004,Rot,Weiß Oberhausen - MSV Duisburg,11700,Stadion Niederrhein,https://www.transfermarkt.de/spielbericht/index/spielbericht/21056
2004/05,29.08.2004,1.FC Saarbrücken,FC Energie Cottbus,6000,Ludwigsparkstadion,https://www.transfermarkt.de/spielbericht/index/spielbericht/21057
2004/05,29.08.2004,SG Dynamo Dresden,SV Wacker Burghausen,11405,Rudolf-Harbig-Stadion,https://www.transfermarkt.de/spielbericht/index/spielbericht/21058
2004/05,29.08.2004,LR Ahlen,SpVgg Unterhaching,3698,Wersestadion,https://www.transfermarkt.de/spielbericht/index/spielbericht/21060
2004/05,29.08.2004,SpVgg Greuther Fürth,FC Erzgebirge Aue,10532,Sportpark Ronhof | Thomas Sommer,https://www.transfermarkt.de/spielbericht/index/spielbericht/21061
2004/05,30.08.2004,1.FC Köln,Eintracht Frankfurt,43000,RheinEnergieSTADION,https://www.transfermarkt.de/spielbericht/index/spielbericht/21059
2004/05,10.09.2004,SV Wacker Burghausen,1.FC Saarbrücken,4800,Wacker-Arena,https://www.transfermarkt.de/spielbericht/index/spielbericht/21062
2004/05,10.09.2004,FC Energie Cottbus,Rot-Weiß Oberhausen,10300,LEAG Energie Stadion,https://www.transfermarkt.de/spielbericht/index/spielbericht/21063
2004/05,10.09.2004,Eintracht Frankfurt,SG Dynamo Dresden,26800,Deutsche Bank Park,https://www.transfermarkt.de/spielbericht/index/spielbericht/21070
2004/05,12.09.2004,MSV Duisburg,Rot-Weiss Essen,19860,MSV-Arena,https://www.transfermarkt.de/spielbericht/index/spielbericht/21064
2004/05,12.09.2004,SV Eintracht Trier 05,SpVgg Greuther Fürth,5400,Moselstadion,https://www.transfermarkt.de/spielbericht/index/spielbericht/21066
2004/05,12.09.2004,FC Erzgebirge Aue,LR Ahlen,12100,eins Erzgebirgsstadion,https://www.transfermarkt.de/spielbericht/index/spielbericht/21067
2004/05,12.09.2004,SpVgg Unterhaching,Alemannia Aachen,3500,Uhlsport Park,https://www.transfermarkt.de/spielbericht/index/spielbericht/21068
2004/05,12.09.2004,Karlsruher SC,1.FC Köln,18000,BBBank Wildpark,https://www.transfermarkt.de/spielbericht/index/spielbericht/21069
2004/05,13.09.2004,Rot,Weiß Erfurt - TSV 1860 München,16691,Steigerwaldstadion,https://www.transfermarkt.de/spielbericht/index/spielbericht/21065
2004/05,17.09.2004,TSV 1860 München,MSV Duisburg,17100,Städtisches Stadion an der Grünwalder Straße,https://www.transfermarkt.de/spielbericht/index/spielbericht/21072
2004/05,17.09.2004,SG Dynamo Dresden,Karlsruher SC,14954,Rudolf-Harbig-Stadion,https://www.transfermarkt.de/spielbericht/index/spielbericht/21076
2004/05,17.09.2004,LR Ahlen,SV Eintracht Trier 05,4098,Wersestadion,https://www.transfermarkt.de/spielbericht/index/spielbericht/21078
2004/05,19.09.2004,Rot,Weiss Essen - FC Energie Cottbus,11904,Georg-Melches-Stadion,https://www.transfermarkt.de/spielbericht/index/spielbericht/21073
2004/05,19.09.2004,Rot,Weiß Oberhausen - SV Wacker Burghausen,3689,Stadion Niederrhein,https://www.transfermarkt.de/spielbericht/index/spielbericht/21074
2004/05,19.09.2004,1.FC Saarbrücken,Eintracht Frankfurt,12000,Ludwigsparkstadion,https://www.transfermarkt.de/spielbericht/index/spielbericht/21075
2004/05,19.09.2004,SpVgg Unterhaching,FC Erzgebirge Aue,4500,Uhlsport Park,https://www.transfermarkt.de/spielbericht/index/spielbericht/21077
2004/05,19.09.2004,SpVgg Greuther Fürth,Rot-Weiß Erfurt,7600,Sportpark Ronhof | Thomas Sommer,https://www.transfermarkt.de/spielbericht/index/spielbericht/21079
2004/05,19.09.2004,Alemannia Aachen,1.FC Köln,21200,Tivoli (alt),https://www.transfermarkt.de/spielbericht/index/spielbericht/21071
2004/05,24.09.2004,SV Wacker Burghausen,Rot-Weiss Essen,4100,Wacker-Arena Platz 2,https://www.transfermarkt.de/spielbericht/index/spielbericht/21080
2004/05,24.09.2004,Rot,Weiß Erfurt - LR Ahlen,8427,Steigerwaldstadion,https://www.transfermarkt.de/spielbericht/index/spielbericht/21083
2004/05,24.09.2004,Karlsruher SC,1.FC Saarbrücken,10300,BBBank Wildpark,https://www.transfermarkt.de/spielbericht/index/spielbericht/21087
2004/05,26.09.2004,MSV Duisburg,SpVgg Greuther Fürth,10600,MSV-Arena,https://www.transfermarkt.de/spielbericht/index/spielbericht/21082
2004/05,26.09.2004,SV Eintracht Trier 05,SpVgg Unterhaching,5300,Moselstadion,https://www.transfermarkt.de/spielbericht/index/spielbericht/21084
2004/05,26.09.2004,FC Erzgebirge Aue,Alemannia Aachen,11500,eins Erzgebirgsstadion,https://www.transfermarkt.de/spielbericht/index/spielbericht/21085
2004/05,26.09.2004,1.FC Köln,SG Dynamo Dresden,34000,RheinEnergieSTADION,https://www.transfermarkt.de/spielbericht/index/spielbericht/21086
2004/05,26.09.2004,Eintracht Frankfurt,Rot-Weiß Oberhausen,17100,Deutsche Bank Park,https://www.transfermarkt.de/spielbericht/index/spielbericht/21088
2004/05,27.09.2004,FC Energie Cottbus,TSV 1860 München,8400,LEAG Energie Stadion,https://www.transfermarkt.de/spielbericht/index/spielbericht/21081
2004/05,01.10.2004,Rot,Weiss Essen - Eintracht Frankfurt,16900,Georg-Melches-Stadion,https://www.transfermarkt.de/spielbericht/index/spielbericht/21091
2004/05,01.10.2004,SpVgg Unterhaching,Rot-Weiß Erfurt,2800,Uhlsport Park,https://www.transfermarkt.de/spielbericht/index/spielbericht/21095
2004/05,01.10.2004,LR Ahlen,MSV Duisburg,7900,Wersestadion,https://www.transfermarkt.de/spielbericht/index/spielbericht/21096
2004/05,03.10.2004,TSV 1860 München,SV Wacker Burghausen,21272,Städtisches Stadion an der Grünwalder Straße,https://www.transfermarkt.de/spielbericht/index/spielbericht/21090
2004/05,03.10.2004,Rot,Weiß Oberhausen - Karlsruher SC,3900,Stadion Niederrhein,https://www.transfermarkt.de/spielbericht/index/spielbericht/21092
2004/05,03.10.2004,1.FC Saarbrücken,1.FC Köln,17500,Ludwigsparkstadion,https://www.transfermarkt.de/spielbericht/index/spielbericht/21093
2004/05,03.10.2004,FC Erzgebirge Aue,SV Eintracht Trier 05,11100,eins Erzgebirgsstadion,https://www.transfermarkt.de/spielbericht/index/spielbericht/21094
2004/05,03.10.2004,SpVgg Greuther Fürth,FC Energie Cottbus,8011,Sportpark Ronhof | Thomas Sommer,https://www.transfermarkt.de/spielbericht/index/spielbericht/21097
2004/05,04.10.2004,Alemannia Aachen,SG Dynamo Dresden,17823,Tivoli (alt),https://www.transfermarkt.de/spielbericht/index/spielbericht/21089
2004/05,15.10.2004,MSV Duisburg,SpVgg Unterhaching,10200,MSV-Arena,https://www.transfermarkt.de/spielbericht/index/spielbericht/21100
2004/05,15.10.2004,Rot,Weiß Erfurt - FC Erzgebirge Aue,19500,Steigerwaldstadion,https://www.transfermarkt.de/spielbericht/index/spielbericht/21101
2004/05,15.10.2004,Karlsruher SC,Rot-Weiss Essen,10200,BBBank Wildpark,https://www.transfermarkt.de/spielbericht/index/spielbericht/21105
2004/05,17.10.2004,SV Wacker Burghausen,SpVgg Greuther Fürth,8400,Wacker-Arena,https://www.transfermarkt.de/spielbericht/index/spielbericht/21098
2004/05,17.10.2004,FC Energie Cottbus,LR Ahlen,9600,LEAG Energie Stadion,https://www.transfermarkt.de/spielbericht/index/spielbericht/21099
2004/05,17.10.2004,SV Eintracht Trier 05,Alemannia Aachen,7950,Moselstadion,https://www.transfermarkt.de/spielbericht/index/spielbericht/21102
2004/05,17.10.2004,SG Dynamo Dresden,1.FC Saarbrücken,16998,Rudolf-Harbig-Stadion,https://www.transfermarkt.de/spielbericht/index/spielbericht/21103
2004/05,17.10.2004,1.FC Köln,Rot-Weiß Oberhausen,35500,RheinEnergieSTADION,https://www.transfermarkt.de/spielbericht/index/spielbericht/21104
2004/05,18.10.2004,Eintracht Frankfurt,TSV 1860 München,25000,Deutsche Bank Park,https://www.transfermarkt.de/spielbericht/index/spielbericht/21106
2004/05,22.10.2004,TSV 1860 München,Karlsruher SC,17100,Olympiastadion München,https://www.transfermarkt.de/spielbericht/index/spielbericht/21108
2004/05,22.10.2004,Rot,Weiss Essen - 1.FC Köln,20650,Georg-Melches-Stadion,https://www.transfermarkt.de/spielbericht/index/spielbericht/21109
2004/05,22.10.2004,SpVgg Unterhaching,FC Energie Cottbus,3500,Uhlsport Park,https://www.transfermarkt.de/spielbericht/index/spielbericht/21113
2004/05,22.10.2004,SpVgg Greuther Fürth,Eintracht Frankfurt,10100,Sportpark Ronhof | Thomas Sommer,https://www.transfermarkt.de/spielbericht/index/spielbericht/21115
2004/05,24.10.2004,Alemannia Aachen,1.FC Saarbrücken,21402,Tivoli (alt),https://www.transfermarkt.de/spielbericht/index/spielbericht/21107
2004/05,24.10.2004,Rot,Weiß Oberhausen - SG Dynamo Dresden,5428,Stadion Niederrhein,https://www.transfermarkt.de/spielbericht/index/spielbericht/21110
2004/05,24.10.2004,SV Eintracht Trier 05,Rot-Weiß Erfurt,5350,Moselstadion,https://www.transfermarkt.de/spielbericht/index/spielbericht/21111
2004/05,24.10.2004,FC Erzgebirge Aue,MSV Duisburg,12100,eins Erzgebirgsstadion,https://www.transfermarkt.de/spielbericht/index/spielbericht/21112
2004/05,27.04.2005,LR Ahlen,SV Wacker Burghausen,2005,Wersestadion,https://www.transfermarkt.de/spielbericht/index/spielbericht/21114
2004/05,26.10.2004,SV Wacker Burghausen,SpVgg Unterhaching,5700,Wacker-Arena,https://www.transfermarkt.de/spielbericht/index/spielbericht/21116
2004/05,26.10.2004,1.FC Köln,TSV 1860 München,38500,RheinEnergieSTADION,https://www.transfermarkt.de/spielbericht/index/spielbericht/21122
2004/05,26.10.2004,Karlsruher SC,SpVgg Greuther Fürth,8500,BBBank Wildpark,https://www.transfermarkt.de/spielbericht/index/spielbericht/21123
2004/05,26.10.2004,Eintracht Frankfurt,LR Ahlen,11850,Deutsche Bank Park,https://www.transfermarkt.de/spielbericht/index/spielbericht/21124
2004/05,27.10.2004,MSV Duisburg,SV Eintracht Trier 05,12100,MSV-Arena,https://www.transfermarkt.de/spielbericht/index/spielbericht/21118
2004/05,27.10.2004,Rot,Weiß Erfurt - Alemannia Aachen,7136,Steigerwaldstadion,https://www.transfermarkt.de/spielbericht/index/spielbericht/21119
2004/05,27.10.2004,1.FC Saarbrücken,Rot-Weiß Oberhausen,5800,Ludwigsparkstadion,https://www.transfermarkt.de/spielbericht/index/spielbericht/21120
2004/05,27.10.2004,SG Dynamo Dresden,Rot-Weiss Essen,13212,Rudolf-Harbig-Stadion,https://www.transfermarkt.de/spielbericht/index/spielbericht/21121
2004/05,28.10.2004,FC Energie Cottbus,FC Erzgebirge Aue,8980,LEAG Energie Stadion,https://www.transfermarkt.de/spielbericht/index/spielbericht/21117
2004/05,29.10.2004,SpVgg Unterhaching,Eintracht Frankfurt,4500,Uhlsport Park,https://www.transfermarkt.de/spielbericht/index/spielbericht/21131
2004/05,29.10.2004,LR Ahlen,Karlsruher SC,4800,Wersestadion,https://www.transfermarkt.de/spielbericht/index/spielbericht/21132
2004/05,29.10.2004,SpVgg Greuther Fürth,1.FC Köln,12052,Sportpark Ronhof | Thomas Sommer,https://www.transfermarkt.de/spielbericht/index/spielbericht/21133
2004/05,31.10.2004,Alemannia Aachen,Rot-Weiß Oberhausen,19777,Tivoli (alt),https://www.transfermarkt.de/spielbericht/index/spielbericht/21125
2004/05,31.10.2004,Rot,Weiss Essen - 1.FC Saarbrücken,12200,Georg-Melches-Stadion,https://www.transfermarkt.de/spielbericht/index/spielbericht/21127
2004/05,31.10.2004,Rot,Weiß Erfurt - MSV Duisburg,12100,Steigerwaldstadion,https://www.transfermarkt.de/spielbericht/index/spielbericht/21128
2004/05,31.10.2004,SV Eintracht Trier 05,FC Energie Cottbus,5450,Moselstadion,https://www.transfermarkt.de/spielbericht/index/spielbericht/21129
2004/05,31.10.2004,FC Erzgebirge Aue,SV Wacker Burghausen,10055,eins Erzgebirgsstadion,https://www.transfermarkt.de/spielbericht/index/spielbericht/21130
2004/05,01.11.2004,TSV 1860 München,SG Dynamo Dresden,28100,Olympiastadion München,https://www.transfermarkt.de/spielbericht/index/spielbericht/21126
2004/05,05.11.2004,SV Wacker Burghausen,SV Eintracht Trier 05,4400,Wacker-Arena,https://www.transfermarkt.de/spielbericht/index/spielbericht/21134
2004/05,05.11.2004,Karlsruher SC,SpVgg Unterhaching,12000,BBBank Wildpark,https://www.transfermarkt.de/spielbericht/index/spielbericht/21141
2004/05,05.11.2004,Eintracht Frankfurt,FC Erzgebirge Aue,16400,Deutsche Bank Park,https://www.transfermarkt.de/spielbericht/index/spielbericht/21142
2004/05,07.11.2004,FC Energie Cottbus,Rot-Weiß Erfurt,9315,LEAG Energie Stadion,https://www.transfermarkt.de/spielbericht/index/spielbericht/21135
2004/05,07.11.2004,Rot,Weiß Oberhausen - Rot-Weiss Essen,14605,Stadion Niederrhein,https://www.transfermarkt.de/spielbericht/index/spielbericht/21137
2004/05,07.11.2004,1.FC Saarbrücken,TSV 1860 München,13000,Ludwigsparkstadion,https://www.transfermarkt.de/spielbericht/index/spielbericht/21138
2004/05,07.11.2004,SG Dynamo Dresden,SpVgg Greuther Fürth,13201,Rudolf-Harbig-Stadion,https://www.transfermarkt.de/spielbericht/index/spielbericht/21139
2004/05,07.11.2004,1.FC Köln,LR Ahlen,33400,RheinEnergieSTADION,https://www.transfermarkt.de/spielbericht/index/spielbericht/21140
2004/05,08.11.2004,MSV Duisburg,Alemannia Aachen,20800,MSV-Arena,https://www.transfermarkt.de/spielbericht/index/spielbericht/21136
2004/05,12.11.2004,TSV 1860 München,Rot-Weiß Oberhausen,13860,Städtisches Stadion an der Grünwalder Straße,https://www.transfermarkt.de/spielbericht/index/spielbericht/21144
2004/05,12.11.2004,Rot,Weiß Erfurt - SV Wacker Burghausen,5879,Steigerwaldstadion,https://www.transfermarkt.de/spielbericht/index/spielbericht/21146
2004/05,12.11.2004,SpVgg Greuther Fürth,1.FC Saarbrücken,6545,Sportpark Ronhof | Thomas Sommer,https://www.transfermarkt.de/spielbericht/index/spielbericht/21151
2004/05,14.11.2004,Alemannia Aachen,Rot-Weiss Essen,19886,Tivoli (alt),https://www.transfermarkt.de/spielbericht/index/spielbericht/21143
2004/05,14.11.2004,MSV Duisburg,FC Energie Cottbus,12700,MSV-Arena,https://www.transfermarkt.de/spielbericht/index/spielbericht/21145
2004/05,14.11.2004,SV Eintracht Trier 05,Eintracht Frankfurt,8450,Moselstadion,https://www.transfermarkt.de/spielbericht/index/spielbericht/21147
2004/05,14.11.2004,FC Erzgebirge Aue,Karlsruher SC,10300,eins Erzgebirgsstadion,https://www.transfermarkt.de/spielbericht/index/spielbericht/21148
2004/05,14.11.2004,LR Ahlen,SG Dynamo Dresden,5314,Wersestadion,https://www.transfermarkt.de/spielbericht/index/spielbericht/21150
2004/05,15.11.2004,SpVgg Unterhaching,1.FC Köln,5000,Uhlsport Park,https://www.transfermarkt.de/spielbericht/index/spielbericht/21149
2004/05,19.11.2004,Rot,Weiß Oberhausen - SpVgg Greuther Fürth,2948,Stadion Niederrhein,https://www.transfermarkt.de/spielbericht/index/spielbericht/21155
2004/05,19.11.2004,1.FC Saarbrücken,LR Ahlen,6000,Ludwigsparkstadion,https://www.transfermarkt.de/spielbericht/index/spielbericht/21156
2004/05,19.11.2004,1.FC Köln,FC Erzgebirge Aue,34100,RheinEnergieSTADION,https://www.transfermarkt.de/spielbericht/index/spielbericht/21158
2004/05,19.11.2004,Eintracht Frankfurt,Rot-Weiß Erfurt,15300,Deutsche Bank Park,https://www.transfermarkt.de/spielbericht/index/spielbericht/21160
2004/05,21.11.2004,SV Wacker Burghausen,MSV Duisburg,4300,Wacker-Arena,https://www.transfermarkt.de/spielbericht/index/spielbericht/21152
2004/05,21.11.2004,SG Dynamo Dresden,SpVgg Unterhaching,11206,Rudolf-Harbig-Stadion,https://www.transfermarkt.de/spielbericht/index/spielbericht/21157
2004/05,21.11.2004,Karlsruher SC,SV Eintracht Trier 05,11100,BBBank Wildpark,https://www.transfermarkt.de/spielbericht/index/spielbericht/21159
2004/05,22.11.2004,FC Energie Cottbus,Alemannia Aachen,6600,LEAG Energie Stadion,https://www.transfermarkt.de/spielbericht/index/spielbericht/21153
2004/05,24.11.2004,Rot,Weiss Essen - TSV 1860 München,13400,Georg-Melches-Stadion,https://www.transfermarkt.de/spielbericht/index/spielbericht/21154
2004/05,26.11.2004,MSV Duisburg,Eintracht Frankfurt,15612,MSV-Arena,https://www.transfermarkt.de/spielbericht/index/spielbericht/21163
2004/05,26.11.2004,SV Eintracht Trier 05,1.FC Köln,10256,Moselstadion,https://www.transfermarkt.de/spielbericht/index/spielbericht/21165
2004/05,26.11.2004,LR Ahlen,Rot-Weiß Oberhausen,4186,Wersestadion,https://www.transfermarkt.de/spielbericht/index/spielbericht/21168
2004/05,28.11.2004,Alemannia Aachen,TSV 1860 München,19338,Tivoli (alt),https://www.transfermarkt.de/spielbericht/index/spielbericht/21161
2004/05,28.11.2004,Rot,Weiß Erfurt - Karlsruher SC,7608,Steigerwaldstadion,https://www.transfermarkt.de/spielbericht/index/spielbericht/21164
2004/05,28.11.2004,FC Erzgebirge Aue,SG Dynamo Dresden,16500,eins Erzgebirgsstadion,https://www.transfermarkt.de/spielbericht/index/spielbericht/21166
2004/05,28.11.2004,SpVgg Unterhaching,1.FC Saarbrücken,4500,Uhlsport Park,https://www.transfermarkt.de/spielbericht/index/spielbericht/21167
2004/05,28.11.2004,SpVgg Greuther Fürth,Rot-Weiss Essen,6521,Sportpark Ronhof | Thomas Sommer,https://www.transfermarkt.de/spielbericht/index/spielbericht/21169
2004/05,29.11.2004,FC Energie Cottbus,SV Wacker Burghausen,7320,LEAG Energie Stadion,https://www.transfermarkt.de/spielbericht/index/spielbericht/21162
2004/05,03.12.2004,Rot,Weiss Essen - LR Ahlen,11351,Georg-Melches-Stadion,https://www.transfermarkt.de/spielbericht/index/spielbericht/21172
2004/05,03.12.2004,1.FC Saarbrücken,FC Erzgebirge Aue,7500,Ludwigsparkstadion,https://www.transfermarkt.de/spielbericht/index/spielbericht/21174
2004/05,03.12.2004,Karlsruher SC,MSV Duisburg,10900,BBBank Wildpark,https://www.transfermarkt.de/spielbericht/index/spielbericht/21177
2004/05,05.12.2004,Alemannia Aachen,SV Wacker Burghausen,18488,Tivoli (alt),https://www.transfermarkt.de/spielbericht/index/spielbericht/21170
2004/05,05.12.2004,Rot,Weiß Oberhausen - SpVgg Unterhaching,3652,Stadion Niederrhein,https://www.transfermarkt.de/spielbericht/index/spielbericht/21173
2004/05,05.12.2004,SG Dynamo Dresden,SV Eintracht Trier 05,12154,Rudolf-Harbig-Stadion,https://www.transfermarkt.de/spielbericht/index/spielbericht/21175
2004/05,05.12.2004,1.FC Köln,Rot-Weiß Erfurt,36800,RheinEnergieSTADION,https://www.transfermarkt.de/spielbericht/index/spielbericht/21176
2004/05,05.12.2004,Eintracht Frankfurt,FC Energie Cottbus,18900,Deutsche Bank Park,https://www.transfermarkt.de/spielbericht/index/spielbericht/21178
2004/05,06.12.2004,TSV 1860 München,SpVgg Greuther Fürth,16100,Städtisches Stadion an der Grünwalder Straße,https://www.transfermarkt.de/spielbericht/index/spielbericht/21171
2004/05,10.12.2004,SV Wacker Burghausen,Eintracht Frankfurt,5600,Wacker-Arena,https://www.transfermarkt.de/spielbericht/index/spielbericht/21179
2004/05,10.12.2004,FC Energie Cottbus,Karlsruher SC,8500,LEAG Energie Stadion,https://www.transfermarkt.de/spielbericht/index/spielbericht/21180
2004/05,10.12.2004,SpVgg Greuther Fürth,Alemannia Aachen,8131,Sportpark Ronhof | Thomas Sommer,https://www.transfermarkt.de/spielbericht/index/spielbericht/21187
2004/05,12.12.2004,Rot,Weiß Erfurt - SG Dynamo Dresden,18100,Steigerwaldstadion,https://www.transfermarkt.de/spielbericht/index/spielbericht/21182
2004/05,12.12.2004,SV Eintracht Trier 05,1.FC Saarbrücken,10254,Moselstadion,https://www.transfermarkt.de/spielbericht/index/spielbericht/21183
2004/05,12.12.2004,FC Erzgebirge Aue,Rot-Weiß Oberhausen,11300,eins Erzgebirgsstadion,https://www.transfermarkt.de/spielbericht/index/spielbericht/21184
2004/05,12.12.2004,SpVgg Unterhaching,Rot-Weiss Essen,5000,Uhlsport Park,https://www.transfermarkt.de/spielbericht/index/spielbericht/21185
2004/05,12.12.2004,LR Ahlen,TSV 1860 München,5178,Wersestadion,https://www.transfermarkt.de/spielbericht/index/spielbericht/21186
2004/05,12.12.2004,MSV Duisburg,1.FC Köln,30700,MSV-Arena,https://www.transfermarkt.de/spielbericht/index/spielbericht/21181
2004/05,22.01.2005,FC Erzgebirge Aue,Rot-Weiss Essen,11400,eins Erzgebirgsstadion,https://www.transfermarkt.de/spielbericht/index/spielbericht/21190
2004/05,22.01.2005,SV Eintracht Trier 05,Rot-Weiß Oberhausen,5500,Moselstadion,https://www.transfermarkt.de/spielbericht/index/spielbericht/21191
2004/05,22.01.2005,SV Wacker Burghausen,Karlsruher SC,4100,Wacker-Arena,https://www.transfermarkt.de/spielbericht/index/spielbericht/21195
2004/05,23.01.2005,SpVgg Unterhaching,TSV 1860 München,15053,Uhlsport Park,https://www.transfermarkt.de/spielbericht/index/spielbericht/21189
2004/05,23.01.2005,Rot,Weiß Erfurt - 1.FC Saarbrücken,8796,Steigerwaldstadion,https://www.transfermarkt.de/spielbericht/index/spielbericht/21192
2004/05,23.01.2005,MSV Duisburg,SG Dynamo Dresden,16713,MSV-Arena,https://www.transfermarkt.de/spielbericht/index/spielbericht/21193
2004/05,23.01.2005,FC Energie Cottbus,1.FC Köln,11000,LEAG Energie Stadion,https://www.transfermarkt.de/spielbericht/index/spielbericht/21194
2004/05,23.01.2005,LR Ahlen,SpVgg Greuther Fürth,4385,Wersestadion,https://www.transfermarkt.de/spielbericht/index/spielbericht/21196
2004/05,24.01.2005,Eintracht Frankfurt,Alemannia Aachen,19000,Deutsche Bank Park,https://www.transfermarkt.de/spielbericht/index/spielbericht/21188
2004/05,28.01.2005,1.FC Köln,SV Wacker Burghausen,30500,RheinEnergieSTADION,https://www.transfermarkt.de/spielbericht/index/spielbericht/21197
2004/05,28.01.2005,Rot,Weiss Essen - SV Eintracht Trier 05,12200,Georg-Melches-Stadion,https://www.transfermarkt.de/spielbericht/index/spielbericht/21201
2004/05,28.01.2005,TSV 1860 München,FC Erzgebirge Aue,16200,Städtisches Stadion an der Grünwalder Straße,https://www.transfermarkt.de/spielbericht/index/spielbericht/21202
2004/05,30.01.2005,1.FC Saarbrücken,MSV Duisburg,10000,Ludwigsparkstadion,https://www.transfermarkt.de/spielbericht/index/spielbericht/21199
2004/05,30.01.2005,Rot,Weiß Oberhausen - Rot-Weiß Erfurt,4080,Stadion Niederrhein,https://www.transfermarkt.de/spielbericht/index/spielbericht/21200
2004/05,30.01.2005,SpVgg Greuther Fürth,SpVgg Unterhaching,7100,Sportpark Ronhof | Thomas Sommer,https://www.transfermarkt.de/spielbericht/index/spielbericht/21203
2004/05,30.01.2005,Alemannia Aachen,LR Ahlen,18000,Tivoli (alt),https://www.transfermarkt.de/spielbericht/index/spielbericht/21204
2004/05,30.01.2005,Karlsruher SC,Eintracht Frankfurt,16500,BBBank Wildpark,https://www.transfermarkt.de/spielbericht/index/spielbericht/21205
2004/05,31.01.2005,SG Dynamo Dresden,FC Energie Cottbus,21891,Rudolf-Harbig-Stadion,https://www.transfermarkt.de/spielbericht/index/spielbericht/21198
2004/05,04.02.2005,MSV Duisburg,Rot-Weiß Oberhausen,18000,MSV-Arena,https://www.transfermarkt.de/spielbericht/index/spielbericht/21209
2004/05,04.02.2005,FC Energie Cottbus,1.FC Saarbrücken,9800,LEAG Energie Stadion,https://www.transfermarkt.de/spielbericht/index/spielbericht/21210
2004/05,04.02.2005,Eintracht Frankfurt,1.FC Köln,35000,Deutsche Bank Park,https://www.transfermarkt.de/spielbericht/index/spielbericht/21212
2004/05,06.02.2005,Karlsruher SC,Alemannia Aachen,13500,BBBank Wildpark,https://www.transfermarkt.de/spielbericht/index/spielbericht/21206
2004/05,06.02.2005,SV Eintracht Trier 05,TSV 1860 München,5800,Moselstadion,https://www.transfermarkt.de/spielbericht/index/spielbericht/21207
2004/05,06.02.2005,Rot,Weiß Erfurt - Rot-Weiss Essen,8140,Steigerwaldstadion,https://www.transfermarkt.de/spielbericht/index/spielbericht/21208
2004/05,06.02.2005,SpVgg Unterhaching,LR Ahlen,2500,Uhlsport Park,https://www.transfermarkt.de/spielbericht/index/spielbericht/21213
2004/05,06.02.2005,FC Erzgebirge Aue,SpVgg Greuther Fürth,10600,eins Erzgebirgsstadion,https://www.transfermarkt.de/spielbericht/index/spielbericht/21214
2004/05,07.02.2005,SV Wacker Burghausen,SG Dynamo Dresden,4050,Wacker-Arena,https://www.transfermarkt.de/spielbericht/index/spielbericht/21211
2004/05,11.02.2005,Rot,Weiß Oberhausen - FC Energie Cottbus,3600,Stadion Niederrhein,https://www.transfermarkt.de/spielbericht/index/spielbericht/21216
2004/05,11.02.2005,Alemannia Aachen,SpVgg Unterhaching,17184,Tivoli (alt),https://www.transfermarkt.de/spielbericht/index/spielbericht/21221
2004/05,11.02.2005,SG Dynamo Dresden,Eintracht Frankfurt,15576,Rudolf-Harbig-Stadion,https://www.transfermarkt.de/spielbericht/index/spielbericht/21223
2004/05,13.02.2005,1.FC Saarbrücken,SV Wacker Burghausen,7500,Ludwigsparkstadion,https://www.transfermarkt.de/spielbericht/index/spielbericht/21215
2004/05,13.02.2005,Rot,Weiss Essen - MSV Duisburg,17600,Georg-Melches-Stadion,https://www.transfermarkt.de/spielbericht/index/spielbericht/21217
2004/05,13.02.2005,TSV 1860 München,Rot-Weiß Erfurt,13800,Olympiastadion München,https://www.transfermarkt.de/spielbericht/index/spielbericht/21218
2004/05,13.02.2005,SpVgg Greuther Fürth,SV Eintracht Trier 05,10047,Sportpark Ronhof | Thomas Sommer,https://www.transfermarkt.de/spielbericht/index/spielbericht/21219
2004/05,13.02.2005,LR Ahlen,FC Erzgebirge Aue,3831,Wersestadion,https://www.transfermarkt.de/spielbericht/index/spielbericht/21220
2004/05,14.02.2005,1.FC Köln,Karlsruher SC,28200,RheinEnergieSTADION,https://www.transfermarkt.de/spielbericht/index/spielbericht/21222
2004/05,18.02.2005,FC Energie Cottbus,Rot-Weiss Essen,9250,LEAG Energie Stadion,https://www.transfermarkt.de/spielbericht/index/spielbericht/21226
2004/05,18.02.2005,Karlsruher SC,SG Dynamo Dresden,12800,BBBank Wildpark,https://www.transfermarkt.de/spielbericht/index/spielbericht/21229
2004/05,18.02.2005,SV Eintracht Trier 05,LR Ahlen,4500,Moselstadion,https://www.transfermarkt.de/spielbericht/index/spielbericht/21231
2004/05,20.02.2005,1.FC Köln,Alemannia Aachen,50997,RheinEnergieSTADION,https://www.transfermarkt.de/spielbericht/index/spielbericht/21224
2004/05,20.02.2005,SV Wacker Burghausen,Rot-Weiß Oberhausen,3700,Wacker-Arena,https://www.transfermarkt.de/spielbericht/index/spielbericht/21227
2004/05,20.02.2005,Eintracht Frankfurt,1.FC Saarbrücken,18500,Deutsche Bank Park,https://www.transfermarkt.de/spielbericht/index/spielbericht/21228
2004/05,20.02.2005,FC Erzgebirge Aue,SpVgg Unterhaching,10150,eins Erzgebirgsstadion,https://www.transfermarkt.de/spielbericht/index/spielbericht/21230
2004/05,20.02.2005,Rot,Weiß Erfurt - SpVgg Greuther Fürth,6814,Steigerwaldstadion,https://www.transfermarkt.de/spielbericht/index/spielbericht/21232
2004/05,21.02.2005,MSV Duisburg,TSV 1860 München,14000,MSV-Arena,https://www.transfermarkt.de/spielbericht/index/spielbericht/21225
2004/05,25.02.2005,Rot,Weiss Essen - SV Wacker Burghausen,12250,Georg-Melches-Stadion,https://www.transfermarkt.de/spielbericht/index/spielbericht/21233
2004/05,25.02.2005,TSV 1860 München,FC Energie Cottbus,15300,Olympiastadion München,https://www.transfermarkt.de/spielbericht/index/spielbericht/21234
2004/05,27.02.2005,LR Ahlen,Rot-Weiß Erfurt,3338,Wersestadion,https://www.transfermarkt.de/spielbericht/index/spielbericht/21236
2004/05,27.02.2005,SpVgg Unterhaching,SV Eintracht Trier 05,2500,Uhlsport Park,https://www.transfermarkt.de/spielbericht/index/spielbericht/21237
2004/05,27.02.2005,Alemannia Aachen,FC Erzgebirge Aue,16651,Tivoli (alt),https://www.transfermarkt.de/spielbericht/index/spielbericht/21238
2004/05,27.02.2005,Rot,Weiß Oberhausen - Eintracht Frankfurt,5770,Stadion Niederrhein,https://www.transfermarkt.de/spielbericht/index/spielbericht/21241
2004/05,28.02.2005,SpVgg Greuther Fürth,MSV Duisburg,8106,Sportpark Ronhof | Thomas Sommer,https://www.transfermarkt.de/spielbericht/index/spielbericht/21235
2004/05,16.03.2005,SG Dynamo Dresden,1.FC Köln,19406,Rudolf-Harbig-Stadion,https://www.transfermarkt.de/spielbericht/index/spielbericht/21239
2004/05,16.03.2005,1.FC Saarbrücken,Karlsruher SC,7500,Ludwigsparkstadion,https://www.transfermarkt.de/spielbericht/index/spielbericht/21240
2004/05,04.03.2005,SG Dynamo Dresden,Alemannia Aachen,6916,Rudolf-Harbig-Stadion,https://www.transfermarkt.de/spielbericht/index/spielbericht/21242
2004/05,04.03.2005,SV Wacker Burghausen,TSV 1860 München,9900,Wacker-Arena,https://www.transfermarkt.de/spielbericht/index/spielbericht/21243
2004/05,04.03.2005,MSV Duisburg,LR Ahlen,12600,MSV-Arena,https://www.transfermarkt.de/spielbericht/index/spielbericht/21249
2004/05,06.03.2005,Eintracht Frankfurt,Rot-Weiss Essen,20300,Deutsche Bank Park,https://www.transfermarkt.de/spielbericht/index/spielbericht/21244
2004/05,06.03.2005,SV Eintracht Trier 05,FC Erzgebirge Aue,5400,Moselstadion,https://www.transfermarkt.de/spielbericht/index/spielbericht/21247
2004/05,06.03.2005,FC Energie Cottbus,SpVgg Greuther Fürth,8200,LEAG Energie Stadion,https://www.transfermarkt.de/spielbericht/index/spielbericht/21250
2004/05,07.03.2005,1.FC Köln,1.FC Saarbrücken,31000,RheinEnergieSTADION,https://www.transfermarkt.de/spielbericht/index/spielbericht/21246
2004/05,06.04.2005,Karlsruher SC,Rot-Weiß Oberhausen,9900,BBBank Wildpark,https://www.transfermarkt.de/spielbericht/index/spielbericht/21245
2004/05,06.04.2005,Rot,Weiß Erfurt - SpVgg Unterhaching,8425,Steigerwaldstadion,https://www.transfermarkt.de/spielbericht/index/spielbericht/21248
2004/05,11.03.2005,FC Erzgebirge Aue,Rot-Weiß Erfurt,14200,eins Erzgebirgsstadion,https://www.transfermarkt.de/spielbericht/index/spielbericht/21254
2004/05,11.03.2005,1.FC Saarbrücken,SG Dynamo Dresden,7000,Ludwigsparkstadion,https://www.transfermarkt.de/spielbericht/index/spielbericht/21256
2004/05,11.03.2005,Rot,Weiß Oberhausen - 1.FC Köln,10270,Stadion Niederrhein,https://www.transfermarkt.de/spielbericht/index/spielbericht/21257
2004/05,13.03.2005,LR Ahlen,FC Energie Cottbus,3237,Wersestadion,https://www.transfermarkt.de/spielbericht/index/spielbericht/21252
2004/05,13.03.2005,SpVgg Unterhaching,MSV Duisburg,3200,Uhlsport Park,https://www.transfermarkt.de/spielbericht/index/spielbericht/21253
2004/05,13.03.2005,Alemannia Aachen,SV Eintracht Trier 05,16479,Tivoli (alt),https://www.transfermarkt.de/spielbericht/index/spielbericht/21255
2004/05,13.03.2005,Rot,Weiss Essen - Karlsruher SC,13450,Georg-Melches-Stadion,https://www.transfermarkt.de/spielbericht/index/spielbericht/21258
2004/05,14.03.2005,TSV 1860 München,Eintracht Frankfurt,24400,Olympiastadion München,https://www.transfermarkt.de/spielbericht/index/spielbericht/21259
2004/05,06.04.2005,SpVgg Greuther Fürth,SV Wacker Burghausen,7100,Sportpark Ronhof | Thomas Sommer,https://www.transfermarkt.de/spielbericht/index/spielbericht/21251
2004/05,18.03.2005,Rot,Weiß Erfurt - SV Eintracht Trier 05,7519,Steigerwaldstadion,https://www.transfermarkt.de/spielbericht/index/spielbericht/21264
2004/05,18.03.2005,MSV Duisburg,FC Erzgebirge Aue,15700,MSV-Arena,https://www.transfermarkt.de/spielbericht/index/spielbericht/21265
2004/05,18.03.2005,SV Wacker Burghausen,LR Ahlen,8500,Wacker-Arena,https://www.transfermarkt.de/spielbericht/index/spielbericht/21267
2004/05,20.03.2005,1.FC Saarbrücken,Alemannia Aachen,9000,Ludwigsparkstadion,https://www.transfermarkt.de/spielbericht/index/spielbericht/21260
2004/05,20.03.2005,Karlsruher SC,TSV 1860 München,19700,BBBank Wildpark,https://www.transfermarkt.de/spielbericht/index/spielbericht/21261
2004/05,20.03.2005,1.FC Köln,Rot-Weiss Essen,46500,RheinEnergieSTADION,https://www.transfermarkt.de/spielbericht/index/spielbericht/21262
2004/05,20.03.2005,SG Dynamo Dresden,Rot-Weiß Oberhausen,17054,Rudolf-Harbig-Stadion,https://www.transfermarkt.de/spielbericht/index/spielbericht/21263
2004/05,20.03.2005,FC Energie Cottbus,SpVgg Unterhaching,9500,LEAG Energie Stadion,https://www.transfermarkt.de/spielbericht/index/spielbericht/21266
2004/05,21.03.2005,Eintracht Frankfurt,SpVgg Greuther Fürth,27000,Deutsche Bank Park,https://www.transfermarkt.de/spielbericht/index/spielbericht/21268
2004/05,01.04.2005,FC Erzgebirge Aue,FC Energie Cottbus,15000,eins Erzgebirgsstadion,https://www.transfermarkt.de/spielbericht/index/spielbericht/21270
2004/05,01.04.2005,Alemannia Aachen,Rot-Weiß Erfurt,20962,Tivoli (alt),https://www.transfermarkt.de/spielbericht/index/spielbericht/21272
2004/05,01.04.2005,Rot,Weiss Essen - SG Dynamo Dresden,18650,Georg-Melches-Stadion,https://www.transfermarkt.de/spielbericht/index/spielbericht/21274
2004/05,03.04.2005,SpVgg Unterhaching,SV Wacker Burghausen,4700,Uhlsport Park,https://www.transfermarkt.de/spielbericht/index/spielbericht/21269
2004/05,03.04.2005,Rot,Weiß Oberhausen - 1.FC Saarbrücken,3100,Stadion Niederrhein,https://www.transfermarkt.de/spielbericht/index/spielbericht/21273
2004/05,03.04.2005,TSV 1860 München,1.FC Köln,40200,Olympiastadion München,https://www.transfermarkt.de/spielbericht/index/spielbericht/21275
2004/05,03.04.2005,SpVgg Greuther Fürth,Karlsruher SC,8860,Sportpark Ronhof | Thomas Sommer,https://www.transfermarkt.de/spielbericht/index/spielbericht/21276
2004/05,03.04.2005,LR Ahlen,Eintracht Frankfurt,8000,Wersestadion,https://www.transfermarkt.de/spielbericht/index/spielbericht/21277
2004/05,04.04.2005,SV Eintracht Trier 05,MSV Duisburg,5850,Moselstadion,https://www.transfermarkt.de/spielbericht/index/spielbericht/21271
2004/05,08.04.2005,SG Dynamo Dresden,TSV 1860 München,20012,Rudolf-Harbig-Stadion,https://www.transfermarkt.de/spielbericht/index/spielbericht/21279
2004/05,08.04.2005,1.FC Saarbrücken,Rot-Weiss Essen,7200,Ludwigsparkstadion,https://www.transfermarkt.de/spielbericht/index/spielbericht/21280
2004/05,08.04.2005,FC Energie Cottbus,SV Eintracht Trier 05,8650,LEAG Energie Stadion,https://www.transfermarkt.de/spielbericht/index/spielbericht/21282
2004/05,10.04.2005,Rot,Weiß Oberhausen - Alemannia Aachen,6844,Stadion Niederrhein,https://www.transfermarkt.de/spielbericht/index/spielbericht/21278
2004/05,10.04.2005,MSV Duisburg,Rot-Weiß Erfurt,15717,MSV-Arena,https://www.transfermarkt.de/spielbericht/index/spielbericht/21281
2004/05,10.04.2005,SV Wacker Burghausen,FC Erzgebirge Aue,5800,Wacker-Arena,https://www.transfermarkt.de/spielbericht/index/spielbericht/21283
2004/05,10.04.2005,Eintracht Frankfurt,SpVgg Unterhaching,21000,Deutsche Bank Park,https://www.transfermarkt.de/spielbericht/index/spielbericht/21284
2004/05,10.04.2005,Karlsruher SC,LR Ahlen,12200,BBBank Wildpark,https://www.transfermarkt.de/spielbericht/index/spielbericht/21285
2004/05,11.04.2005,1.FC Köln,SpVgg Greuther Fürth,40000,RheinEnergieSTADION,https://www.transfermarkt.de/spielbericht/index/spielbericht/21286
2004/05,15.04.2005,Rot,Weiß Erfurt - FC Energie Cottbus,14790,Steigerwaldstadion,https://www.transfermarkt.de/spielbericht/index/spielbericht/21288
2004/05,15.04.2005,Rot,Weiss Essen - Rot-Weiß Oberhausen,19000,Georg-Melches-Stadion,https://www.transfermarkt.de/spielbericht/index/spielbericht/21290
2004/05,15.04.2005,SpVgg Greuther Fürth,SG Dynamo Dresden,12900,Sportpark Ronhof | Thomas Sommer,https://www.transfermarkt.de/spielbericht/index/spielbericht/21292
2004/05,17.04.2005,SV Eintracht Trier 05,SV Wacker Burghausen,5400,Moselstadion,https://www.transfermarkt.de/spielbericht/index/spielbericht/21287
2004/05,17.04.2005,TSV 1860 München,1.FC Saarbrücken,19100,Städtisches Stadion an der Grünwalder Straße,https://www.transfermarkt.de/spielbericht/index/spielbericht/21291
2004/05,17.04.2005,LR Ahlen,1.FC Köln,10680,Wersestadion,https://www.transfermarkt.de/spielbericht/index/spielbericht/21293
2004/05,17.04.2005,SpVgg Unterhaching,Karlsruher SC,4500,Uhlsport Park,https://www.transfermarkt.de/spielbericht/index/spielbericht/21294
2004/05,17.04.2005,FC Erzgebirge Aue,Eintracht Frankfurt,16500,eins Erzgebirgsstadion,https://www.transfermarkt.de/spielbericht/index/spielbericht/21295
2004/05,18.04.2005,Alemannia Aachen,MSV Duisburg,20600,Tivoli (alt),https://www.transfermarkt.de/spielbericht/index/spielbericht/21289
2004/05,22.04.2005,Rot,Weiss Essen - Alemannia Aachen,16310,Georg-Melches-Stadion,https://www.transfermarkt.de/spielbericht/index/spielbericht/21296
2004/05,22.04.2005,Eintracht Frankfurt,SV Eintracht Trier 05,27000,Deutsche Bank Park,https://www.transfermarkt.de/spielbericht/index/spielbericht/21300
2004/05,22.04.2005,Karlsruher SC,FC Erzgebirge Aue,12100,BBBank Wildpark,https://www.transfermarkt.de/spielbericht/index/spielbericht/21301
2004/05,24.04.2005,Rot,Weiß Oberhausen - TSV 1860 München,5204,Stadion Niederrhein,https://www.transfermarkt.de/spielbericht/index/spielbericht/21297
2004/05,24.04.2005,FC Energie Cottbus,MSV Duisburg,11900,LEAG Energie Stadion,https://www.transfermarkt.de/spielbericht/index/spielbericht/21298
2004/05,24.04.2005,SV Wacker Burghausen,Rot-Weiß Erfurt,4642,Wacker-Arena,https://www.transfermarkt.de/spielbericht/index/spielbericht/21299
2004/05,24.04.2005,SG Dynamo Dresden,LR Ahlen,18305,Rudolf-Harbig-Stadion,https://www.transfermarkt.de/spielbericht/index/spielbericht/21303
2004/05,24.04.2005,1.FC Saarbrücken,SpVgg Greuther Fürth,8500,Ludwigsparkstadion,https://www.transfermarkt.de/spielbericht/index/spielbericht/21304
2004/05,25.04.2005,1.FC Köln,SpVgg Unterhaching,35700,RheinEnergieSTADION,https://www.transfermarkt.de/spielbericht/index/spielbericht/21302
2004/05,29.04.2005,SpVgg Greuther Fürth,Rot-Weiß Oberhausen,6500,Sportpark Ronhof | Thomas Sommer,https://www.transfermarkt.de/spielbericht/index/spielbericht/21308
2004/05,29.04.2005,SpVgg Unterhaching,SG Dynamo Dresden,7000,Uhlsport Park,https://www.transfermarkt.de/spielbericht/index/spielbericht/21310
2004/05,29.04.2005,Rot,Weiß Erfurt - Eintracht Frankfurt,18000,Steigerwaldstadion,https://www.transfermarkt.de/spielbericht/index/spielbericht/21313
2004/05,01.05.2005,MSV Duisburg,SV Wacker Burghausen,20100,MSV-Arena,https://www.transfermarkt.de/spielbericht/index/spielbericht/21305
2004/05,01.05.2005,Alemannia Aachen,FC Energie Cottbus,18833,Tivoli (alt),https://www.transfermarkt.de/spielbericht/index/spielbericht/21306
2004/05,01.05.2005,TSV 1860 München,Rot-Weiss Essen,18500,Städtisches Stadion an der Grünwalder Straße,https://www.transfermarkt.de/spielbericht/index/spielbericht/21307
2004/05,01.05.2005,LR Ahlen,1.FC Saarbrücken,3800,Wersestadion,https://www.transfermarkt.de/spielbericht/index/spielbericht/21309
2004/05,01.05.2005,SV Eintracht Trier 05,Karlsruher SC,7500,Moselstadion,https://www.transfermarkt.de/spielbericht/index/spielbericht/21312
2004/05,02.05.2005,FC Erzgebirge Aue,1.FC Köln,15000,eins Erzgebirgsstadion,https://www.transfermarkt.de/spielbericht/index/spielbericht/21311
2004/05,06.05.2005,Karlsruher SC,Rot-Weiß Erfurt,17500,BBBank Wildpark,https://www.transfermarkt.de/spielbericht/index/spielbericht/21317
2004/05,06.05.2005,1.FC Köln,SV Eintracht Trier 05,49000,RheinEnergieSTADION,https://www.transfermarkt.de/spielbericht/index/spielbericht/21318
2004/05,06.05.2005,SG Dynamo Dresden,FC Erzgebirge Aue,23940,Rudolf-Harbig-Stadion,https://www.transfermarkt.de/spielbericht/index/spielbericht/21319
2004/05,08.05.2005,TSV 1860 München,Alemannia Aachen,19700,Städtisches Stadion an der Grünwalder Straße,https://www.transfermarkt.de/spielbericht/index/spielbericht/21314
2004/05,08.05.2005,SV Wacker Burghausen,FC Energie Cottbus,3617,Wacker-Arena,https://www.transfermarkt.de/spielbericht/index/spielbericht/21315
2004/05,08.05.2005,1.FC Saarbrücken,SpVgg Unterhaching,8000,Ludwigsparkstadion,https://www.transfermarkt.de/spielbericht/index/spielbericht/21320
2004/05,08.05.2005,Rot,Weiß Oberhausen - LR Ahlen,2632,Stadion Niederrhein,https://www.transfermarkt.de/spielbericht/index/spielbericht/21321
2004/05,08.05.2005,Rot,Weiss Essen - SpVgg Greuther Fürth,12000,Georg-Melches-Stadion,https://www.transfermarkt.de/spielbericht/index/spielbericht/21322
2004/05,09.05.2005,Eintracht Frankfurt,MSV Duisburg,37000,Deutsche Bank Park,https://www.transfermarkt.de/spielbericht/index/spielbericht/21316
2004/05,15.05.2005,SV Wacker Burghausen,Alemannia Aachen,5085,Wacker-Arena,https://www.transfermarkt.de/spielbericht/index/spielbericht/21323
2004/05,15.05.2005,SpVgg Greuther Fürth,TSV 1860 München,15500,Sportpark Ronhof | Thomas Sommer,https://www.transfermarkt.de/spielbericht/index/spielbericht/21324
2004/05,15.05.2005,LR Ahlen,Rot-Weiss Essen,7802,Wersestadion,https://www.transfermarkt.de/spielbericht/index/spielbericht/21325
2004/05,15.05.2005,SpVgg Unterhaching,Rot-Weiß Oberhausen,2500,Uhlsport Park,https://www.transfermarkt.de/spielbericht/index/spielbericht/21326
2004/05,15.05.2005,FC Erzgebirge Aue,1.FC Saarbrücken,13600,eins Erzgebirgsstadion,https://www.transfermarkt.de/spielbericht/index/spielbericht/21327
2004/05,15.05.2005,SV Eintracht Trier 05,SG Dynamo Dresden,8850,Moselstadion,https://www.transfermarkt.de/spielbericht/index/spielbericht/21328
2004/05,15.05.2005,Rot,Weiß Erfurt - 1.FC Köln,17549,Steigerwaldstadion,https://www.transfermarkt.de/spielbericht/index/spielbericht/21329
2004/05,15.05.2005,MSV Duisburg,Karlsruher SC,28402,MSV-Arena,https://www.transfermarkt.de/spielbericht/index/spielbericht/21330
2004/05,15.05.2005,FC Energie Cottbus,Eintracht Frankfurt,18200,LEAG Energie Stadion,https://www.transfermarkt.de/spielbericht/index/spielbericht/21331
2004/05,22.05.2005,Eintracht Frankfurt,SV Wacker Burghausen,42772,Deutsche Bank Park,https://www.transfermarkt.de/spielbericht/index/spielbericht/21332
2004/05,22.05.2005,Karlsruher SC,FC Energie Cottbus,21700,BBBank Wildpark,https://www.transfermarkt.de/spielbericht/index/spielbericht/21333
2004/05,22.05.2005,1.FC Köln,MSV Duisburg,50997,RheinEnergieSTADION,https://www.transfermarkt.de/spielbericht/index/spielbericht/21334
2004/05,22.05.2005,SG Dynamo Dresden,Rot-Weiß Erfurt,23940,Rudolf-Harbig-Stadion,https://www.transfermarkt.de/spielbericht/index/spielbericht/21335
2004/05,22.05.2005,1.FC Saarbrücken,SV Eintracht Trier 05,21500,Ludwigsparkstadion,https://www.transfermarkt.de/spielbericht/index/spielbericht/21336
2004/05,22.05.2005,Rot,Weiß Oberhausen - FC Erzgebirge Aue,3486,Stadion Niederrhein,https://www.transfermarkt.de/spielbericht/index/spielbericht/21337
2004/05,22.05.2005,Rot,Weiss Essen - SpVgg Unterhaching,8066,Georg-Melches-Stadion,https://www.transfermarkt.de/spielbericht/index/spielbericht/21338
2004/05,22.05.2005,TSV 1860 München,LR Ahlen,21272,Städtisches Stadion an der Grünwalder Straße,https://www.transfermarkt.de/spielbericht/index/spielbericht/21339
2004/05,22.05.2005,Alemannia Aachen,SpVgg Greuther Fürth,20330,Tivoli (alt),https://www.transfermarkt.de/spielbericht/index/spielbericht/21340
2005/06,06.08.2005,FC Energie Cottbus,Eintracht Braunschweig,12600,LEAG Energie Stadion,https://www.transfermarkt.de/spielbericht/index/spielbericht/31215
2005/06,06.08.2005,1.FC Saarbrücken,VfL Bochum,15500,Ludwigsparkstadion,https://www.transfermarkt.de/spielbericht/index/spielbericht/31217
2005/06,06.08.2005,SpVgg Greuther Fürth,SG Dynamo Dresden,9400,Sportpark Ronhof | Thomas Sommer,https://www.transfermarkt.de/spielbericht/index/spielbericht/31218
2005/06,07.08.2005,FC Hansa Rostock,Kickers Offenbach,26000,Ostseestadion,https://www.transfermarkt.de/spielbericht/index/spielbericht/31213
2005/06,07.08.2005,LR Ahlen,TSV 1860 München,6811,Wersestadion,https://www.transfermarkt.de/spielbericht/index/spielbericht/31214
2005/06,07.08.2005,SC Freiburg,SV Wacker Burghausen,14000,Dreisamstadion,https://www.transfermarkt.de/spielbericht/index/spielbericht/31216
2005/06,07.08.2005,SpVgg Unterhaching,SC Paderborn 07,4000,Uhlsport Park,https://www.transfermarkt.de/spielbericht/index/spielbericht/31219
2005/06,07.08.2005,Karlsruher SC,Sportfreunde Siegen,15500,BBBank Wildpark,https://www.transfermarkt.de/spielbericht/index/spielbericht/31220
2005/06,08.08.2005,FC Erzgebirge Aue,Alemannia Aachen,13250,eins Erzgebirgsstadion,https://www.transfermarkt.de/spielbericht/index/spielbericht/31221
2005/06,12.08.2005,Alemannia Aachen,Karlsruher SC,19962,Tivoli (alt),https://www.transfermarkt.de/spielbericht/index/spielbericht/31225
2005/06,12.08.2005,TSV 1860 München,FC Hansa Rostock,51200,Allianz Arena,https://www.transfermarkt.de/spielbericht/index/spielbericht/31228
2005/06,12.08.2005,SG Dynamo Dresden,SC Freiburg,18047,Rudolf-Harbig-Stadion,https://www.transfermarkt.de/spielbericht/index/spielbericht/31230
2005/06,14.08.2005,Sportfreunde Siegen,SpVgg Unterhaching,7850,Leimbachstadion,https://www.transfermarkt.de/spielbericht/index/spielbericht/31222
2005/06,14.08.2005,SC Paderborn 07,1.FC Saarbrücken,4703,Hermann-Löns-Stadion,https://www.transfermarkt.de/spielbericht/index/spielbericht/31223
2005/06,14.08.2005,Eintracht Braunschweig,LR Ahlen,16800,EINTRACHT-Stadion,https://www.transfermarkt.de/spielbericht/index/spielbericht/31226
2005/06,14.08.2005,SV Wacker Burghausen,FC Erzgebirge Aue,5700,Wacker-Arena,https://www.transfermarkt.de/spielbericht/index/spielbericht/31227
2005/06,14.08.2005,Kickers Offenbach,SpVgg Greuther Fürth,11107,Stadion am Bieberer Berg,https://www.transfermarkt.de/spielbericht/index/spielbericht/31229
2005/06,15.08.2005,VfL Bochum,FC Energie Cottbus,19866,Vonovia Ruhrstadion,https://www.transfermarkt.de/spielbericht/index/spielbericht/31224
2005/06,26.08.2005,FC Hansa Rostock,Eintracht Braunschweig,15500,Ostseestadion,https://www.transfermarkt.de/spielbericht/index/spielbericht/31240
2005/06,26.08.2005,LR Ahlen,VfL Bochum,8698,Wersestadion,https://www.transfermarkt.de/spielbericht/index/spielbericht/31241
2005/06,26.08.2005,SG Dynamo Dresden,Kickers Offenbach,17681,Rudolf-Harbig-Stadion,https://www.transfermarkt.de/spielbericht/index/spielbericht/31248
2005/06,28.08.2005,FC Energie Cottbus,SC Paderborn 07,10800,LEAG Energie Stadion,https://www.transfermarkt.de/spielbericht/index/spielbericht/31242
2005/06,28.08.2005,SC Freiburg,FC Erzgebirge Aue,13000,Dreisamstadion,https://www.transfermarkt.de/spielbericht/index/spielbericht/31243
2005/06,28.08.2005,1.FC Saarbrücken,Sportfreunde Siegen,7100,Ludwigsparkstadion,https://www.transfermarkt.de/spielbericht/index/spielbericht/31244
2005/06,28.08.2005,SpVgg Unterhaching,Alemannia Aachen,4000,Uhlsport Park,https://www.transfermarkt.de/spielbericht/index/spielbericht/31246
2005/06,28.08.2005,Karlsruher SC,SV Wacker Burghausen,13000,BBBank Wildpark,https://www.transfermarkt.de/spielbericht/index/spielbericht/31247
2005/06,29.08.2005,SpVgg Greuther Fürth,TSV 1860 München,10900,Sportpark Ronhof | Thomas Sommer,https://www.transfermarkt.de/spielbericht/index/spielbericht/31245
2005/06,09.09.2005,Alemannia Aachen,1.FC Saarbrücken,20478,Tivoli (alt),https://www.transfermarkt.de/spielbericht/index/spielbericht/31270
2005/06,09.09.2005,SV Wacker Burghausen,SpVgg Unterhaching,5300,Wacker-Arena,https://www.transfermarkt.de/spielbericht/index/spielbericht/31272
2005/06,09.09.2005,TSV 1860 München,SG Dynamo Dresden,66000,Allianz Arena,https://www.transfermarkt.de/spielbericht/index/spielbericht/31273
2005/06,11.09.2005,Sportfreunde Siegen,FC Energie Cottbus,11000,Leimbachstadion,https://www.transfermarkt.de/spielbericht/index/spielbericht/31267
2005/06,11.09.2005,SC Paderborn 07,LR Ahlen,6560,Hermann-Löns-Stadion,https://www.transfermarkt.de/spielbericht/index/spielbericht/31268
2005/06,11.09.2005,Eintracht Braunschweig,SpVgg Greuther Fürth,18500,EINTRACHT-Stadion,https://www.transfermarkt.de/spielbericht/index/spielbericht/31271
2005/06,11.09.2005,Kickers Offenbach,SC Freiburg,10800,Stadion am Bieberer Berg,https://www.transfermarkt.de/spielbericht/index/spielbericht/31274
2005/06,11.09.2005,FC Erzgebirge Aue,Karlsruher SC,12000,eins Erzgebirgsstadion,https://www.transfermarkt.de/spielbericht/index/spielbericht/31275
2005/06,12.09.2005,VfL Bochum,FC Hansa Rostock,15893,Vonovia Ruhrstadion,https://www.transfermarkt.de/spielbericht/index/spielbericht/31269
2005/06,16.09.2005,SpVgg Greuther Fürth,VfL Bochum,5800,Sportpark Ronhof | Thomas Sommer,https://www.transfermarkt.de/spielbericht/index/spielbericht/31290
2005/06,16.09.2005,SpVgg Unterhaching,FC Erzgebirge Aue,3500,Uhlsport Park,https://www.transfermarkt.de/spielbericht/index/spielbericht/31291
2005/06,16.09.2005,Kickers Offenbach,TSV 1860 München,16490,Stadion am Bieberer Berg,https://www.transfermarkt.de/spielbericht/index/spielbericht/31292
2005/06,16.09.2005,SG Dynamo Dresden,Eintracht Braunschweig,17436,Rudolf-Harbig-Stadion,https://www.transfermarkt.de/spielbericht/index/spielbericht/31293
2005/06,16.09.2005,SC Freiburg,Karlsruher SC,20000,Dreisamstadion,https://www.transfermarkt.de/spielbericht/index/spielbericht/31288
2005/06,18.09.2005,FC Hansa Rostock,SC Paderborn 07,13000,Ostseestadion,https://www.transfermarkt.de/spielbericht/index/spielbericht/31285
2005/06,18.09.2005,LR Ahlen,Sportfreunde Siegen,4511,Wersestadion,https://www.transfermarkt.de/spielbericht/index/spielbericht/31286
2005/06,18.09.2005,FC Energie Cottbus,Alemannia Aachen,10200,LEAG Energie Stadion,https://www.transfermarkt.de/spielbericht/index/spielbericht/31287
2005/06,18.09.2005,1.FC Saarbrücken,SV Wacker Burghausen,5000,Ludwigsparkstadion,https://www.transfermarkt.de/spielbericht/index/spielbericht/31289
2005/06,20.09.2005,VfL Bochum,SG Dynamo Dresden,17767,Vonovia Ruhrstadion,https://www.transfermarkt.de/spielbericht/index/spielbericht/31305
2005/06,20.09.2005,Eintracht Braunschweig,Kickers Offenbach,18000,EINTRACHT-Stadion,https://www.transfermarkt.de/spielbericht/index/spielbericht/31307
2005/06,20.09.2005,TSV 1860 München,SC Freiburg,29842,Allianz Arena,https://www.transfermarkt.de/spielbericht/index/spielbericht/31309
2005/06,20.09.2005,Karlsruher SC,SpVgg Unterhaching,9900,BBBank Wildpark,https://www.transfermarkt.de/spielbericht/index/spielbericht/31310
2005/06,21.09.2005,SC Paderborn 07,SpVgg Greuther Fürth,4818,Hermann-Löns-Stadion,https://www.transfermarkt.de/spielbericht/index/spielbericht/31304
2005/06,21.09.2005,Alemannia Aachen,LR Ahlen,16778,Tivoli (alt),https://www.transfermarkt.de/spielbericht/index/spielbericht/31306
2005/06,21.09.2005,SV Wacker Burghausen,FC Energie Cottbus,4200,Wacker-Arena,https://www.transfermarkt.de/spielbericht/index/spielbericht/31308
2005/06,21.09.2005,FC Erzgebirge Aue,1.FC Saarbrücken,9700,eins Erzgebirgsstadion,https://www.transfermarkt.de/spielbericht/index/spielbericht/31311
2005/06,22.09.2005,Sportfreunde Siegen,FC Hansa Rostock,9685,Leimbachstadion,https://www.transfermarkt.de/spielbericht/index/spielbericht/31303
2005/06,23.09.2005,SC Freiburg,SpVgg Unterhaching,12000,Dreisamstadion,https://www.transfermarkt.de/spielbericht/index/spielbericht/31324
2005/06,23.09.2005,TSV 1860 München,Eintracht Braunschweig,41000,Allianz Arena,https://www.transfermarkt.de/spielbericht/index/spielbericht/31327
2005/06,23.09.2005,Kickers Offenbach,VfL Bochum,11000,Stadion am Bieberer Berg,https://www.transfermarkt.de/spielbericht/index/spielbericht/31328
2005/06,25.09.2005,LR Ahlen,SV Wacker Burghausen,3300,Wersestadion,https://www.transfermarkt.de/spielbericht/index/spielbericht/31322
2005/06,25.09.2005,FC Energie Cottbus,FC Erzgebirge Aue,14300,LEAG Energie Stadion,https://www.transfermarkt.de/spielbericht/index/spielbericht/31323
2005/06,25.09.2005,1.FC Saarbrücken,Karlsruher SC,6300,Ludwigsparkstadion,https://www.transfermarkt.de/spielbericht/index/spielbericht/31325
2005/06,25.09.2005,SpVgg Greuther Fürth,Sportfreunde Siegen,6500,Sportpark Ronhof | Thomas Sommer,https://www.transfermarkt.de/spielbericht/index/spielbericht/31326
2005/06,25.09.2005,SG Dynamo Dresden,SC Paderborn 07,18000,Rudolf-Harbig-Stadion,https://www.transfermarkt.de/spielbericht/index/spielbericht/31329
2005/06,26.09.2005,FC Hansa Rostock,Alemannia Aachen,10000,Ostseestadion,https://www.transfermarkt.de/spielbericht/index/spielbericht/31321
2005/06,30.09.2005,SpVgg Unterhaching,1.FC Saarbrücken,2500,Uhlsport Park,https://www.transfermarkt.de/spielbericht/index/spielbericht/31343
2005/06,30.09.2005,FC Erzgebirge Aue,LR Ahlen,10200,eins Erzgebirgsstadion,https://www.transfermarkt.de/spielbericht/index/spielbericht/31345
2005/06,30.09.2005,Alemannia Aachen,SpVgg Greuther Fürth,18115,Tivoli (alt),https://www.transfermarkt.de/spielbericht/index/spielbericht/31346
2005/06,02.10.2005,Sportfreunde Siegen,SG Dynamo Dresden,13957,Leimbachstadion,https://www.transfermarkt.de/spielbericht/index/spielbericht/31339
2005/06,02.10.2005,SC Paderborn 07,Kickers Offenbach,5966,Hermann-Löns-Stadion,https://www.transfermarkt.de/spielbericht/index/spielbericht/31340
2005/06,02.10.2005,Eintracht Braunschweig,SC Freiburg,21800,EINTRACHT-Stadion,https://www.transfermarkt.de/spielbericht/index/spielbericht/31342
2005/06,02.10.2005,Karlsruher SC,FC Energie Cottbus,15200,BBBank Wildpark,https://www.transfermarkt.de/spielbericht/index/spielbericht/31344
2005/06,02.10.2005,SV Wacker Burghausen,FC Hansa Rostock,4650,Wacker-Arena,https://www.transfermarkt.de/spielbericht/index/spielbericht/31347
2005/06,03.10.2005,VfL Bochum,TSV 1860 München,23606,Vonovia Ruhrstadion,https://www.transfermarkt.de/spielbericht/index/spielbericht/31341
2005/06,14.10.2005,FC Hansa Rostock,FC Erzgebirge Aue,23000,Ostseestadion,https://www.transfermarkt.de/spielbericht/index/spielbericht/31357
2005/06,14.10.2005,LR Ahlen,Karlsruher SC,5100,Wersestadion,https://www.transfermarkt.de/spielbericht/index/spielbericht/31358
2005/06,14.10.2005,TSV 1860 München,SC Paderborn 07,35200,Allianz Arena,https://www.transfermarkt.de/spielbericht/index/spielbericht/31363
2005/06,16.10.2005,FC Energie Cottbus,SpVgg Unterhaching,11600,LEAG Energie Stadion,https://www.transfermarkt.de/spielbericht/index/spielbericht/31359
2005/06,16.10.2005,SC Freiburg,1.FC Saarbrücken,14500,Dreisamstadion,https://www.transfermarkt.de/spielbericht/index/spielbericht/31360
2005/06,16.10.2005,Eintracht Braunschweig,VfL Bochum,22100,EINTRACHT-Stadion,https://www.transfermarkt.de/spielbericht/index/spielbericht/31361
2005/06,16.10.2005,SpVgg Greuther Fürth,SV Wacker Burghausen,7600,Sportpark Ronhof | Thomas Sommer,https://www.transfermarkt.de/spielbericht/index/spielbericht/31362
2005/06,16.10.2005,Kickers Offenbach,Sportfreunde Siegen,10935,Stadion am Bieberer Berg,https://www.transfermarkt.de/spielbericht/index/spielbericht/31364
2005/06,17.10.2005,SG Dynamo Dresden,Alemannia Aachen,16135,Rudolf-Harbig-Stadion,https://www.transfermarkt.de/spielbericht/index/spielbericht/31365
2005/06,21.10.2005,SC Paderborn 07,Eintracht Braunschweig,7420,Hermann-Löns-Stadion,https://www.transfermarkt.de/spielbericht/index/spielbericht/31376
2005/06,21.10.2005,VfL Bochum,SC Freiburg,17132,Vonovia Ruhrstadion,https://www.transfermarkt.de/spielbericht/index/spielbericht/31377
2005/06,21.10.2005,Alemannia Aachen,Kickers Offenbach,18777,Tivoli (alt),https://www.transfermarkt.de/spielbericht/index/spielbericht/31378
2005/06,21.10.2005,SV Wacker Burghausen,SG Dynamo Dresden,5150,Wacker-Arena,https://www.transfermarkt.de/spielbericht/index/spielbericht/31380
2005/06,23.10.2005,1.FC Saarbrücken,FC Energie Cottbus,6700,Ludwigsparkstadion,https://www.transfermarkt.de/spielbericht/index/spielbericht/31379
2005/06,23.10.2005,SpVgg Unterhaching,LR Ahlen,4000,Uhlsport Park,https://www.transfermarkt.de/spielbericht/index/spielbericht/31381
2005/06,23.10.2005,Karlsruher SC,FC Hansa Rostock,16200,BBBank Wildpark,https://www.transfermarkt.de/spielbericht/index/spielbericht/31382
2005/06,23.10.2005,FC Erzgebirge Aue,SpVgg Greuther Fürth,10100,eins Erzgebirgsstadion,https://www.transfermarkt.de/spielbericht/index/spielbericht/31383
2005/06,23.10.2005,Sportfreunde Siegen,TSV 1860 München,12608,Leimbachstadion,https://www.transfermarkt.de/spielbericht/index/spielbericht/31375
2005/06,28.10.2005,LR Ahlen,1.FC Saarbrücken,3892,Wersestadion,https://www.transfermarkt.de/spielbericht/index/spielbericht/31394
2005/06,28.10.2005,VfL Bochum,SC Paderborn 07,21077,Vonovia Ruhrstadion,https://www.transfermarkt.de/spielbericht/index/spielbericht/31395
2005/06,28.10.2005,Eintracht Braunschweig,Sportfreunde Siegen,17600,EINTRACHT-Stadion,https://www.transfermarkt.de/spielbericht/index/spielbericht/31397
2005/06,30.10.2005,FC Hansa Rostock,SpVgg Unterhaching,20000,Ostseestadion,https://www.transfermarkt.de/spielbericht/index/spielbericht/31393
2005/06,30.10.2005,SC Freiburg,FC Energie Cottbus,16000,Dreisamstadion,https://www.transfermarkt.de/spielbericht/index/spielbericht/31396
2005/06,30.10.2005,SpVgg Greuther Fürth,Karlsruher SC,8300,Sportpark Ronhof | Thomas Sommer,https://www.transfermarkt.de/spielbericht/index/spielbericht/31398
2005/06,30.10.2005,Kickers Offenbach,SV Wacker Burghausen,9589,Stadion am Bieberer Berg,https://www.transfermarkt.de/spielbericht/index/spielbericht/31400
2005/06,31.10.2005,TSV 1860 München,Alemannia Aachen,51000,Allianz Arena,https://www.transfermarkt.de/spielbericht/index/spielbericht/31399
2005/06,01.11.2005,SG Dynamo Dresden,FC Erzgebirge Aue,19396,Rudolf-Harbig-Stadion,https://www.transfermarkt.de/spielbericht/index/spielbericht/31401
2005/06,04.11.2005,FC Energie Cottbus,LR Ahlen,11000,LEAG Energie Stadion,https://www.transfermarkt.de/spielbericht/index/spielbericht/31413
2005/06,04.11.2005,Karlsruher SC,SG Dynamo Dresden,18400,BBBank Wildpark,https://www.transfermarkt.de/spielbericht/index/spielbericht/31416
2005/06,06.11.2005,Sportfreunde Siegen,VfL Bochum,17745,Leimbachstadion,https://www.transfermarkt.de/spielbericht/index/spielbericht/31411
2005/06,06.11.2005,SC Paderborn 07,SC Freiburg,8605,Hermann-Löns-Stadion,https://www.transfermarkt.de/spielbericht/index/spielbericht/31412
2005/06,06.11.2005,1.FC Saarbrücken,FC Hansa Rostock,5800,Ludwigsparkstadion,https://www.transfermarkt.de/spielbericht/index/spielbericht/31414
2005/06,06.11.2005,SpVgg Unterhaching,SpVgg Greuther Fürth,4000,Uhlsport Park,https://www.transfermarkt.de/spielbericht/index/spielbericht/31415
2005/06,06.11.2005,FC Erzgebirge Aue,Kickers Offenbach,11500,eins Erzgebirgsstadion,https://www.transfermarkt.de/spielbericht/index/spielbericht/31417
2005/06,07.11.2005,Alemannia Aachen,Eintracht Braunschweig,17011,Tivoli (alt),https://www.transfermarkt.de/spielbericht/index/spielbericht/31418
2005/06,29.03.2006,SV Wacker Burghausen,TSV 1860 München,6500,Wacker-Arena,https://www.transfermarkt.de/spielbericht/index/spielbericht/31419
2005/06,18.11.2005,SC Paderborn 07,Sportfreunde Siegen,7014,Hermann-Löns-Stadion,https://www.transfermarkt.de/spielbericht/index/spielbericht/31430
2005/06,18.11.2005,VfL Bochum,Alemannia Aachen,21057,Vonovia Ruhrstadion,https://www.transfermarkt.de/spielbericht/index/spielbericht/31431
2005/06,18.11.2005,Eintracht Braunschweig,SV Wacker Burghausen,17300,EINTRACHT-Stadion,https://www.transfermarkt.de/spielbericht/index/spielbericht/31433
2005/06,18.11.2005,Kickers Offenbach,Karlsruher SC,9030,Stadion am Bieberer Berg,https://www.transfermarkt.de/spielbericht/index/spielbericht/31436
2005/06,20.11.2005,SC Freiburg,LR Ahlen,13000,Dreisamstadion,https://www.transfermarkt.de/spielbericht/index/spielbericht/31432
2005/06,20.11.2005,SpVgg Greuther Fürth,1.FC Saarbrücken,5600,Sportpark Ronhof | Thomas Sommer,https://www.transfermarkt.de/spielbericht/index/spielbericht/31434
2005/06,20.11.2005,TSV 1860 München,FC Erzgebirge Aue,51700,Allianz Arena,https://www.transfermarkt.de/spielbericht/index/spielbericht/31435
2005/06,20.11.2005,SG Dynamo Dresden,SpVgg Unterhaching,12213,Rudolf-Harbig-Stadion,https://www.transfermarkt.de/spielbericht/index/spielbericht/31437
2005/06,21.11.2005,FC Hansa Rostock,FC Energie Cottbus,22000,Ostseestadion,https://www.transfermarkt.de/spielbericht/index/spielbericht/31429
2005/06,25.11.2005,FC Erzgebirge Aue,Eintracht Braunschweig,9500,eins Erzgebirgsstadion,https://www.transfermarkt.de/spielbericht/index/spielbericht/31453
2005/06,25.11.2005,SV Wacker Burghausen,VfL Bochum,4030,Wacker-Arena,https://www.transfermarkt.de/spielbericht/index/spielbericht/31455
2005/06,27.11.2005,SpVgg Unterhaching,Kickers Offenbach,3250,Uhlsport Park,https://www.transfermarkt.de/spielbericht/index/spielbericht/31451
2005/06,27.11.2005,Karlsruher SC,TSV 1860 München,28000,BBBank Wildpark,https://www.transfermarkt.de/spielbericht/index/spielbericht/31452
2005/06,27.11.2005,Alemannia Aachen,SC Paderborn 07,18581,Tivoli (alt),https://www.transfermarkt.de/spielbericht/index/spielbericht/31454
2005/06,28.11.2005,FC Energie Cottbus,SpVgg Greuther Fürth,6650,LEAG Energie Stadion,https://www.transfermarkt.de/spielbericht/index/spielbericht/31449
2005/06,07.12.2005,Sportfreunde Siegen,SC Freiburg,7760,Leimbachstadion,https://www.transfermarkt.de/spielbericht/index/spielbericht/31447
2005/06,14.12.2005,LR Ahlen,FC Hansa Rostock,3996,Wersestadion,https://www.transfermarkt.de/spielbericht/index/spielbericht/31448
2005/06,14.12.2005,1.FC Saarbrücken,SG Dynamo Dresden,6200,Ludwigsparkstadion,https://www.transfermarkt.de/spielbericht/index/spielbericht/31450
2005/06,02.12.2005,Sportfreunde Siegen,Alemannia Aachen,11714,Leimbachstadion,https://www.transfermarkt.de/spielbericht/index/spielbericht/31465
2005/06,02.12.2005,Eintracht Braunschweig,Karlsruher SC,16900,EINTRACHT-Stadion,https://www.transfermarkt.de/spielbericht/index/spielbericht/31468
2005/06,02.12.2005,SpVgg Greuther Fürth,LR Ahlen,4900,Sportpark Ronhof | Thomas Sommer,https://www.transfermarkt.de/spielbericht/index/spielbericht/31473
2005/06,04.12.2005,SC Paderborn 07,SV Wacker Burghausen,6443,Hermann-Löns-Stadion,https://www.transfermarkt.de/spielbericht/index/spielbericht/31466
2005/06,04.12.2005,VfL Bochum,FC Erzgebirge Aue,15068,Vonovia Ruhrstadion,https://www.transfermarkt.de/spielbericht/index/spielbericht/31467
2005/06,04.12.2005,TSV 1860 München,SpVgg Unterhaching,50000,Allianz Arena,https://www.transfermarkt.de/spielbericht/index/spielbericht/31469
2005/06,04.12.2005,Kickers Offenbach,1.FC Saarbrücken,7471,Stadion am Bieberer Berg,https://www.transfermarkt.de/spielbericht/index/spielbericht/31470
2005/06,04.12.2005,SC Freiburg,FC Hansa Rostock,14200,Dreisamstadion,https://www.transfermarkt.de/spielbericht/index/spielbericht/31472
2005/06,05.12.2005,SG Dynamo Dresden,FC Energie Cottbus,13761,Rudolf-Harbig-Stadion,https://www.transfermarkt.de/spielbericht/index/spielbericht/31471
2005/06,09.12.2005,FC Hansa Rostock,SpVgg Greuther Fürth,13000,Ostseestadion,https://www.transfermarkt.de/spielbericht/index/spielbericht/31483
2005/06,09.12.2005,LR Ahlen,SG Dynamo Dresden,3819,Wersestadion,https://www.transfermarkt.de/spielbericht/index/spielbericht/31484
2005/06,09.12.2005,FC Erzgebirge Aue,SC Paderborn 07,8700,eins Erzgebirgsstadion,https://www.transfermarkt.de/spielbericht/index/spielbericht/31491
2005/06,11.12.2005,FC Energie Cottbus,Kickers Offenbach,7950,LEAG Energie Stadion,https://www.transfermarkt.de/spielbericht/index/spielbericht/31485
2005/06,11.12.2005,1.FC Saarbrücken,TSV 1860 München,7800,Ludwigsparkstadion,https://www.transfermarkt.de/spielbericht/index/spielbericht/31487
2005/06,11.12.2005,SV Wacker Burghausen,Sportfreunde Siegen,8714,Wacker-Arena,https://www.transfermarkt.de/spielbericht/index/spielbericht/31488
2005/06,11.12.2005,SpVgg Unterhaching,Eintracht Braunschweig,5500,Uhlsport Park,https://www.transfermarkt.de/spielbericht/index/spielbericht/31489
2005/06,11.12.2005,Karlsruher SC,VfL Bochum,15700,BBBank Wildpark,https://www.transfermarkt.de/spielbericht/index/spielbericht/31490
2005/06,12.12.2005,SC Freiburg,Alemannia Aachen,12000,Dreisamstadion,https://www.transfermarkt.de/spielbericht/index/spielbericht/31486
2005/06,16.12.2005,VfL Bochum,SpVgg Unterhaching,11733,Vonovia Ruhrstadion,https://www.transfermarkt.de/spielbericht/index/spielbericht/31503
2005/06,16.12.2005,TSV 1860 München,FC Energie Cottbus,28100,Allianz Arena,https://www.transfermarkt.de/spielbericht/index/spielbericht/31505
2005/06,16.12.2005,SpVgg Greuther Fürth,SC Freiburg,6100,Sportpark Ronhof | Thomas Sommer,https://www.transfermarkt.de/spielbericht/index/spielbericht/31509
2005/06,18.12.2005,Eintracht Braunschweig,1.FC Saarbrücken,16800,EINTRACHT-Stadion,https://www.transfermarkt.de/spielbericht/index/spielbericht/31504
2005/06,18.12.2005,Kickers Offenbach,LR Ahlen,7029,Stadion am Bieberer Berg,https://www.transfermarkt.de/spielbericht/index/spielbericht/31506
2005/06,18.12.2005,Alemannia Aachen,SV Wacker Burghausen,19361,Tivoli (alt),https://www.transfermarkt.de/spielbericht/index/spielbericht/31508
2005/06,19.12.2005,SC Paderborn 07,Karlsruher SC,5012,Hermann-Löns-Stadion,https://www.transfermarkt.de/spielbericht/index/spielbericht/31502
2005/06,22.12.2005,Sportfreunde Siegen,FC Erzgebirge Aue,8150,Leimbachstadion,https://www.transfermarkt.de/spielbericht/index/spielbericht/31501
2005/06,22.02.2006,SG Dynamo Dresden,FC Hansa Rostock,18702,Rudolf-Harbig-Stadion,https://www.transfermarkt.de/spielbericht/index/spielbericht/31507
2005/06,20.01.2006,TSV 1860 München,LR Ahlen,20800,Allianz Arena,https://www.transfermarkt.de/spielbericht/index/spielbericht/31520
2005/06,20.01.2006,Alemannia Aachen,FC Erzgebirge Aue,18393,Tivoli (alt),https://www.transfermarkt.de/spielbericht/index/spielbericht/31527
2005/06,20.01.2006,SV Wacker Burghausen,SC Freiburg,4000,Wacker-Arena,https://www.transfermarkt.de/spielbericht/index/spielbericht/31522
2005/06,22.01.2006,Kickers Offenbach,FC Hansa Rostock,8719,Stadion am Bieberer Berg,https://www.transfermarkt.de/spielbericht/index/spielbericht/31519
2005/06,22.01.2006,VfL Bochum,1.FC Saarbrücken,15177,Vonovia Ruhrstadion,https://www.transfermarkt.de/spielbericht/index/spielbericht/31523
2005/06,22.01.2006,SC Paderborn 07,SpVgg Unterhaching,5013,Hermann-Löns-Stadion,https://www.transfermarkt.de/spielbericht/index/spielbericht/31525
2005/06,24.01.2006,Sportfreunde Siegen,Karlsruher SC,6176,Leimbachstadion,https://www.transfermarkt.de/spielbericht/index/spielbericht/31526
2005/06,08.03.2006,Eintracht Braunschweig,FC Energie Cottbus,14440,EINTRACHT-Stadion,https://www.transfermarkt.de/spielbericht/index/spielbericht/31521
2005/06,08.03.2006,SG Dynamo Dresden,SpVgg Greuther Fürth,11478,Rudolf-Harbig-Stadion,https://www.transfermarkt.de/spielbericht/index/spielbericht/31524
2005/06,28.01.2006,1.FC Saarbrücken,SC Paderborn 07,5700,Ludwigsparkstadion,https://www.transfermarkt.de/spielbericht/index/spielbericht/31538
2005/06,28.01.2006,FC Erzgebirge Aue,SV Wacker Burghausen,9300,eins Erzgebirgsstadion,https://www.transfermarkt.de/spielbericht/index/spielbericht/31542
2005/06,28.01.2006,SC Freiburg,SG Dynamo Dresden,12000,Dreisamstadion,https://www.transfermarkt.de/spielbericht/index/spielbericht/31545
2005/06,29.01.2006,SpVgg Unterhaching,Sportfreunde Siegen,2600,Uhlsport Park,https://www.transfermarkt.de/spielbericht/index/spielbericht/31537
2005/06,29.01.2006,FC Energie Cottbus,VfL Bochum,7525,LEAG Energie Stadion,https://www.transfermarkt.de/spielbericht/index/spielbericht/31539
2005/06,29.01.2006,LR Ahlen,Eintracht Braunschweig,4606,Wersestadion,https://www.transfermarkt.de/spielbericht/index/spielbericht/31541
2005/06,29.01.2006,FC Hansa Rostock,TSV 1860 München,14000,Ostseestadion,https://www.transfermarkt.de/spielbericht/index/spielbericht/31543
2005/06,29.01.2006,SpVgg Greuther Fürth,Kickers Offenbach,6100,Sportpark Ronhof | Thomas Sommer,https://www.transfermarkt.de/spielbericht/index/spielbericht/31544
2005/06,30.01.2006,Karlsruher SC,Alemannia Aachen,10300,BBBank Wildpark,https://www.transfermarkt.de/spielbericht/index/spielbericht/31540
2005/06,03.02.2006,VfL Bochum,LR Ahlen,14286,Vonovia Ruhrstadion,https://www.transfermarkt.de/spielbericht/index/spielbericht/31556
2005/06,03.02.2006,Sportfreunde Siegen,1.FC Saarbrücken,7848,Leimbachstadion,https://www.transfermarkt.de/spielbericht/index/spielbericht/31559
2005/06,03.02.2006,SV Wacker Burghausen,Karlsruher SC,3500,Wacker-Arena,https://www.transfermarkt.de/spielbericht/index/spielbericht/31562
2005/06,05.02.2006,SC Paderborn 07,FC Energie Cottbus,4386,Hermann-Löns-Stadion,https://www.transfermarkt.de/spielbericht/index/spielbericht/31557
2005/06,05.02.2006,FC Erzgebirge Aue,SC Freiburg,9800,eins Erzgebirgsstadion,https://www.transfermarkt.de/spielbericht/index/spielbericht/31558
2005/06,05.02.2006,Alemannia Aachen,SpVgg Unterhaching,18632,Tivoli (alt),https://www.transfermarkt.de/spielbericht/index/spielbericht/31561
2005/06,06.02.2006,TSV 1860 München,SpVgg Greuther Fürth,35400,Allianz Arena,https://www.transfermarkt.de/spielbericht/index/spielbericht/31560
2005/06,29.03.2006,Eintracht Braunschweig,FC Hansa Rostock,17700,EINTRACHT-Stadion,https://www.transfermarkt.de/spielbericht/index/spielbericht/31555
2005/06,29.03.2006,Kickers Offenbach,SG Dynamo Dresden,10509,Stadion am Bieberer Berg,https://www.transfermarkt.de/spielbericht/index/spielbericht/31563
2005/06,10.02.2006,SG Dynamo Dresden,TSV 1860 München,9709,Rudolf-Harbig-Stadion,https://www.transfermarkt.de/spielbericht/index/spielbericht/31577
2005/06,10.02.2006,Karlsruher SC,FC Erzgebirge Aue,11500,BBBank Wildpark,https://www.transfermarkt.de/spielbericht/index/spielbericht/31579
2005/06,12.02.2006,FC Energie Cottbus,Sportfreunde Siegen,7150,LEAG Energie Stadion,https://www.transfermarkt.de/spielbericht/index/spielbericht/31573
2005/06,12.02.2006,LR Ahlen,SC Paderborn 07,5045,Wersestadion,https://www.transfermarkt.de/spielbericht/index/spielbericht/31574
2005/06,12.02.2006,SpVgg Greuther Fürth,Eintracht Braunschweig,6200,Sportpark Ronhof | Thomas Sommer,https://www.transfermarkt.de/spielbericht/index/spielbericht/31576
2005/06,12.02.2006,SC Freiburg,Kickers Offenbach,11500,Dreisamstadion,https://www.transfermarkt.de/spielbericht/index/spielbericht/31578
2005/06,12.02.2006,SpVgg Unterhaching,SV Wacker Burghausen,3500,Uhlsport Park,https://www.transfermarkt.de/spielbericht/index/spielbericht/31581
2005/06,13.02.2006,FC Hansa Rostock,VfL Bochum,14000,Ostseestadion,https://www.transfermarkt.de/spielbericht/index/spielbericht/31575
2005/06,29.03.2006,1.FC Saarbrücken,Alemannia Aachen,12600,Ludwigsparkstadion,https://www.transfermarkt.de/spielbericht/index/spielbericht/31580
2005/06,17.02.2006,Karlsruher SC,SC Freiburg,27900,BBBank Wildpark,https://www.transfermarkt.de/spielbericht/index/spielbericht/31603
2005/06,17.02.2006,TSV 1860 München,Kickers Offenbach,27800,Allianz Arena,https://www.transfermarkt.de/spielbericht/index/spielbericht/31607
2005/06,17.02.2006,Eintracht Braunschweig,SG Dynamo Dresden,17100,EINTRACHT-Stadion,https://www.transfermarkt.de/spielbericht/index/spielbericht/31608
2005/06,19.02.2006,SC Paderborn 07,FC Hansa Rostock,6850,Hermann-Löns-Stadion,https://www.transfermarkt.de/spielbericht/index/spielbericht/31600
2005/06,19.02.2006,SV Wacker Burghausen,1.FC Saarbrücken,4500,Wacker-Arena,https://www.transfermarkt.de/spielbericht/index/spielbericht/31604
2005/06,19.02.2006,VfL Bochum,SpVgg Greuther Fürth,17157,Vonovia Ruhrstadion,https://www.transfermarkt.de/spielbericht/index/spielbericht/31605
2005/06,19.02.2006,FC Erzgebirge Aue,SpVgg Unterhaching,9900,eins Erzgebirgsstadion,https://www.transfermarkt.de/spielbericht/index/spielbericht/31606
2005/06,20.02.2006,Alemannia Aachen,FC Energie Cottbus,16515,Tivoli (alt),https://www.transfermarkt.de/spielbericht/index/spielbericht/31602
2005/06,29.03.2006,Sportfreunde Siegen,LR Ahlen,5676,Leimbachstadion,https://www.transfermarkt.de/spielbericht/index/spielbericht/31601
2005/06,24.02.2006,SpVgg Greuther Fürth,SC Paderborn 07,5500,Sportpark Ronhof | Thomas Sommer,https://www.transfermarkt.de/spielbericht/index/spielbericht/31610
2005/06,24.02.2006,1.FC Saarbrücken,FC Erzgebirge Aue,6400,Ludwigsparkstadion,https://www.transfermarkt.de/spielbericht/index/spielbericht/31615
2005/06,24.02.2006,FC Energie Cottbus,SV Wacker Burghausen,7450,LEAG Energie Stadion,https://www.transfermarkt.de/spielbericht/index/spielbericht/31617
2005/06,26.02.2006,FC Hansa Rostock,Sportfreunde Siegen,10000,Ostseestadion,https://www.transfermarkt.de/spielbericht/index/spielbericht/31609
2005/06,26.02.2006,SG Dynamo Dresden,VfL Bochum,13153,Rudolf-Harbig-Stadion,https://www.transfermarkt.de/spielbericht/index/spielbericht/31611
2005/06,26.02.2006,Kickers Offenbach,Eintracht Braunschweig,7084,Stadion am Bieberer Berg,https://www.transfermarkt.de/spielbericht/index/spielbericht/31612
2005/06,26.02.2006,SpVgg Unterhaching,Karlsruher SC,3800,Uhlsport Park,https://www.transfermarkt.de/spielbericht/index/spielbericht/31614
2005/06,26.02.2006,LR Ahlen,Alemannia Aachen,5125,Wersestadion,https://www.transfermarkt.de/spielbericht/index/spielbericht/31616
2005/06,27.02.2006,SC Freiburg,TSV 1860 München,14000,Dreisamstadion,https://www.transfermarkt.de/spielbericht/index/spielbericht/31613
2005/06,03.03.2006,SV Wacker Burghausen,LR Ahlen,3300,Wacker-Arena,https://www.transfermarkt.de/spielbericht/index/spielbericht/31637
2005/06,03.03.2006,FC Erzgebirge Aue,FC Energie Cottbus,12800,eins Erzgebirgsstadion,https://www.transfermarkt.de/spielbericht/index/spielbericht/31638
2005/06,03.03.2006,VfL Bochum,Kickers Offenbach,14021,Vonovia Ruhrstadion,https://www.transfermarkt.de/spielbericht/index/spielbericht/31641
2005/06,05.03.2006,Eintracht Braunschweig,TSV 1860 München,20100,EINTRACHT-Stadion,https://www.transfermarkt.de/spielbericht/index/spielbericht/31640
2005/06,05.03.2006,SC Paderborn 07,SG Dynamo Dresden,6930,Hermann-Löns-Stadion,https://www.transfermarkt.de/spielbericht/index/spielbericht/31642
2005/06,06.03.2006,Alemannia Aachen,FC Hansa Rostock,17059,Tivoli (alt),https://www.transfermarkt.de/spielbericht/index/spielbericht/31636
2005/06,16.03.2006,Karlsruher SC,1.FC Saarbrücken,13300,BBBank Wildpark,https://www.transfermarkt.de/spielbericht/index/spielbericht/31639
2005/06,16.03.2006,SpVgg Unterhaching,SC Freiburg,3000,Uhlsport Park,https://www.transfermarkt.de/spielbericht/index/spielbericht/31643
2005/06,22.03.2006,Sportfreunde Siegen,SpVgg Greuther Fürth,6636,Leimbachstadion,https://www.transfermarkt.de/spielbericht/index/spielbericht/31644
2005/06,10.03.2006,Kickers Offenbach,SC Paderborn 07,7531,Stadion am Bieberer Berg,https://www.transfermarkt.de/spielbericht/index/spielbericht/31655
2005/06,10.03.2006,1.FC Saarbrücken,SpVgg Unterhaching,4700,Ludwigsparkstadion,https://www.transfermarkt.de/spielbericht/index/spielbericht/31660
2005/06,10.03.2006,LR Ahlen,FC Erzgebirge Aue,3279,Wersestadion,https://www.transfermarkt.de/spielbericht/index/spielbericht/31662
2005/06,12.03.2006,SG Dynamo Dresden,Sportfreunde Siegen,10711,Rudolf-Harbig-Stadion,https://www.transfermarkt.de/spielbericht/index/spielbericht/31654
2005/06,12.03.2006,SpVgg Greuther Fürth,Alemannia Aachen,6900,Sportpark Ronhof | Thomas Sommer,https://www.transfermarkt.de/spielbericht/index/spielbericht/31657
2005/06,12.03.2006,SC Freiburg,Eintracht Braunschweig,12000,Dreisamstadion,https://www.transfermarkt.de/spielbericht/index/spielbericht/31658
2005/06,12.03.2006,FC Hansa Rostock,SV Wacker Burghausen,10000,Ostseestadion,https://www.transfermarkt.de/spielbericht/index/spielbericht/31659
2005/06,12.03.2006,FC Energie Cottbus,Karlsruher SC,8740,LEAG Energie Stadion,https://www.transfermarkt.de/spielbericht/index/spielbericht/31661
2005/06,13.03.2006,TSV 1860 München,VfL Bochum,27600,Allianz Arena,https://www.transfermarkt.de/spielbericht/index/spielbericht/31656
2005/06,17.03.2006,SV Wacker Burghausen,SpVgg Greuther Fürth,3900,Wacker-Arena,https://www.transfermarkt.de/spielbericht/index/spielbericht/31677
2005/06,17.03.2006,Sportfreunde Siegen,Kickers Offenbach,10054,Leimbachstadion,https://www.transfermarkt.de/spielbericht/index/spielbericht/31679
2005/06,17.03.2006,Alemannia Aachen,SG Dynamo Dresden,20143,Tivoli (alt),https://www.transfermarkt.de/spielbericht/index/spielbericht/31680
2005/06,19.03.2006,Karlsruher SC,LR Ahlen,13000,BBBank Wildpark,https://www.transfermarkt.de/spielbericht/index/spielbericht/31673
2005/06,19.03.2006,SpVgg Unterhaching,FC Energie Cottbus,5000,Uhlsport Park,https://www.transfermarkt.de/spielbericht/index/spielbericht/31674
2005/06,19.03.2006,1.FC Saarbrücken,SC Freiburg,8800,Ludwigsparkstadion,https://www.transfermarkt.de/spielbericht/index/spielbericht/31675
2005/06,19.03.2006,VfL Bochum,Eintracht Braunschweig,20189,Vonovia Ruhrstadion,https://www.transfermarkt.de/spielbericht/index/spielbericht/31676
2005/06,19.03.2006,SC Paderborn 07,TSV 1860 München,8147,Hermann-Löns-Stadion,https://www.transfermarkt.de/spielbericht/index/spielbericht/31678
2005/06,20.03.2006,FC Erzgebirge Aue,FC Hansa Rostock,11800,eins Erzgebirgsstadion,https://www.transfermarkt.de/spielbericht/index/spielbericht/31672
2005/06,24.03.2006,Eintracht Braunschweig,SC Paderborn 07,15000,EINTRACHT-Stadion,https://www.transfermarkt.de/spielbericht/index/spielbericht/31691
2005/06,24.03.2006,Kickers Offenbach,Alemannia Aachen,9273,Stadion am Bieberer Berg,https://www.transfermarkt.de/spielbericht/index/spielbericht/31693
2005/06,24.03.2006,SG Dynamo Dresden,SV Wacker Burghausen,13812,Rudolf-Harbig-Stadion,https://www.transfermarkt.de/spielbericht/index/spielbericht/31695
2005/06,26.03.2006,TSV 1860 München,Sportfreunde Siegen,25000,Allianz Arena,https://www.transfermarkt.de/spielbericht/index/spielbericht/31690
2005/06,26.03.2006,FC Energie Cottbus,1.FC Saarbrücken,8550,LEAG Energie Stadion,https://www.transfermarkt.de/spielbericht/index/spielbericht/31694
2005/06,26.03.2006,LR Ahlen,SpVgg Unterhaching,3000,Wersestadion,https://www.transfermarkt.de/spielbericht/index/spielbericht/31696
2005/06,26.03.2006,FC Hansa Rostock,Karlsruher SC,10000,Ostseestadion,https://www.transfermarkt.de/spielbericht/index/spielbericht/31697
2005/06,26.03.2006,SpVgg Greuther Fürth,FC Erzgebirge Aue,8600,Sportpark Ronhof | Thomas Sommer,https://www.transfermarkt.de/spielbericht/index/spielbericht/31698
2005/06,27.03.2006,SC Freiburg,VfL Bochum,14000,Dreisamstadion,https://www.transfermarkt.de/spielbericht/index/spielbericht/31692
2005/06,31.03.2006,SC Paderborn 07,VfL Bochum,9322,Hermann-Löns-Stadion,https://www.transfermarkt.de/spielbericht/index/spielbericht/31710
2005/06,31.03.2006,FC Energie Cottbus,SC Freiburg,9800,LEAG Energie Stadion,https://www.transfermarkt.de/spielbericht/index/spielbericht/31711
2005/06,31.03.2006,Karlsruher SC,SpVgg Greuther Fürth,20100,BBBank Wildpark,https://www.transfermarkt.de/spielbericht/index/spielbericht/31713
2005/06,02.04.2006,SpVgg Unterhaching,FC Hansa Rostock,3750,Uhlsport Park,https://www.transfermarkt.de/spielbericht/index/spielbericht/31708
2005/06,02.04.2006,1.FC Saarbrücken,LR Ahlen,8500,Ludwigsparkstadion,https://www.transfermarkt.de/spielbericht/index/spielbericht/31709
2005/06,02.04.2006,Sportfreunde Siegen,Eintracht Braunschweig,6511,Leimbachstadion,https://www.transfermarkt.de/spielbericht/index/spielbericht/31712
2005/06,02.04.2006,SV Wacker Burghausen,Kickers Offenbach,4150,Wacker-Arena,https://www.transfermarkt.de/spielbericht/index/spielbericht/31715
2005/06,02.04.2006,FC Erzgebirge Aue,SG Dynamo Dresden,17000,eins Erzgebirgsstadion,https://www.transfermarkt.de/spielbericht/index/spielbericht/31716
2005/06,03.04.2006,Alemannia Aachen,TSV 1860 München,20742,Tivoli (alt),https://www.transfermarkt.de/spielbericht/index/spielbericht/31714
2005/06,07.04.2006,VfL Bochum,Sportfreunde Siegen,20198,Vonovia Ruhrstadion,https://www.transfermarkt.de/spielbericht/index/spielbericht/31726
2005/06,07.04.2006,Eintracht Braunschweig,Alemannia Aachen,20000,EINTRACHT-Stadion,https://www.transfermarkt.de/spielbericht/index/spielbericht/31729
2005/06,07.04.2006,Kickers Offenbach,FC Erzgebirge Aue,10801,Stadion am Bieberer Berg,https://www.transfermarkt.de/spielbericht/index/spielbericht/31734
2005/06,09.04.2006,SC Freiburg,SC Paderborn 07,12700,Dreisamstadion,https://www.transfermarkt.de/spielbericht/index/spielbericht/31727
2005/06,09.04.2006,LR Ahlen,FC Energie Cottbus,5416,Wersestadion,https://www.transfermarkt.de/spielbericht/index/spielbericht/31728
2005/06,09.04.2006,FC Hansa Rostock,1.FC Saarbrücken,12000,Ostseestadion,https://www.transfermarkt.de/spielbericht/index/spielbericht/31730
2005/06,09.04.2006,TSV 1860 München,SV Wacker Burghausen,56100,Allianz Arena,https://www.transfermarkt.de/spielbericht/index/spielbericht/31731
2005/06,09.04.2006,SpVgg Greuther Fürth,SpVgg Unterhaching,6100,Sportpark Ronhof | Thomas Sommer,https://www.transfermarkt.de/spielbericht/index/spielbericht/31732
2005/06,10.04.2006,SG Dynamo Dresden,Karlsruher SC,12811,Rudolf-Harbig-Stadion,https://www.transfermarkt.de/spielbericht/index/spielbericht/31733
2005/06,13.04.2006,FC Energie Cottbus,FC Hansa Rostock,15000,LEAG Energie Stadion,https://www.transfermarkt.de/spielbericht/index/spielbericht/31744
2005/06,13.04.2006,Sportfreunde Siegen,SC Paderborn 07,6374,Leimbachstadion,https://www.transfermarkt.de/spielbericht/index/spielbericht/31745
2005/06,13.04.2006,Karlsruher SC,Kickers Offenbach,18500,BBBank Wildpark,https://www.transfermarkt.de/spielbericht/index/spielbericht/31749
2005/06,16.04.2006,SV Wacker Burghausen,Eintracht Braunschweig,4500,Wacker-Arena,https://www.transfermarkt.de/spielbericht/index/spielbericht/31747
2005/06,16.04.2006,FC Erzgebirge Aue,TSV 1860 München,15000,eins Erzgebirgsstadion,https://www.transfermarkt.de/spielbericht/index/spielbericht/31748
2005/06,16.04.2006,SpVgg Unterhaching,SG Dynamo Dresden,7000,Uhlsport Park,https://www.transfermarkt.de/spielbericht/index/spielbericht/31750
2005/06,16.04.2006,LR Ahlen,SC Freiburg,3841,Wersestadion,https://www.transfermarkt.de/spielbericht/index/spielbericht/31751
2005/06,16.04.2006,1.FC Saarbrücken,SpVgg Greuther Fürth,9600,Ludwigsparkstadion,https://www.transfermarkt.de/spielbericht/index/spielbericht/31752
2005/06,17.04.2006,Alemannia Aachen,VfL Bochum,21632,Tivoli (alt),https://www.transfermarkt.de/spielbericht/index/spielbericht/31746
2005/06,21.04.2006,SC Paderborn 07,Alemannia Aachen,8836,Hermann-Löns-Stadion,https://www.transfermarkt.de/spielbericht/index/spielbericht/31756
2005/06,21.04.2006,VfL Bochum,SV Wacker Burghausen,21921,Vonovia Ruhrstadion,https://www.transfermarkt.de/spielbericht/index/spielbericht/31758
2005/06,21.04.2006,TSV 1860 München,Karlsruher SC,51700,Allianz Arena,https://www.transfermarkt.de/spielbericht/index/spielbericht/31760
2005/06,23.04.2006,SC Freiburg,Sportfreunde Siegen,11000,Dreisamstadion,https://www.transfermarkt.de/spielbericht/index/spielbericht/31753
2005/06,23.04.2006,FC Hansa Rostock,LR Ahlen,10000,Ostseestadion,https://www.transfermarkt.de/spielbericht/index/spielbericht/31754
2005/06,23.04.2006,SG Dynamo Dresden,1.FC Saarbrücken,20007,Rudolf-Harbig-Stadion,https://www.transfermarkt.de/spielbericht/index/spielbericht/31757
2005/06,23.04.2006,Kickers Offenbach,SpVgg Unterhaching,10075,Stadion am Bieberer Berg,https://www.transfermarkt.de/spielbericht/index/spielbericht/31759
2005/06,23.04.2006,Eintracht Braunschweig,FC Erzgebirge Aue,18700,EINTRACHT-Stadion,https://www.transfermarkt.de/spielbericht/index/spielbericht/31761
2005/06,24.04.2006,SpVgg Greuther Fürth,FC Energie Cottbus,8600,Sportpark Ronhof | Thomas Sommer,https://www.transfermarkt.de/spielbericht/index/spielbericht/31755
2005/06,01.05.2006,FC Erzgebirge Aue,VfL Bochum,12150,eins Erzgebirgsstadion,https://www.transfermarkt.de/spielbericht/index/spielbericht/31773
2005/06,02.05.2006,Alemannia Aachen,Sportfreunde Siegen,20898,Tivoli (alt),https://www.transfermarkt.de/spielbericht/index/spielbericht/31771
2005/06,02.05.2006,SV Wacker Burghausen,SC Paderborn 07,3600,Wacker-Arena,https://www.transfermarkt.de/spielbericht/index/spielbericht/31772
2005/06,02.05.2006,SpVgg Unterhaching,TSV 1860 München,13000,Uhlsport Park,https://www.transfermarkt.de/spielbericht/index/spielbericht/31775
2005/06,02.05.2006,1.FC Saarbrücken,Kickers Offenbach,17500,Ludwigsparkstadion,https://www.transfermarkt.de/spielbericht/index/spielbericht/31776
2005/06,03.05.2006,Karlsruher SC,Eintracht Braunschweig,10800,BBBank Wildpark,https://www.transfermarkt.de/spielbericht/index/spielbericht/31774
2005/06,03.05.2006,FC Energie Cottbus,SG Dynamo Dresden,17000,LEAG Energie Stadion,https://www.transfermarkt.de/spielbericht/index/spielbericht/31777
2005/06,03.05.2006,FC Hansa Rostock,SC Freiburg,8500,Ostseestadion,https://www.transfermarkt.de/spielbericht/index/spielbericht/31778
2005/06,03.05.2006,LR Ahlen,SpVgg Greuther Fürth,3408,Wersestadion,https://www.transfermarkt.de/spielbericht/index/spielbericht/31779
2005/06,07.05.2006,SpVgg Greuther Fürth,FC Hansa Rostock,7400,Sportpark Ronhof | Thomas Sommer,https://www.transfermarkt.de/spielbericht/index/spielbericht/31780
2005/06,07.05.2006,SG Dynamo Dresden,LR Ahlen,22389,Rudolf-Harbig-Stadion,https://www.transfermarkt.de/spielbericht/index/spielbericht/31781
2005/06,07.05.2006,Kickers Offenbach,FC Energie Cottbus,16739,Stadion am Bieberer Berg,https://www.transfermarkt.de/spielbericht/index/spielbericht/31782
2005/06,07.05.2006,TSV 1860 München,1.FC Saarbrücken,60000,Allianz Arena,https://www.transfermarkt.de/spielbericht/index/spielbericht/31783
2005/06,07.05.2006,Eintracht Braunschweig,SpVgg Unterhaching,20000,EINTRACHT-Stadion,https://www.transfermarkt.de/spielbericht/index/spielbericht/31784
2005/06,07.05.2006,VfL Bochum,Karlsruher SC,25374,Vonovia Ruhrstadion,https://www.transfermarkt.de/spielbericht/index/spielbericht/31785
2005/06,07.05.2006,SC Paderborn 07,FC Erzgebirge Aue,5592,Hermann-Löns-Stadion,https://www.transfermarkt.de/spielbericht/index/spielbericht/31786
2005/06,07.05.2006,Alemannia Aachen,SC Freiburg,21452,Tivoli (alt),https://www.transfermarkt.de/spielbericht/index/spielbericht/31787
2005/06,07.05.2006,Sportfreunde Siegen,SV Wacker Burghausen,6373,Leimbachstadion,https://www.transfermarkt.de/spielbericht/index/spielbericht/31788
2005/06,14.05.2006,FC Erzgebirge Aue,Sportfreunde Siegen,13400,eins Erzgebirgsstadion,https://www.transfermarkt.de/spielbericht/index/spielbericht/31789
2005/06,14.05.2006,Karlsruher SC,SC Paderborn 07,32331,BBBank Wildpark,https://www.transfermarkt.de/spielbericht/index/spielbericht/31790
2005/06,14.05.2006,SpVgg Unterhaching,VfL Bochum,7000,Uhlsport Park,https://www.transfermarkt.de/spielbericht/index/spielbericht/31791
2005/06,14.05.2006,SV Wacker Burghausen,Alemannia Aachen,5300,Wacker-Arena,https://www.transfermarkt.de/spielbericht/index/spielbericht/31792
2005/06,14.05.2006,1.FC Saarbrücken,Eintracht Braunschweig,3700,Ludwigsparkstadion,https://www.transfermarkt.de/spielbericht/index/spielbericht/31793
2005/06,14.05.2006,SC Freiburg,SpVgg Greuther Fürth,20000,Dreisamstadion,https://www.transfermarkt.de/spielbericht/index/spielbericht/31794
2005/06,14.05.2006,FC Energie Cottbus,TSV 1860 München,22450,LEAG Energie Stadion,https://www.transfermarkt.de/spielbericht/index/spielbericht/31795
2005/06,14.05.2006,LR Ahlen,Kickers Offenbach,4219,Wersestadion,https://www.transfermarkt.de/spielbericht/index/spielbericht/31796
2005/06,14.05.2006,FC Hansa Rostock,SG Dynamo Dresden,25000,Ostseestadion,https://www.transfermarkt.de/spielbericht/index/spielbericht/31797
2006/07,11.08.2006,SV Wacker Burghausen,Karlsruher SC,5100,Wacker-Arena,https://www.transfermarkt.de/spielbericht/index/spielbericht/53799
2006/07,11.08.2006,Kickers Offenbach,FC Carl Zeiss Jena,11479,Stadion am Bieberer Berg,https://www.transfermarkt.de/spielbericht/index/spielbericht/53800
2006/07,11.08.2006,1.FC Kaiserslautern,Rot-Weiss Essen,40051,Fritz-Walter-Stadion,https://www.transfermarkt.de/spielbericht/index/spielbericht/53798
2006/07,13.08.2006,MSV Duisburg,TuS Koblenz,18029,MSV-Arena,https://www.transfermarkt.de/spielbericht/index/spielbericht/53801
2006/07,13.08.2006,SC Freiburg,FC Hansa Rostock,15000,Dreisamstadion,https://www.transfermarkt.de/spielbericht/index/spielbericht/53802
2006/07,13.08.2006,SpVgg Greuther Fürth,TSV 1860 München,14000,Sportpark Ronhof | Thomas Sommer,https://www.transfermarkt.de/spielbericht/index/spielbericht/53803
2006/07,13.08.2006,FC Erzgebirge Aue,SpVgg Unterhaching,12000,eins Erzgebirgsstadion,https://www.transfermarkt.de/spielbericht/index/spielbericht/53804
2006/07,13.08.2006,Eintracht Braunschweig,SC Paderborn 07,21500,EINTRACHT-Stadion,https://www.transfermarkt.de/spielbericht/index/spielbericht/53805
2006/07,14.08.2006,FC Augsburg,1.FC Köln,28000,Rosenaustadion,https://www.transfermarkt.de/spielbericht/index/spielbericht/53806
2006/07,18.08.2006,FC Hansa Rostock,FC Erzgebirge Aue,25000,Ostseestadion,https://www.transfermarkt.de/spielbericht/index/spielbericht/53807
2006/07,18.08.2006,TSV 1860 München,Kickers Offenbach,37000,Allianz Arena,https://www.transfermarkt.de/spielbericht/index/spielbericht/53808
2006/07,18.08.2006,FC Carl Zeiss Jena,Eintracht Braunschweig,9000,ad hoc Arena im Ernst-Abbe-Sportfeld,https://www.transfermarkt.de/spielbericht/index/spielbericht/53809
2006/07,20.08.2006,1.FC Köln,SV Wacker Burghausen,41000,RheinEnergieSTADION,https://www.transfermarkt.de/spielbericht/index/spielbericht/53810
2006/07,20.08.2006,SC Paderborn 07,FC Augsburg,4602,Hermann-Löns-Stadion,https://www.transfermarkt.de/spielbericht/index/spielbericht/53811
2006/07,20.08.2006,SpVgg Unterhaching,MSV Duisburg,4000,Uhlsport Park,https://www.transfermarkt.de/spielbericht/index/spielbericht/53812
2006/07,20.08.2006,Rot,Weiss Essen - SC Freiburg,15076,Georg-Melches-Stadion,https://www.transfermarkt.de/spielbericht/index/spielbericht/53813
2006/07,20.08.2006,TuS Koblenz,SpVgg Greuther Fürth,8649,Stadion Oberwerth,https://www.transfermarkt.de/spielbericht/index/spielbericht/53814
2006/07,21.08.2006,Karlsruher SC,1.FC Kaiserslautern,32306,BBBank Wildpark,https://www.transfermarkt.de/spielbericht/index/spielbericht/53815
2006/07,25.08.2006,SC Freiburg,SpVgg Unterhaching,12000,Dreisamstadion,https://www.transfermarkt.de/spielbericht/index/spielbericht/53816
2006/07,25.08.2006,Kickers Offenbach,Karlsruher SC,12329,Stadion am Bieberer Berg,https://www.transfermarkt.de/spielbericht/index/spielbericht/53817
2006/07,25.08.2006,FC Carl Zeiss Jena,1.FC Köln,11000,ad hoc Arena im Ernst-Abbe-Sportfeld,https://www.transfermarkt.de/spielbericht/index/spielbericht/53818
2006/07,27.08.2006,1.FC Kaiserslautern,SC Paderborn 07,27609,Fritz-Walter-Stadion,https://www.transfermarkt.de/spielbericht/index/spielbericht/53819
2006/07,27.08.2006,MSV Duisburg,FC Erzgebirge Aue,14312,MSV-Arena,https://www.transfermarkt.de/spielbericht/index/spielbericht/53820
2006/07,27.08.2006,SpVgg Greuther Fürth,FC Hansa Rostock,6500,Sportpark Ronhof | Thomas Sommer,https://www.transfermarkt.de/spielbericht/index/spielbericht/53821
2006/07,27.08.2006,Eintracht Braunschweig,TuS Koblenz,16800,EINTRACHT-Stadion,https://www.transfermarkt.de/spielbericht/index/spielbericht/53822
2006/07,27.08.2006,FC Augsburg,Rot-Weiss Essen,8053,Rosenaustadion,https://www.transfermarkt.de/spielbericht/index/spielbericht/53823
2006/07,28.08.2006,SV Wacker Burghausen,TSV 1860 München,10000,Wacker-Arena,https://www.transfermarkt.de/spielbericht/index/spielbericht/53824
2006/07,15.09.2006,1.FC Köln,Eintracht Braunschweig,40000,RheinEnergieSTADION,https://www.transfermarkt.de/spielbericht/index/spielbericht/53825
2006/07,15.09.2006,SpVgg Unterhaching,FC Augsburg,4500,Uhlsport Park,https://www.transfermarkt.de/spielbericht/index/spielbericht/53826
2006/07,15.09.2006,Rot,Weiss Essen - FC Carl Zeiss Jena,13034,Georg-Melches-Stadion,https://www.transfermarkt.de/spielbericht/index/spielbericht/53827
2006/07,17.09.2006,Karlsruher SC,MSV Duisburg,26000,BBBank Wildpark,https://www.transfermarkt.de/spielbericht/index/spielbericht/53828
2006/07,17.09.2006,FC Erzgebirge Aue,SpVgg Greuther Fürth,11100,eins Erzgebirgsstadion,https://www.transfermarkt.de/spielbericht/index/spielbericht/53829
2006/07,17.09.2006,SC Paderborn 07,Kickers Offenbach,4962,Hermann-Löns-Stadion,https://www.transfermarkt.de/spielbericht/index/spielbericht/53830
2006/07,17.09.2006,TSV 1860 München,SC Freiburg,42500,Allianz Arena,https://www.transfermarkt.de/spielbericht/index/spielbericht/53831
2006/07,17.09.2006,TuS Koblenz,SV Wacker Burghausen,8495,Stadion Oberwerth,https://www.transfermarkt.de/spielbericht/index/spielbericht/53832
2006/07,18.09.2006,FC Hansa Rostock,1.FC Kaiserslautern,16000,Ostseestadion,https://www.transfermarkt.de/spielbericht/index/spielbericht/53833
2006/07,22.09.2006,1.FC Kaiserslautern,TuS Koblenz,40028,Fritz-Walter-Stadion,https://www.transfermarkt.de/spielbericht/index/spielbericht/53834
2006/07,22.09.2006,SC Freiburg,SpVgg Greuther Fürth,11500,Dreisamstadion,https://www.transfermarkt.de/spielbericht/index/spielbericht/53835
2006/07,22.09.2006,Eintracht Braunschweig,Karlsruher SC,16700,EINTRACHT-Stadion,https://www.transfermarkt.de/spielbericht/index/spielbericht/53836
2006/07,24.09.2006,MSV Duisburg,TSV 1860 München,19480,MSV-Arena,https://www.transfermarkt.de/spielbericht/index/spielbericht/53837
2006/07,24.09.2006,SV Wacker Burghausen,FC Erzgebirge Aue,5000,Wacker-Arena,https://www.transfermarkt.de/spielbericht/index/spielbericht/53838
2006/07,24.09.2006,Kickers Offenbach,SpVgg Unterhaching,7500,Stadion am Bieberer Berg,https://www.transfermarkt.de/spielbericht/index/spielbericht/53839
2006/07,24.09.2006,FC Carl Zeiss Jena,SC Paderborn 07,6257,ad hoc Arena im Ernst-Abbe-Sportfeld,https://www.transfermarkt.de/spielbericht/index/spielbericht/53840
2006/07,24.09.2006,FC Augsburg,FC Hansa Rostock,13100,Rosenaustadion,https://www.transfermarkt.de/spielbericht/index/spielbericht/53841
2006/07,25.09.2006,1.FC Köln,Rot-Weiss Essen,39000,RheinEnergieSTADION,https://www.transfermarkt.de/spielbericht/index/spielbericht/53842
2006/07,29.09.2006,SC Paderborn 07,1.FC Köln,10165,Hermann-Löns-Stadion,https://www.transfermarkt.de/spielbericht/index/spielbericht/53846
2006/07,29.09.2006,SpVgg Unterhaching,1.FC Kaiserslautern,4700,Uhlsport Park,https://www.transfermarkt.de/spielbericht/index/spielbericht/53849
2006/07,29.09.2006,TuS Koblenz,Kickers Offenbach,8561,Stadion Oberwerth,https://www.transfermarkt.de/spielbericht/index/spielbericht/53851
2006/07,01.10.2006,SpVgg Greuther Fürth,SV Wacker Burghausen,6900,Sportpark Ronhof | Thomas Sommer,https://www.transfermarkt.de/spielbericht/index/spielbericht/53843
2006/07,01.10.2006,Karlsruher SC,FC Augsburg,21000,BBBank Wildpark,https://www.transfermarkt.de/spielbericht/index/spielbericht/53844
2006/07,01.10.2006,FC Erzgebirge Aue,SC Freiburg,10500,eins Erzgebirgsstadion,https://www.transfermarkt.de/spielbericht/index/spielbericht/53845
2006/07,01.10.2006,TSV 1860 München,FC Carl Zeiss Jena,44600,Allianz Arena,https://www.transfermarkt.de/spielbericht/index/spielbericht/53848
2006/07,01.10.2006,Rot,Weiss Essen - Eintracht Braunschweig,14557,Georg-Melches-Stadion,https://www.transfermarkt.de/spielbericht/index/spielbericht/53850
2006/07,02.10.2006,FC Hansa Rostock,MSV Duisburg,27000,Ostseestadion,https://www.transfermarkt.de/spielbericht/index/spielbericht/53847
2006/07,13.10.2006,MSV Duisburg,SC Freiburg,15580,MSV-Arena,https://www.transfermarkt.de/spielbericht/index/spielbericht/53854
2006/07,13.10.2006,Eintracht Braunschweig,TSV 1860 München,19200,EINTRACHT-Stadion,https://www.transfermarkt.de/spielbericht/index/spielbericht/53858
2006/07,13.10.2006,FC Augsburg,SpVgg Greuther Fürth,11400,Rosenaustadion,https://www.transfermarkt.de/spielbericht/index/spielbericht/53860
2006/07,15.10.2006,1.FC Kaiserslautern,FC Erzgebirge Aue,32053,Fritz-Walter-Stadion,https://www.transfermarkt.de/spielbericht/index/spielbericht/53852
2006/07,15.10.2006,SV Wacker Burghausen,FC Hansa Rostock,5100,Wacker-Arena,https://www.transfermarkt.de/spielbericht/index/spielbericht/53855
2006/07,15.10.2006,SC Paderborn 07,TuS Koblenz,6179,Hermann-Löns-Stadion,https://www.transfermarkt.de/spielbericht/index/spielbericht/53856
2006/07,15.10.2006,Kickers Offenbach,Rot-Weiss Essen,10209,Stadion am Bieberer Berg,https://www.transfermarkt.de/spielbericht/index/spielbericht/53857
2006/07,15.10.2006,FC Carl Zeiss Jena,SpVgg Unterhaching,8270,ad hoc Arena im Ernst-Abbe-Sportfeld,https://www.transfermarkt.de/spielbericht/index/spielbericht/53859
2006/07,16.10.2006,1.FC Köln,Karlsruher SC,40000,RheinEnergieSTADION,https://www.transfermarkt.de/spielbericht/index/spielbericht/53853
2006/07,20.10.2006,SC Freiburg,SV Wacker Burghausen,11000,Dreisamstadion,https://www.transfermarkt.de/spielbericht/index/spielbericht/53861
2006/07,20.10.2006,SpVgg Greuther Fürth,MSV Duisburg,6000,Sportpark Ronhof | Thomas Sommer,https://www.transfermarkt.de/spielbericht/index/spielbericht/53862
2006/07,20.10.2006,Karlsruher SC,FC Carl Zeiss Jena,19000,BBBank Wildpark,https://www.transfermarkt.de/spielbericht/index/spielbericht/53863
2006/07,20.10.2006,SpVgg Unterhaching,1.FC Köln,5500,Uhlsport Park,https://www.transfermarkt.de/spielbericht/index/spielbericht/53867
2006/07,22.10.2006,FC Erzgebirge Aue,Eintracht Braunschweig,10400,eins Erzgebirgsstadion,https://www.transfermarkt.de/spielbericht/index/spielbericht/53864
2006/07,22.10.2006,FC Hansa Rostock,Kickers Offenbach,20000,Ostseestadion,https://www.transfermarkt.de/spielbericht/index/spielbericht/53865
2006/07,22.10.2006,TSV 1860 München,1.FC Kaiserslautern,48800,Allianz Arena,https://www.transfermarkt.de/spielbericht/index/spielbericht/53866
2006/07,22.10.2006,Rot,Weiss Essen - SC Paderborn 07,12187,Georg-Melches-Stadion,https://www.transfermarkt.de/spielbericht/index/spielbericht/53868
2006/07,23.10.2006,TuS Koblenz,FC Augsburg,6252,Stadion Oberwerth,https://www.transfermarkt.de/spielbericht/index/spielbericht/53869
2006/07,27.10.2006,Eintracht Braunschweig,SpVgg Greuther Fürth,15800,EINTRACHT-Stadion,https://www.transfermarkt.de/spielbericht/index/spielbericht/54099
2006/07,27.10.2006,FC Carl Zeiss Jena,TuS Koblenz,6521,ad hoc Arena im Ernst-Abbe-Sportfeld,https://www.transfermarkt.de/spielbericht/index/spielbericht/54100
2006/07,27.10.2006,FC Augsburg,TSV 1860 München,28000,Rosenaustadion,https://www.transfermarkt.de/spielbericht/index/spielbericht/54102
2006/07,29.10.2006,1.FC Köln,FC Hansa Rostock,46500,RheinEnergieSTADION,https://www.transfermarkt.de/spielbericht/index/spielbericht/54095
2006/07,29.10.2006,SV Wacker Burghausen,MSV Duisburg,4250,Wacker-Arena,https://www.transfermarkt.de/spielbericht/index/spielbericht/54096
2006/07,29.10.2006,SC Paderborn 07,SpVgg Unterhaching,3699,Hermann-Löns-Stadion,https://www.transfermarkt.de/spielbericht/index/spielbericht/54097
2006/07,29.10.2006,Kickers Offenbach,FC Erzgebirge Aue,9488,Stadion am Bieberer Berg,https://www.transfermarkt.de/spielbericht/index/spielbericht/54098
2006/07,29.10.2006,Rot,Weiss Essen - Karlsruher SC,11689,Georg-Melches-Stadion,https://www.transfermarkt.de/spielbericht/index/spielbericht/54101
2006/07,30.10.2006,1.FC Kaiserslautern,SC Freiburg,30736,Fritz-Walter-Stadion,https://www.transfermarkt.de/spielbericht/index/spielbericht/54094
2006/07,03.11.2006,SC Freiburg,Eintracht Braunschweig,12000,Dreisamstadion,https://www.transfermarkt.de/spielbericht/index/spielbericht/53871
2006/07,03.11.2006,Karlsruher SC,SC Paderborn 07,20300,BBBank Wildpark,https://www.transfermarkt.de/spielbericht/index/spielbericht/53873
2006/07,03.11.2006,FC Hansa Rostock,FC Carl Zeiss Jena,22500,Ostseestadion,https://www.transfermarkt.de/spielbericht/index/spielbericht/53875
2006/07,03.11.2006,TSV 1860 München,Rot-Weiss Essen,23400,Allianz Arena,https://www.transfermarkt.de/spielbericht/index/spielbericht/53876
2006/07,03.11.2006,SpVgg Unterhaching,SV Wacker Burghausen,2700,Uhlsport Park,https://www.transfermarkt.de/spielbericht/index/spielbericht/53877
2006/07,03.11.2006,TuS Koblenz,1.FC Köln,15000,Stadion Oberwerth,https://www.transfermarkt.de/spielbericht/index/spielbericht/53878
2006/07,05.11.2006,MSV Duisburg,1.FC Kaiserslautern,19086,MSV-Arena,https://www.transfermarkt.de/spielbericht/index/spielbericht/53870
2006/07,05.11.2006,SpVgg Greuther Fürth,Kickers Offenbach,5200,Sportpark Ronhof | Thomas Sommer,https://www.transfermarkt.de/spielbericht/index/spielbericht/53872
2006/07,05.11.2006,FC Erzgebirge Aue,FC Augsburg,8150,eins Erzgebirgsstadion,https://www.transfermarkt.de/spielbericht/index/spielbericht/53874
2006/07,07.11.2006,SC Paderborn 07,FC Hansa Rostock,4779,Hermann-Löns-Stadion,https://www.transfermarkt.de/spielbericht/index/spielbericht/53881
2006/07,07.11.2006,Eintracht Braunschweig,SpVgg Unterhaching,13000,EINTRACHT-Stadion,https://www.transfermarkt.de/spielbericht/index/spielbericht/53883
2006/07,07.11.2006,Rot,Weiss Essen - TuS Koblenz,9030,Georg-Melches-Stadion,https://www.transfermarkt.de/spielbericht/index/spielbericht/53885
2006/07,07.11.2006,Karlsruher SC,TSV 1860 München,23700,BBBank Wildpark,https://www.transfermarkt.de/spielbericht/index/spielbericht/53887
2006/07,08.11.2006,1.FC Kaiserslautern,SV Wacker Burghausen,20061,Fritz-Walter-Stadion,https://www.transfermarkt.de/spielbericht/index/spielbericht/53879
2006/07,08.11.2006,1.FC Köln,FC Erzgebirge Aue,34000,RheinEnergieSTADION,https://www.transfermarkt.de/spielbericht/index/spielbericht/53880
2006/07,08.11.2006,Kickers Offenbach,MSV Duisburg,8129,Stadion am Bieberer Berg,https://www.transfermarkt.de/spielbericht/index/spielbericht/53882
2006/07,08.11.2006,FC Carl Zeiss Jena,SpVgg Greuther Fürth,6403,ad hoc Arena im Ernst-Abbe-Sportfeld,https://www.transfermarkt.de/spielbericht/index/spielbericht/53884
2006/07,08.11.2006,FC Augsburg,SC Freiburg,10800,Rosenaustadion,https://www.transfermarkt.de/spielbericht/index/spielbericht/53886
2006/07,10.11.2006,FC Hansa Rostock,Eintracht Braunschweig,14000,Ostseestadion,https://www.transfermarkt.de/spielbericht/index/spielbericht/53893
2006/07,10.11.2006,TSV 1860 München,SC Paderborn 07,20100,Allianz Arena,https://www.transfermarkt.de/spielbericht/index/spielbericht/53894
2006/07,10.11.2006,TuS Koblenz,Karlsruher SC,10596,Stadion Oberwerth,https://www.transfermarkt.de/spielbericht/index/spielbericht/53896
2006/07,12.11.2006,MSV Duisburg,FC Augsburg,13150,MSV-Arena,https://www.transfermarkt.de/spielbericht/index/spielbericht/53888
2006/07,12.11.2006,SC Freiburg,1.FC Köln,20000,Dreisamstadion,https://www.transfermarkt.de/spielbericht/index/spielbericht/53889
2006/07,12.11.2006,FC Erzgebirge Aue,FC Carl Zeiss Jena,14500,eins Erzgebirgsstadion,https://www.transfermarkt.de/spielbericht/index/spielbericht/53891
2006/07,12.11.2006,SV Wacker Burghausen,Kickers Offenbach,4100,Wacker-Arena,https://www.transfermarkt.de/spielbericht/index/spielbericht/53892
2006/07,12.11.2006,SpVgg Unterhaching,Rot-Weiss Essen,4000,Uhlsport Park,https://www.transfermarkt.de/spielbericht/index/spielbericht/53895
2006/07,13.11.2006,SpVgg Greuther Fürth,1.FC Kaiserslautern,5500,Sportpark Ronhof | Thomas Sommer,https://www.transfermarkt.de/spielbericht/index/spielbericht/53890
2006/07,17.11.2006,Kickers Offenbach,1.FC Kaiserslautern,14163,Stadion am Bieberer Berg,https://www.transfermarkt.de/spielbericht/index/spielbericht/53900
2006/07,17.11.2006,Eintracht Braunschweig,MSV Duisburg,16200,EINTRACHT-Stadion,https://www.transfermarkt.de/spielbericht/index/spielbericht/53901
2006/07,17.11.2006,FC Carl Zeiss Jena,SC Freiburg,6000,ad hoc Arena im Ernst-Abbe-Sportfeld,https://www.transfermarkt.de/spielbericht/index/spielbericht/53902
2006/07,19.11.2006,1.FC Köln,TSV 1860 München,44800,RheinEnergieSTADION,https://www.transfermarkt.de/spielbericht/index/spielbericht/53897
2006/07,19.11.2006,SC Paderborn 07,SpVgg Greuther Fürth,6111,Hermann-Löns-Stadion,https://www.transfermarkt.de/spielbericht/index/spielbericht/53899
2006/07,19.11.2006,Rot,Weiss Essen - FC Erzgebirge Aue,9180,Georg-Melches-Stadion,https://www.transfermarkt.de/spielbericht/index/spielbericht/53903
2006/07,19.11.2006,TuS Koblenz,SpVgg Unterhaching,9076,Stadion Oberwerth,https://www.transfermarkt.de/spielbericht/index/spielbericht/53904
2006/07,19.11.2006,FC Augsburg,SV Wacker Burghausen,13200,Rosenaustadion,https://www.transfermarkt.de/spielbericht/index/spielbericht/53905
2006/07,20.11.2006,Karlsruher SC,FC Hansa Rostock,27000,BBBank Wildpark,https://www.transfermarkt.de/spielbericht/index/spielbericht/53898
2006/07,24.11.2006,1.FC Kaiserslautern,FC Augsburg,29054,Fritz-Walter-Stadion,https://www.transfermarkt.de/spielbericht/index/spielbericht/53906
2006/07,24.11.2006,MSV Duisburg,FC Carl Zeiss Jena,14002,MSV-Arena,https://www.transfermarkt.de/spielbericht/index/spielbericht/53907
2006/07,24.11.2006,FC Hansa Rostock,Rot-Weiss Essen,17000,Ostseestadion,https://www.transfermarkt.de/spielbericht/index/spielbericht/53912
2006/07,26.11.2006,SC Freiburg,Kickers Offenbach,11000,Dreisamstadion,https://www.transfermarkt.de/spielbericht/index/spielbericht/53908
2006/07,26.11.2006,SpVgg Greuther Fürth,1.FC Köln,10000,Sportpark Ronhof | Thomas Sommer,https://www.transfermarkt.de/spielbericht/index/spielbericht/53909
2006/07,26.11.2006,FC Erzgebirge Aue,SC Paderborn 07,10500,eins Erzgebirgsstadion,https://www.transfermarkt.de/spielbericht/index/spielbericht/53910
2006/07,26.11.2006,SV Wacker Burghausen,Eintracht Braunschweig,5050,Wacker-Arena,https://www.transfermarkt.de/spielbericht/index/spielbericht/53911
2006/07,26.11.2006,SpVgg Unterhaching,Karlsruher SC,8000,Uhlsport Park,https://www.transfermarkt.de/spielbericht/index/spielbericht/53914
2006/07,27.11.2006,TSV 1860 München,TuS Koblenz,21000,Allianz Arena,https://www.transfermarkt.de/spielbericht/index/spielbericht/53913
2006/07,01.12.2006,SC Paderborn 07,SC Freiburg,4317,Hermann-Löns-Stadion,https://www.transfermarkt.de/spielbericht/index/spielbericht/53917
2006/07,01.12.2006,Rot,Weiss Essen - SpVgg Greuther Fürth,9067,Georg-Melches-Stadion,https://www.transfermarkt.de/spielbericht/index/spielbericht/53922
2006/07,01.12.2006,TuS Koblenz,FC Hansa Rostock,10543,Stadion Oberwerth,https://www.transfermarkt.de/spielbericht/index/spielbericht/53923
2006/07,03.12.2006,Karlsruher SC,FC Erzgebirge Aue,22000,BBBank Wildpark,https://www.transfermarkt.de/spielbericht/index/spielbericht/53916
2006/07,03.12.2006,Kickers Offenbach,FC Augsburg,8200,Stadion am Bieberer Berg,https://www.transfermarkt.de/spielbericht/index/spielbericht/53918
2006/07,03.12.2006,Eintracht Braunschweig,1.FC Kaiserslautern,19900,EINTRACHT-Stadion,https://www.transfermarkt.de/spielbericht/index/spielbericht/53919
2006/07,03.12.2006,SpVgg Unterhaching,TSV 1860 München,15000,Uhlsport Park,https://www.transfermarkt.de/spielbericht/index/spielbericht/53920
2006/07,03.12.2006,FC Carl Zeiss Jena,SV Wacker Burghausen,6352,ad hoc Arena im Ernst-Abbe-Sportfeld,https://www.transfermarkt.de/spielbericht/index/spielbericht/53921
2006/07,04.12.2006,1.FC Köln,MSV Duisburg,48000,RheinEnergieSTADION,https://www.transfermarkt.de/spielbericht/index/spielbericht/53915
2006/07,08.12.2006,1.FC Kaiserslautern,FC Carl Zeiss Jena,25850,Fritz-Walter-Stadion,https://www.transfermarkt.de/spielbericht/index/spielbericht/53924
2006/07,08.12.2006,FC Erzgebirge Aue,TuS Koblenz,11200,eins Erzgebirgsstadion,https://www.transfermarkt.de/spielbericht/index/spielbericht/53928
2006/07,08.12.2006,SV Wacker Burghausen,Rot-Weiss Essen,5100,Wacker-Arena,https://www.transfermarkt.de/spielbericht/index/spielbericht/53929
2006/07,10.12.2006,MSV Duisburg,SC Paderborn 07,18050,MSV-Arena,https://www.transfermarkt.de/spielbericht/index/spielbericht/53925
2006/07,10.12.2006,SpVgg Greuther Fürth,SpVgg Unterhaching,5100,Sportpark Ronhof | Thomas Sommer,https://www.transfermarkt.de/spielbericht/index/spielbericht/53927
2006/07,10.12.2006,FC Hansa Rostock,TSV 1860 München,26000,Ostseestadion,https://www.transfermarkt.de/spielbericht/index/spielbericht/53930
2006/07,10.12.2006,Kickers Offenbach,1.FC Köln,18100,Stadion am Bieberer Berg,https://www.transfermarkt.de/spielbericht/index/spielbericht/53931
2006/07,10.12.2006,FC Augsburg,Eintracht Braunschweig,15400,Rosenaustadion,https://www.transfermarkt.de/spielbericht/index/spielbericht/53932
2006/07,11.12.2006,SC Freiburg,Karlsruher SC,22000,Dreisamstadion,https://www.transfermarkt.de/spielbericht/index/spielbericht/53926
2006/07,15.12.2006,1.FC Köln,1.FC Kaiserslautern,49500,RheinEnergieSTADION,https://www.transfermarkt.de/spielbericht/index/spielbericht/53933
2006/07,15.12.2006,SpVgg Unterhaching,FC Hansa Rostock,3700,Uhlsport Park,https://www.transfermarkt.de/spielbericht/index/spielbericht/53938
2006/07,15.12.2006,FC Carl Zeiss Jena,FC Augsburg,6316,ad hoc Arena im Ernst-Abbe-Sportfeld,https://www.transfermarkt.de/spielbericht/index/spielbericht/53939
2006/07,17.12.2006,Karlsruher SC,SpVgg Greuther Fürth,26000,BBBank Wildpark,https://www.transfermarkt.de/spielbericht/index/spielbericht/53934
2006/07,17.12.2006,SC Paderborn 07,SV Wacker Burghausen,4917,Hermann-Löns-Stadion,https://www.transfermarkt.de/spielbericht/index/spielbericht/53935
2006/07,17.12.2006,Eintracht Braunschweig,Kickers Offenbach,17100,EINTRACHT-Stadion,https://www.transfermarkt.de/spielbericht/index/spielbericht/53936
2006/07,17.12.2006,Rot,Weiss Essen - MSV Duisburg,17052,Georg-Melches-Stadion,https://www.transfermarkt.de/spielbericht/index/spielbericht/53940
2006/07,17.12.2006,TuS Koblenz,SC Freiburg,10626,Stadion Oberwerth,https://www.transfermarkt.de/spielbericht/index/spielbericht/53941
2006/07,18.12.2006,TSV 1860 München,FC Erzgebirge Aue,24400,Allianz Arena,https://www.transfermarkt.de/spielbericht/index/spielbericht/53937
2006/07,19.01.2007,Rot,Weiss Essen - 1.FC Kaiserslautern,15015,Georg-Melches-Stadion,https://www.transfermarkt.de/spielbericht/index/spielbericht/53942
2006/07,19.01.2007,SpVgg Unterhaching,FC Erzgebirge Aue,3200,Uhlsport Park,https://www.transfermarkt.de/spielbericht/index/spielbericht/53946
2006/07,19.01.2007,FC Carl Zeiss Jena,Kickers Offenbach,6611,ad hoc Arena im Ernst-Abbe-Sportfeld,https://www.transfermarkt.de/spielbericht/index/spielbericht/53948
2006/07,21.01.2007,TuS Koblenz,MSV Duisburg,11201,Stadion Oberwerth,https://www.transfermarkt.de/spielbericht/index/spielbericht/53943
2006/07,21.01.2007,TSV 1860 München,SpVgg Greuther Fürth,30000,Allianz Arena,https://www.transfermarkt.de/spielbericht/index/spielbericht/53945
2006/07,21.01.2007,Karlsruher SC,SV Wacker Burghausen,21000,BBBank Wildpark,https://www.transfermarkt.de/spielbericht/index/spielbericht/53947
2006/07,21.01.2007,SC Paderborn 07,Eintracht Braunschweig,6172,Hermann-Löns-Stadion,https://www.transfermarkt.de/spielbericht/index/spielbericht/53949
2006/07,21.01.2007,1.FC Köln,FC Augsburg,43000,RheinEnergieSTADION,https://www.transfermarkt.de/spielbericht/index/spielbericht/53950
2006/07,22.01.2007,FC Hansa Rostock,SC Freiburg,19000,Ostseestadion,https://www.transfermarkt.de/spielbericht/index/spielbericht/53944
2006/07,26.01.2007,SV Wacker Burghausen,1.FC Köln,6000,Wacker-Arena,https://www.transfermarkt.de/spielbericht/index/spielbericht/53951
2006/07,26.01.2007,Eintracht Braunschweig,FC Carl Zeiss Jena,15000,EINTRACHT-Stadion,https://www.transfermarkt.de/spielbericht/index/spielbericht/53957
2006/07,28.01.2007,FC Erzgebirge Aue,FC Hansa Rostock,14700,eins Erzgebirgsstadion,https://www.transfermarkt.de/spielbericht/index/spielbericht/53954
2006/07,28.01.2007,Kickers Offenbach,TSV 1860 München,13000,Stadion am Bieberer Berg,https://www.transfermarkt.de/spielbericht/index/spielbericht/53955
2006/07,28.01.2007,MSV Duisburg,SpVgg Unterhaching,14567,MSV-Arena,https://www.transfermarkt.de/spielbericht/index/spielbericht/53956
2006/07,28.01.2007,SC Freiburg,Rot-Weiss Essen,11500,Dreisamstadion,https://www.transfermarkt.de/spielbericht/index/spielbericht/53958
2006/07,28.01.2007,SpVgg Greuther Fürth,TuS Koblenz,4600,Sportpark Ronhof | Thomas Sommer,https://www.transfermarkt.de/spielbericht/index/spielbericht/53959
2006/07,29.01.2007,1.FC Kaiserslautern,Karlsruher SC,45000,Fritz-Walter-Stadion,https://www.transfermarkt.de/spielbericht/index/spielbericht/53952
2006/07,30.01.2007,FC Augsburg,SC Paderborn 07,8600,Rosenaustadion,https://www.transfermarkt.de/spielbericht/index/spielbericht/53953
2006/07,02.02.2007,FC Erzgebirge Aue,MSV Duisburg,11700,eins Erzgebirgsstadion,https://www.transfermarkt.de/spielbericht/index/spielbericht/53961
2006/07,02.02.2007,Karlsruher SC,Kickers Offenbach,20700,BBBank Wildpark,https://www.transfermarkt.de/spielbericht/index/spielbericht/53965
2006/07,02.02.2007,TuS Koblenz,Eintracht Braunschweig,7416,Stadion Oberwerth,https://www.transfermarkt.de/spielbericht/index/spielbericht/53968
2006/07,04.02.2007,SC Paderborn 07,1.FC Kaiserslautern,6785,Hermann-Löns-Stadion,https://www.transfermarkt.de/spielbericht/index/spielbericht/53960
2006/07,04.02.2007,SpVgg Unterhaching,SC Freiburg,3000,Uhlsport Park,https://www.transfermarkt.de/spielbericht/index/spielbericht/53962
2006/07,04.02.2007,FC Hansa Rostock,SpVgg Greuther Fürth,13000,Ostseestadion,https://www.transfermarkt.de/spielbericht/index/spielbericht/53963
2006/07,04.02.2007,1.FC Köln,FC Carl Zeiss Jena,42000,RheinEnergieSTADION,https://www.transfermarkt.de/spielbericht/index/spielbericht/53966
2006/07,04.02.2007,Rot,Weiss Essen - FC Augsburg,11062,Georg-Melches-Stadion,https://www.transfermarkt.de/spielbericht/index/spielbericht/53967
2006/07,05.02.2007,TSV 1860 München,SV Wacker Burghausen,25400,Allianz Arena,https://www.transfermarkt.de/spielbericht/index/spielbericht/53964
2006/07,09.02.2007,Eintracht Braunschweig,1.FC Köln,19700,EINTRACHT-Stadion,https://www.transfermarkt.de/spielbericht/index/spielbericht/53969
2006/07,09.02.2007,1.FC Kaiserslautern,FC Hansa Rostock,30372,Fritz-Walter-Stadion,https://www.transfermarkt.de/spielbericht/index/spielbericht/53973
2006/07,09.02.2007,FC Augsburg,SpVgg Unterhaching,8000,Rosenaustadion,https://www.transfermarkt.de/spielbericht/index/spielbericht/53975
2006/07,11.02.2007,SpVgg Greuther Fürth,FC Erzgebirge Aue,6400,Sportpark Ronhof | Thomas Sommer,https://www.transfermarkt.de/spielbericht/index/spielbericht/53971
2006/07,11.02.2007,Kickers Offenbach,SC Paderborn 07,8590,Stadion am Bieberer Berg,https://www.transfermarkt.de/spielbericht/index/spielbericht/53972
2006/07,11.02.2007,SC Freiburg,TSV 1860 München,14300,Dreisamstadion,https://www.transfermarkt.de/spielbericht/index/spielbericht/53974
2006/07,11.02.2007,FC Carl Zeiss Jena,Rot-Weiss Essen,7019,ad hoc Arena im Ernst-Abbe-Sportfeld,https://www.transfermarkt.de/spielbericht/index/spielbericht/53976
2006/07,11.02.2007,SV Wacker Burghausen,TuS Koblenz,4300,Wacker-Arena,https://www.transfermarkt.de/spielbericht/index/spielbericht/53977
2006/07,12.02.2007,MSV Duisburg,Karlsruher SC,19124,MSV-Arena,https://www.transfermarkt.de/spielbericht/index/spielbericht/53970
2006/07,16.02.2007,TuS Koblenz,1.FC Kaiserslautern,15000,Stadion Oberwerth,https://www.transfermarkt.de/spielbericht/index/spielbericht/53978
2006/07,16.02.2007,FC Erzgebirge Aue,SV Wacker Burghausen,9000,eins Erzgebirgsstadion,https://www.transfermarkt.de/spielbericht/index/spielbericht/53982
2006/07,16.02.2007,SpVgg Unterhaching,Kickers Offenbach,3000,Uhlsport Park,https://www.transfermarkt.de/spielbericht/index/spielbericht/53983
2006/07,18.02.2007,Rot,Weiss Essen - 1.FC Köln,16152,Georg-Melches-Stadion,https://www.transfermarkt.de/spielbericht/index/spielbericht/53979
2006/07,18.02.2007,TSV 1860 München,MSV Duisburg,35000,Allianz Arena,https://www.transfermarkt.de/spielbericht/index/spielbericht/53980
2006/07,18.02.2007,Karlsruher SC,Eintracht Braunschweig,21200,BBBank Wildpark,https://www.transfermarkt.de/spielbericht/index/spielbericht/53984
2006/07,18.02.2007,SC Paderborn 07,FC Carl Zeiss Jena,5361,Hermann-Löns-Stadion,https://www.transfermarkt.de/spielbericht/index/spielbericht/53985
2006/07,18.02.2007,FC Hansa Rostock,FC Augsburg,14100,Ostseestadion,https://www.transfermarkt.de/spielbericht/index/spielbericht/53986
2006/07,19.02.2007,SpVgg Greuther Fürth,SC Freiburg,6200,Sportpark Ronhof | Thomas Sommer,https://www.transfermarkt.de/spielbericht/index/spielbericht/53981
2006/07,23.02.2007,FC Carl Zeiss Jena,TSV 1860 München,10000,ad hoc Arena im Ernst-Abbe-Sportfeld,https://www.transfermarkt.de/spielbericht/index/spielbericht/53992
2006/07,23.02.2007,Eintracht Braunschweig,Rot-Weiss Essen,14000,EINTRACHT-Stadion,https://www.transfermarkt.de/spielbericht/index/spielbericht/53994
2006/07,23.02.2007,Kickers Offenbach,TuS Koblenz,7000,Stadion am Bieberer Berg,https://www.transfermarkt.de/spielbericht/index/spielbericht/53995
2006/07,25.02.2007,SV Wacker Burghausen,SpVgg Greuther Fürth,5320,Wacker-Arena,https://www.transfermarkt.de/spielbericht/index/spielbericht/53987
2006/07,25.02.2007,SC Freiburg,FC Erzgebirge Aue,11700,Dreisamstadion,https://www.transfermarkt.de/spielbericht/index/spielbericht/53989
2006/07,25.02.2007,1.FC Köln,SC Paderborn 07,36000,RheinEnergieSTADION,https://www.transfermarkt.de/spielbericht/index/spielbericht/53990
2006/07,25.02.2007,1.FC Kaiserslautern,SpVgg Unterhaching,24094,Fritz-Walter-Stadion,https://www.transfermarkt.de/spielbericht/index/spielbericht/53993
2006/07,26.02.2007,MSV Duisburg,FC Hansa Rostock,19217,MSV-Arena,https://www.transfermarkt.de/spielbericht/index/spielbericht/53991
2006/07,02.03.2007,FC Erzgebirge Aue,1.FC Kaiserslautern,14100,eins Erzgebirgsstadion,https://www.transfermarkt.de/spielbericht/index/spielbericht/53996
2006/07,02.03.2007,SpVgg Unterhaching,FC Carl Zeiss Jena,5000,Uhlsport Park,https://www.transfermarkt.de/spielbericht/index/spielbericht/54003
2006/07,02.03.2007,SpVgg Greuther Fürth,FC Augsburg,6400,Sportpark Ronhof | Thomas Sommer,https://www.transfermarkt.de/spielbericht/index/spielbericht/54004
2006/07,04.03.2007,SC Freiburg,MSV Duisburg,19300,Dreisamstadion,https://www.transfermarkt.de/spielbericht/index/spielbericht/53998
2006/07,04.03.2007,FC Hansa Rostock,SV Wacker Burghausen,16000,Ostseestadion,https://www.transfermarkt.de/spielbericht/index/spielbericht/53999
2006/07,04.03.2007,TuS Koblenz,SC Paderborn 07,8737,Stadion Oberwerth,https://www.transfermarkt.de/spielbericht/index/spielbericht/54000
2006/07,04.03.2007,Rot,Weiss Essen - Kickers Offenbach,14416,Georg-Melches-Stadion,https://www.transfermarkt.de/spielbericht/index/spielbericht/54001
2006/07,04.03.2007,TSV 1860 München,Eintracht Braunschweig,27900,Allianz Arena,https://www.transfermarkt.de/spielbericht/index/spielbericht/54002
2006/07,05.03.2007,Karlsruher SC,1.FC Köln,28300,BBBank Wildpark,https://www.transfermarkt.de/spielbericht/index/spielbericht/53997
2006/07,09.03.2007,SV Wacker Burghausen,SC Freiburg,4250,Wacker-Arena,https://www.transfermarkt.de/spielbericht/index/spielbericht/54005
2006/07,09.03.2007,Eintracht Braunschweig,FC Erzgebirge Aue,12000,EINTRACHT-Stadion,https://www.transfermarkt.de/spielbericht/index/spielbericht/54008
2006/07,09.03.2007,FC Augsburg,TuS Koblenz,11000,Rosenaustadion,https://www.transfermarkt.de/spielbericht/index/spielbericht/54012
2006/07,11.03.2007,MSV Duisburg,SpVgg Greuther Fürth,16081,MSV-Arena,https://www.transfermarkt.de/spielbericht/index/spielbericht/54006
2006/07,11.03.2007,FC Carl Zeiss Jena,Karlsruher SC,10394,ad hoc Arena im Ernst-Abbe-Sportfeld,https://www.transfermarkt.de/spielbericht/index/spielbericht/54007
2006/07,11.03.2007,Kickers Offenbach,FC Hansa Rostock,11253,Stadion am Bieberer Berg,https://www.transfermarkt.de/spielbericht/index/spielbericht/54009
2006/07,11.03.2007,1.FC Köln,SpVgg Unterhaching,39000,RheinEnergieSTADION,https://www.transfermarkt.de/spielbericht/index/spielbericht/54011
2006/07,11.03.2007,SC Paderborn 07,Rot-Weiss Essen,7812,Hermann-Löns-Stadion,https://www.transfermarkt.de/spielbericht/index/spielbericht/54013
2006/07,12.03.2007,1.FC Kaiserslautern,TSV 1860 München,30000,Fritz-Walter-Stadion,https://www.transfermarkt.de/spielbericht/index/spielbericht/54010
2006/07,16.03.2007,TuS Koblenz,FC Carl Zeiss Jena,9348,Stadion Oberwerth,https://www.transfermarkt.de/spielbericht/index/spielbericht/54019
2006/07,16.03.2007,Karlsruher SC,Rot-Weiss Essen,26700,BBBank Wildpark,https://www.transfermarkt.de/spielbericht/index/spielbericht/54020
2006/07,16.03.2007,TSV 1860 München,FC Augsburg,69000,Allianz Arena,https://www.transfermarkt.de/spielbericht/index/spielbericht/54021
2006/07,18.03.2007,SC Freiburg,1.FC Kaiserslautern,24000,Dreisamstadion,https://www.transfermarkt.de/spielbericht/index/spielbericht/54014
2006/07,18.03.2007,MSV Duisburg,SV Wacker Burghausen,17771,MSV-Arena,https://www.transfermarkt.de/spielbericht/index/spielbericht/54016
2006/07,18.03.2007,SpVgg Unterhaching,SC Paderborn 07,3500,Uhlsport Park,https://www.transfermarkt.de/spielbericht/index/spielbericht/54017
2006/07,18.03.2007,FC Erzgebirge Aue,Kickers Offenbach,10000,eins Erzgebirgsstadion,https://www.transfermarkt.de/spielbericht/index/spielbericht/54018
2006/07,18.03.2007,SpVgg Greuther Fürth,Eintracht Braunschweig,6050,Sportpark Ronhof | Thomas Sommer,https://www.transfermarkt.de/spielbericht/index/spielbericht/54103
2006/07,19.03.2007,FC Hansa Rostock,1.FC Köln,16300,Ostseestadion,https://www.transfermarkt.de/spielbericht/index/spielbericht/54015
2006/07,30.03.2007,SC Paderborn 07,Karlsruher SC,6667,Hermann-Löns-Stadion,https://www.transfermarkt.de/spielbericht/index/spielbericht/54025
2006/07,30.03.2007,FC Carl Zeiss Jena,FC Hansa Rostock,12500,ad hoc Arena im Ernst-Abbe-Sportfeld,https://www.transfermarkt.de/spielbericht/index/spielbericht/54027
2006/07,30.03.2007,SV Wacker Burghausen,SpVgg Unterhaching,7200,Wacker-Arena,https://www.transfermarkt.de/spielbericht/index/spielbericht/54029
2006/07,01.04.2007,Eintracht Braunschweig,SC Freiburg,12500,EINTRACHT-Stadion,https://www.transfermarkt.de/spielbericht/index/spielbericht/54023
2006/07,01.04.2007,Kickers Offenbach,SpVgg Greuther Fürth,9917,Stadion am Bieberer Berg,https://www.transfermarkt.de/spielbericht/index/spielbericht/54024
2006/07,01.04.2007,FC Augsburg,FC Erzgebirge Aue,21000,Rosenaustadion,https://www.transfermarkt.de/spielbericht/index/spielbericht/54026
2006/07,01.04.2007,Rot,Weiss Essen - TSV 1860 München,16457,Georg-Melches-Stadion,https://www.transfermarkt.de/spielbericht/index/spielbericht/54028
2006/07,01.04.2007,1.FC Köln,TuS Koblenz,48000,RheinEnergieSTADION,https://www.transfermarkt.de/spielbericht/index/spielbericht/54030
2006/07,02.04.2007,1.FC Kaiserslautern,MSV Duisburg,39032,Fritz-Walter-Stadion,https://www.transfermarkt.de/spielbericht/index/spielbericht/54022
2006/07,05.04.2007,FC Erzgebirge Aue,1.FC Köln,16000,eins Erzgebirgsstadion,https://www.transfermarkt.de/spielbericht/index/spielbericht/54032
2006/07,05.04.2007,FC Hansa Rostock,SC Paderborn 07,18500,Ostseestadion,https://www.transfermarkt.de/spielbericht/index/spielbericht/54034
2006/07,05.04.2007,TuS Koblenz,Rot-Weiss Essen,10792,Stadion Oberwerth,https://www.transfermarkt.de/spielbericht/index/spielbericht/54038
2006/07,08.04.2007,SV Wacker Burghausen,1.FC Kaiserslautern,11000,Wacker-Arena,https://www.transfermarkt.de/spielbericht/index/spielbericht/54031
2006/07,08.04.2007,MSV Duisburg,Kickers Offenbach,15049,MSV-Arena,https://www.transfermarkt.de/spielbericht/index/spielbericht/54035
2006/07,08.04.2007,SpVgg Unterhaching,Eintracht Braunschweig,4800,Uhlsport Park,https://www.transfermarkt.de/spielbericht/index/spielbericht/54036
2006/07,08.04.2007,SpVgg Greuther Fürth,FC Carl Zeiss Jena,11000,Sportpark Ronhof | Thomas Sommer,https://www.transfermarkt.de/spielbericht/index/spielbericht/54037
2006/07,08.04.2007,SC Freiburg,FC Augsburg,20000,Dreisamstadion,https://www.transfermarkt.de/spielbericht/index/spielbericht/54039
2006/07,09.04.2007,TSV 1860 München,Karlsruher SC,51000,Allianz Arena,https://www.transfermarkt.de/spielbericht/index/spielbericht/54033
2006/07,13.04.2007,FC Augsburg,MSV Duisburg,20600,Rosenaustadion,https://www.transfermarkt.de/spielbericht/index/spielbericht/54040
2006/07,13.04.2007,Eintracht Braunschweig,FC Hansa Rostock,14400,EINTRACHT-Stadion,https://www.transfermarkt.de/spielbericht/index/spielbericht/54045
2006/07,13.04.2007,SC Paderborn 07,TSV 1860 München,6804,Hermann-Löns-Stadion,https://www.transfermarkt.de/spielbericht/index/spielbericht/54046
2006/07,15.04.2007,1.FC Köln,SC Freiburg,44000,RheinEnergieSTADION,https://www.transfermarkt.de/spielbericht/index/spielbericht/54041
2006/07,15.04.2007,1.FC Kaiserslautern,SpVgg Greuther Fürth,25230,Fritz-Walter-Stadion,https://www.transfermarkt.de/spielbericht/index/spielbericht/54042
2006/07,15.04.2007,Kickers Offenbach,SV Wacker Burghausen,9804,Stadion am Bieberer Berg,https://www.transfermarkt.de/spielbericht/index/spielbericht/54044
2006/07,15.04.2007,Rot,Weiss Essen - SpVgg Unterhaching,15399,Georg-Melches-Stadion,https://www.transfermarkt.de/spielbericht/index/spielbericht/54047
2006/07,15.04.2007,Karlsruher SC,TuS Koblenz,27700,BBBank Wildpark,https://www.transfermarkt.de/spielbericht/index/spielbericht/54048
2006/07,16.04.2007,FC Carl Zeiss Jena,FC Erzgebirge Aue,10845,ad hoc Arena im Ernst-Abbe-Sportfeld,https://www.transfermarkt.de/spielbericht/index/spielbericht/54043
2006/07,20.04.2007,TSV 1860 München,1.FC Köln,38000,Allianz Arena,https://www.transfermarkt.de/spielbericht/index/spielbericht/54049
2006/07,20.04.2007,1.FC Kaiserslautern,Kickers Offenbach,25000,Fritz-Walter-Stadion,https://www.transfermarkt.de/spielbericht/index/spielbericht/54052
2006/07,20.04.2007,FC Erzgebirge Aue,Rot-Weiss Essen,8000,eins Erzgebirgsstadion,https://www.transfermarkt.de/spielbericht/index/spielbericht/54055
2006/07,22.04.2007,SpVgg Greuther Fürth,SC Paderborn 07,9100,Sportpark Ronhof | Thomas Sommer,https://www.transfermarkt.de/spielbericht/index/spielbericht/54051
2006/07,22.04.2007,MSV Duisburg,Eintracht Braunschweig,16371,MSV-Arena,https://www.transfermarkt.de/spielbericht/index/spielbericht/54053
2006/07,22.04.2007,SC Freiburg,FC Carl Zeiss Jena,19500,Dreisamstadion,https://www.transfermarkt.de/spielbericht/index/spielbericht/54054
2006/07,22.04.2007,SpVgg Unterhaching,TuS Koblenz,5500,Uhlsport Park,https://www.transfermarkt.de/spielbericht/index/spielbericht/54056
2006/07,22.04.2007,SV Wacker Burghausen,FC Augsburg,8100,Wacker-Arena,https://www.transfermarkt.de/spielbericht/index/spielbericht/54057
2006/07,23.04.2007,FC Hansa Rostock,Karlsruher SC,22000,Ostseestadion,https://www.transfermarkt.de/spielbericht/index/spielbericht/54050
2006/07,27.04.2007,FC Carl Zeiss Jena,MSV Duisburg,10481,ad hoc Arena im Ernst-Abbe-Sportfeld,https://www.transfermarkt.de/spielbericht/index/spielbericht/54059
2006/07,27.04.2007,SC Paderborn 07,FC Erzgebirge Aue,5814,Hermann-Löns-Stadion,https://www.transfermarkt.de/spielbericht/index/spielbericht/54062
2006/07,27.04.2007,Eintracht Braunschweig,SV Wacker Burghausen,11100,EINTRACHT-Stadion,https://www.transfermarkt.de/spielbericht/index/spielbericht/54063
2006/07,29.04.2007,FC Augsburg,1.FC Kaiserslautern,23250,Rosenaustadion,https://www.transfermarkt.de/spielbericht/index/spielbericht/54058
2006/07,29.04.2007,Kickers Offenbach,SC Freiburg,12016,Stadion am Bieberer Berg,https://www.transfermarkt.de/spielbericht/index/spielbericht/54060
2006/07,29.04.2007,1.FC Köln,SpVgg Greuther Fürth,37000,RheinEnergieSTADION,https://www.transfermarkt.de/spielbericht/index/spielbericht/54061
2006/07,29.04.2007,TuS Koblenz,TSV 1860 München,14274,Stadion Oberwerth,https://www.transfermarkt.de/spielbericht/index/spielbericht/54065
2006/07,29.04.2007,Karlsruher SC,SpVgg Unterhaching,29500,BBBank Wildpark,https://www.transfermarkt.de/spielbericht/index/spielbericht/54066
2006/07,30.04.2007,Rot,Weiss Essen - FC Hansa Rostock,13000,Georg-Melches-Stadion,https://www.transfermarkt.de/spielbericht/index/spielbericht/54064
2006/07,04.05.2007,FC Erzgebirge Aue,Karlsruher SC,9800,eins Erzgebirgsstadion,https://www.transfermarkt.de/spielbericht/index/spielbericht/54068
2006/07,04.05.2007,SC Freiburg,SC Paderborn 07,18700,Dreisamstadion,https://www.transfermarkt.de/spielbericht/index/spielbericht/54069
2006/07,04.05.2007,FC Augsburg,Kickers Offenbach,20200,Rosenaustadion,https://www.transfermarkt.de/spielbericht/index/spielbericht/54070
2006/07,06.05.2007,1.FC Kaiserslautern,Eintracht Braunschweig,26569,Fritz-Walter-Stadion,https://www.transfermarkt.de/spielbericht/index/spielbericht/54071
2006/07,06.05.2007,TSV 1860 München,SpVgg Unterhaching,41700,Allianz Arena,https://www.transfermarkt.de/spielbericht/index/spielbericht/54072
2006/07,06.05.2007,SV Wacker Burghausen,FC Carl Zeiss Jena,4750,Wacker-Arena,https://www.transfermarkt.de/spielbericht/index/spielbericht/54073
2006/07,06.05.2007,SpVgg Greuther Fürth,Rot-Weiss Essen,11600,Sportpark Ronhof | Thomas Sommer,https://www.transfermarkt.de/spielbericht/index/spielbericht/54074
2006/07,06.05.2007,FC Hansa Rostock,TuS Koblenz,16000,Ostseestadion,https://www.transfermarkt.de/spielbericht/index/spielbericht/54075
2006/07,07.05.2007,MSV Duisburg,1.FC Köln,25113,MSV-Arena,https://www.transfermarkt.de/spielbericht/index/spielbericht/54067
2006/07,13.05.2007,FC Carl Zeiss Jena,1.FC Kaiserslautern,12500,ad hoc Arena im Ernst-Abbe-Sportfeld,https://www.transfermarkt.de/spielbericht/index/spielbericht/54076
2006/07,13.05.2007,SC Paderborn 07,MSV Duisburg,9200,Hermann-Löns-Stadion,https://www.transfermarkt.de/spielbericht/index/spielbericht/54077
2006/07,13.05.2007,Karlsruher SC,SC Freiburg,29984,BBBank Wildpark,https://www.transfermarkt.de/spielbericht/index/spielbericht/54078
2006/07,13.05.2007,SpVgg Unterhaching,SpVgg Greuther Fürth,7500,Uhlsport Park,https://www.transfermarkt.de/spielbericht/index/spielbericht/54079
2006/07,13.05.2007,TuS Koblenz,FC Erzgebirge Aue,13591,Stadion Oberwerth,https://www.transfermarkt.de/spielbericht/index/spielbericht/54080
2006/07,13.05.2007,Rot,Weiss Essen - SV Wacker Burghausen,16037,Georg-Melches-Stadion,https://www.transfermarkt.de/spielbericht/index/spielbericht/54081
2006/07,13.05.2007,TSV 1860 München,FC Hansa Rostock,36100,Allianz Arena,https://www.transfermarkt.de/spielbericht/index/spielbericht/54082
2006/07,13.05.2007,1.FC Köln,Kickers Offenbach,40000,RheinEnergieSTADION,https://www.transfermarkt.de/spielbericht/index/spielbericht/54083
2006/07,13.05.2007,Eintracht Braunschweig,FC Augsburg,12600,EINTRACHT-Stadion,https://www.transfermarkt.de/spielbericht/index/spielbericht/54084
2006/07,20.05.2007,1.FC Kaiserslautern,1.FC Köln,48000,Fritz-Walter-Stadion,https://www.transfermarkt.de/spielbericht/index/spielbericht/54085
2006/07,20.05.2007,SpVgg Greuther Fürth,Karlsruher SC,14000,Sportpark Ronhof | Thomas Sommer,https://www.transfermarkt.de/spielbericht/index/spielbericht/54086
2006/07,20.05.2007,SV Wacker Burghausen,SC Paderborn 07,3900,Wacker-Arena,https://www.transfermarkt.de/spielbericht/index/spielbericht/54087
2006/07,20.05.2007,Kickers Offenbach,Eintracht Braunschweig,16267,Stadion am Bieberer Berg,https://www.transfermarkt.de/spielbericht/index/spielbericht/54088
2006/07,20.05.2007,FC Erzgebirge Aue,TSV 1860 München,13500,eins Erzgebirgsstadion,https://www.transfermarkt.de/spielbericht/index/spielbericht/54089
2006/07,20.05.2007,FC Hansa Rostock,SpVgg Unterhaching,29000,Ostseestadion,https://www.transfermarkt.de/spielbericht/index/spielbericht/54090
2006/07,20.05.2007,FC Augsburg,FC Carl Zeiss Jena,24050,,https://www.transfermarkt.de/spielbericht/index/spielbericht/54091
2006/07,20.05.2007,MSV Duisburg,Rot-Weiss Essen,31500,MSV-Arena,https://www.transfermarkt.de/spielbericht/index/spielbericht/54092
2006/07,20.05.2007,SC Freiburg,TuS Koblenz,24000,Dreisamstadion,https://www.transfermarkt.de/spielbericht/index/spielbericht/54093
2007/08,10.08.2007,Alemannia Aachen,FC Carl Zeiss Jena,19986,Tivoli (alt),https://www.transfermarkt.de/spielbericht/index/spielbericht/69635
2007/08,10.08.2007,FC St. Pauli,1.FC Köln,15500,Millerntor-Stadion,https://www.transfermarkt.de/spielbericht/index/spielbericht/69636
2007/08,10.08.2007,VfL Osnabrück,SC Freiburg,16000,Bremer Brücke,https://www.transfermarkt.de/spielbericht/index/spielbericht/69637
2007/08,12.08.2007,1.FSV Mainz 05,TuS Koblenz,20300,Stadion am Bruchweg,https://www.transfermarkt.de/spielbericht/index/spielbericht/69638
2007/08,12.08.2007,FC Augsburg,TSV 1860 München,28000,Rosenaustadion,https://www.transfermarkt.de/spielbericht/index/spielbericht/69639
2007/08,12.08.2007,FC Erzgebirge Aue,SpVgg Greuther Fürth,11350,eins Erzgebirgsstadion,https://www.transfermarkt.de/spielbericht/index/spielbericht/69640
2007/08,12.08.2007,SC Paderborn 07,Kickers Offenbach,5588,Hermann-Löns-Stadion,https://www.transfermarkt.de/spielbericht/index/spielbericht/69641
2007/08,12.08.2007,TSG 1899 Hoffenheim,SV Wehen Wiesbaden,5500,Dietmar-Hopp-Stadion,https://www.transfermarkt.de/spielbericht/index/spielbericht/69642
2007/08,13.08.2007,1.FC Kaiserslautern,Borussia Mönchengladbach,46615,Fritz-Walter-Stadion,https://www.transfermarkt.de/spielbericht/index/spielbericht/69643
2007/08,17.08.2007,TuS Koblenz,FC Augsburg,9746,Stadion Oberwerth,https://www.transfermarkt.de/spielbericht/index/spielbericht/69644
2007/08,17.08.2007,SC Freiburg,SC Paderborn 07,13900,Dreisamstadion,https://www.transfermarkt.de/spielbericht/index/spielbericht/69645
2007/08,17.08.2007,SV Wehen Wiesbaden,VfL Osnabrück,4600,Deutsche Bank Park,https://www.transfermarkt.de/spielbericht/index/spielbericht/69651
2007/08,19.08.2007,Borussia Mönchengladbach,TSG 1899 Hoffenheim,36000,Stadion im Borussia-Park,https://www.transfermarkt.de/spielbericht/index/spielbericht/69646
2007/08,19.08.2007,SpVgg Greuther Fürth,1.FSV Mainz 05,10000,Sportpark Ronhof | Thomas Sommer,https://www.transfermarkt.de/spielbericht/index/spielbericht/69647
2007/08,19.08.2007,TSV 1860 München,1.FC Kaiserslautern,40000,Allianz Arena,https://www.transfermarkt.de/spielbericht/index/spielbericht/69648
2007/08,19.08.2007,FC Carl Zeiss Jena,FC St. Pauli,12129,ad hoc Arena im Ernst-Abbe-Sportfeld,https://www.transfermarkt.de/spielbericht/index/spielbericht/69649
2007/08,19.08.2007,Kickers Offenbach,FC Erzgebirge Aue,10000,Stadion am Bieberer Berg,https://www.transfermarkt.de/spielbericht/index/spielbericht/69650
2007/08,20.08.2007,1.FC Köln,Alemannia Aachen,50000,RheinEnergieSTADION,https://www.transfermarkt.de/spielbericht/index/spielbericht/69652
2007/08,24.08.2007,1.FSV Mainz 05,Borussia Mönchengladbach,20300,Stadion am Bruchweg,https://www.transfermarkt.de/spielbericht/index/spielbericht/69653
2007/08,24.08.2007,1.FC Köln,FC Carl Zeiss Jena,37700,RheinEnergieSTADION,https://www.transfermarkt.de/spielbericht/index/spielbericht/69654
2007/08,24.08.2007,VfL Osnabrück,SC Paderborn 07,16000,Bremer Brücke,https://www.transfermarkt.de/spielbericht/index/spielbericht/69655
2007/08,26.08.2007,Alemannia Aachen,Kickers Offenbach,19772,Tivoli (alt),https://www.transfermarkt.de/spielbericht/index/spielbericht/69656
2007/08,26.08.2007,1.FC Kaiserslautern,SpVgg Greuther Fürth,22500,Fritz-Walter-Stadion,https://www.transfermarkt.de/spielbericht/index/spielbericht/69657
2007/08,26.08.2007,FC Erzgebirge Aue,SV Wehen Wiesbaden,9300,eins Erzgebirgsstadion,https://www.transfermarkt.de/spielbericht/index/spielbericht/69658
2007/08,26.08.2007,TSG 1899 Hoffenheim,TSV 1860 München,6350,Dietmar-Hopp-Stadion,https://www.transfermarkt.de/spielbericht/index/spielbericht/69659
2007/08,26.08.2007,FC St. Pauli,TuS Koblenz,15117,Millerntor-Stadion,https://www.transfermarkt.de/spielbericht/index/spielbericht/69660
2007/08,27.08.2007,FC Augsburg,SC Freiburg,15280,Rosenaustadion,https://www.transfermarkt.de/spielbericht/index/spielbericht/69661
2007/08,31.08.2007,TuS Koblenz,1.FC Kaiserslautern,14461,Stadion Oberwerth,https://www.transfermarkt.de/spielbericht/index/spielbericht/69662
2007/08,31.08.2007,TSV 1860 München,1.FC Köln,50400,Allianz Arena,https://www.transfermarkt.de/spielbericht/index/spielbericht/69663
2007/08,31.08.2007,Kickers Offenbach,FC Augsburg,10011,Stadion am Bieberer Berg,https://www.transfermarkt.de/spielbericht/index/spielbericht/69664
2007/08,02.09.2007,Borussia Mönchengladbach,VfL Osnabrück,34800,Stadion im Borussia-Park,https://www.transfermarkt.de/spielbericht/index/spielbericht/69665
2007/08,02.09.2007,SpVgg Greuther Fürth,FC St. Pauli,12600,Sportpark Ronhof | Thomas Sommer,https://www.transfermarkt.de/spielbericht/index/spielbericht/69666
2007/08,02.09.2007,SC Paderborn 07,FC Erzgebirge Aue,4732,Hermann-Löns-Stadion,https://www.transfermarkt.de/spielbericht/index/spielbericht/69667
2007/08,02.09.2007,FC Carl Zeiss Jena,1.FSV Mainz 05,11798,ad hoc Arena im Ernst-Abbe-Sportfeld,https://www.transfermarkt.de/spielbericht/index/spielbericht/69668
2007/08,02.09.2007,SV Wehen Wiesbaden,Alemannia Aachen,6934,Deutsche Bank Park,https://www.transfermarkt.de/spielbericht/index/spielbericht/69669
2007/08,03.09.2007,SC Freiburg,TSG 1899 Hoffenheim,14400,Dreisamstadion,https://www.transfermarkt.de/spielbericht/index/spielbericht/69670
2007/08,14.09.2007,1.FC Kaiserslautern,SC Paderborn 07,20100,Fritz-Walter-Stadion,https://www.transfermarkt.de/spielbericht/index/spielbericht/69671
2007/08,14.09.2007,FC Carl Zeiss Jena,TuS Koblenz,8251,ad hoc Arena im Ernst-Abbe-Sportfeld,https://www.transfermarkt.de/spielbericht/index/spielbericht/69672
2007/08,14.09.2007,FC St. Pauli,Kickers Offenbach,15300,Millerntor-Stadion,https://www.transfermarkt.de/spielbericht/index/spielbericht/69673
2007/08,16.09.2007,1.FSV Mainz 05,SC Freiburg,19700,Stadion am Bruchweg,https://www.transfermarkt.de/spielbericht/index/spielbericht/69674
2007/08,16.09.2007,Alemannia Aachen,TSV 1860 München,21000,Tivoli (alt),https://www.transfermarkt.de/spielbericht/index/spielbericht/69675
2007/08,16.09.2007,FC Augsburg,SV Wehen Wiesbaden,21100,Rosenaustadion,https://www.transfermarkt.de/spielbericht/index/spielbericht/69676
2007/08,16.09.2007,1.FC Köln,SpVgg Greuther Fürth,45000,RheinEnergieSTADION,https://www.transfermarkt.de/spielbericht/index/spielbericht/69677
2007/08,16.09.2007,TSG 1899 Hoffenheim,VfL Osnabrück,5100,Dietmar-Hopp-Stadion,https://www.transfermarkt.de/spielbericht/index/spielbericht/69678
2007/08,17.09.2007,FC Erzgebirge Aue,Borussia Mönchengladbach,13600,eins Erzgebirgsstadion,https://www.transfermarkt.de/spielbericht/index/spielbericht/69679
2007/08,21.09.2007,Borussia Mönchengladbach,FC Augsburg,28000,Stadion im Borussia-Park,https://www.transfermarkt.de/spielbericht/index/spielbericht/69681
2007/08,21.09.2007,SpVgg Greuther Fürth,Alemannia Aachen,8500,Sportpark Ronhof | Thomas Sommer,https://www.transfermarkt.de/spielbericht/index/spielbericht/69683
2007/08,21.09.2007,TSV 1860 München,FC St. Pauli,46000,Allianz Arena,https://www.transfermarkt.de/spielbericht/index/spielbericht/69684
2007/08,21.09.2007,SC Paderborn 07,TSG 1899 Hoffenheim,5000,Hermann-Löns-Stadion,https://www.transfermarkt.de/spielbericht/index/spielbericht/69685
2007/08,21.09.2007,VfL Osnabrück,FC Erzgebirge Aue,9500,Bremer Brücke,https://www.transfermarkt.de/spielbericht/index/spielbericht/69688
2007/08,23.09.2007,TuS Koblenz,1.FC Köln,15000,Stadion Oberwerth,https://www.transfermarkt.de/spielbericht/index/spielbericht/69680
2007/08,23.09.2007,SC Freiburg,1.FC Kaiserslautern,17700,Dreisamstadion,https://www.transfermarkt.de/spielbericht/index/spielbericht/69682
2007/08,23.09.2007,Kickers Offenbach,1.FSV Mainz 05,18154,Stadion am Bieberer Berg,https://www.transfermarkt.de/spielbericht/index/spielbericht/69686
2007/08,23.09.2007,SV Wehen Wiesbaden,FC Carl Zeiss Jena,5626,Deutsche Bank Park,https://www.transfermarkt.de/spielbericht/index/spielbericht/69687
2007/08,25.09.2007,Alemannia Aachen,SC Paderborn 07,18437,Tivoli (alt),https://www.transfermarkt.de/spielbericht/index/spielbericht/69690
2007/08,25.09.2007,FC Augsburg,VfL Osnabrück,10840,Rosenaustadion,https://www.transfermarkt.de/spielbericht/index/spielbericht/69692
2007/08,25.09.2007,FC Erzgebirge Aue,TSG 1899 Hoffenheim,7500,eins Erzgebirgsstadion,https://www.transfermarkt.de/spielbericht/index/spielbericht/69694
2007/08,25.09.2007,FC St. Pauli,Borussia Mönchengladbach,15300,Millerntor-Stadion,https://www.transfermarkt.de/spielbericht/index/spielbericht/69696
2007/08,26.09.2007,1.FC Kaiserslautern,SV Wehen Wiesbaden,17102,Fritz-Walter-Stadion,https://www.transfermarkt.de/spielbericht/index/spielbericht/69691
2007/08,26.09.2007,1.FC Köln,SC Freiburg,45000,RheinEnergieSTADION,https://www.transfermarkt.de/spielbericht/index/spielbericht/69693
2007/08,26.09.2007,FC Carl Zeiss Jena,Kickers Offenbach,5867,ad hoc Arena im Ernst-Abbe-Sportfeld,https://www.transfermarkt.de/spielbericht/index/spielbericht/69695
2007/08,26.09.2007,TuS Koblenz,SpVgg Greuther Fürth,8194,Stadion Oberwerth,https://www.transfermarkt.de/spielbericht/index/spielbericht/85202
2007/08,27.09.2007,1.FSV Mainz 05,TSV 1860 München,20000,Stadion am Bruchweg,https://www.transfermarkt.de/spielbericht/index/spielbericht/69689
2007/08,28.09.2007,Borussia Mönchengladbach,Alemannia Aachen,50178,Stadion im Borussia-Park,https://www.transfermarkt.de/spielbericht/index/spielbericht/69697
2007/08,28.09.2007,SC Paderborn 07,FC Augsburg,4000,Hermann-Löns-Stadion,https://www.transfermarkt.de/spielbericht/index/spielbericht/69701
2007/08,28.09.2007,VfL Osnabrück,FC St. Pauli,16000,Bremer Brücke,https://www.transfermarkt.de/spielbericht/index/spielbericht/69705
2007/08,30.09.2007,SC Freiburg,FC Erzgebirge Aue,13400,Dreisamstadion,https://www.transfermarkt.de/spielbericht/index/spielbericht/69698
2007/08,30.09.2007,SpVgg Greuther Fürth,FC Carl Zeiss Jena,8900,Sportpark Ronhof | Thomas Sommer,https://www.transfermarkt.de/spielbericht/index/spielbericht/69699
2007/08,30.09.2007,TSV 1860 München,TuS Koblenz,28500,Allianz Arena,https://www.transfermarkt.de/spielbericht/index/spielbericht/69700
2007/08,30.09.2007,SV Wehen Wiesbaden,1.FC Köln,12158,Deutsche Bank Park,https://www.transfermarkt.de/spielbericht/index/spielbericht/69703
2007/08,30.09.2007,TSG 1899 Hoffenheim,1.FSV Mainz 05,6380,Dietmar-Hopp-Stadion,https://www.transfermarkt.de/spielbericht/index/spielbericht/69704
2007/08,01.10.2007,Kickers Offenbach,1.FC Kaiserslautern,11000,Stadion am Bieberer Berg,https://www.transfermarkt.de/spielbericht/index/spielbericht/69702
2007/08,05.10.2007,SpVgg Greuther Fürth,SV Wehen Wiesbaden,5500,Sportpark Ronhof | Thomas Sommer,https://www.transfermarkt.de/spielbericht/index/spielbericht/69709
2007/08,05.10.2007,1.FC Köln,Kickers Offenbach,35000,RheinEnergieSTADION,https://www.transfermarkt.de/spielbericht/index/spielbericht/69712
2007/08,05.10.2007,FC Carl Zeiss Jena,TSV 1860 München,11314,ad hoc Arena im Ernst-Abbe-Sportfeld,https://www.transfermarkt.de/spielbericht/index/spielbericht/69713
2007/08,07.10.2007,TuS Koblenz,Borussia Mönchengladbach,15000,Stadion Oberwerth,https://www.transfermarkt.de/spielbericht/index/spielbericht/69706
2007/08,07.10.2007,1.FSV Mainz 05,FC Erzgebirge Aue,19500,Stadion am Bruchweg,https://www.transfermarkt.de/spielbericht/index/spielbericht/69707
2007/08,07.10.2007,1.FC Kaiserslautern,VfL Osnabrück,21715,Fritz-Walter-Stadion,https://www.transfermarkt.de/spielbericht/index/spielbericht/69710
2007/08,07.10.2007,FC Augsburg,TSG 1899 Hoffenheim,15026,Rosenaustadion,https://www.transfermarkt.de/spielbericht/index/spielbericht/69711
2007/08,07.10.2007,FC St. Pauli,SC Paderborn 07,15300,Millerntor-Stadion,https://www.transfermarkt.de/spielbericht/index/spielbericht/69714
2007/08,08.10.2007,Alemannia Aachen,SC Freiburg,18828,Tivoli (alt),https://www.transfermarkt.de/spielbericht/index/spielbericht/69708
2007/08,19.10.2007,Kickers Offenbach,TuS Koblenz,9847,Stadion am Bieberer Berg,https://www.transfermarkt.de/spielbericht/index/spielbericht/69720
2007/08,19.10.2007,TSG 1899 Hoffenheim,1.FC Kaiserslautern,6350,Dietmar-Hopp-Stadion,https://www.transfermarkt.de/spielbericht/index/spielbericht/69722
2007/08,19.10.2007,VfL Osnabrück,Alemannia Aachen,16000,Bremer Brücke,https://www.transfermarkt.de/spielbericht/index/spielbericht/69723
2007/08,21.10.2007,SC Freiburg,FC St. Pauli,22400,Dreisamstadion,https://www.transfermarkt.de/spielbericht/index/spielbericht/69716
2007/08,21.10.2007,TSV 1860 München,SpVgg Greuther Fürth,60000,Allianz Arena,https://www.transfermarkt.de/spielbericht/index/spielbericht/69717
2007/08,21.10.2007,FC Erzgebirge Aue,FC Augsburg,9500,eins Erzgebirgsstadion,https://www.transfermarkt.de/spielbericht/index/spielbericht/69718
2007/08,21.10.2007,SC Paderborn 07,FC Carl Zeiss Jena,6079,Hermann-Löns-Stadion,https://www.transfermarkt.de/spielbericht/index/spielbericht/69719
2007/08,21.10.2007,SV Wehen Wiesbaden,1.FSV Mainz 05,12566,BRITA Arena,https://www.transfermarkt.de/spielbericht/index/spielbericht/69721
2007/08,22.10.2007,Borussia Mönchengladbach,1.FC Köln,54067,Stadion im Borussia-Park,https://www.transfermarkt.de/spielbericht/index/spielbericht/69715
2007/08,26.10.2007,1.FSV Mainz 05,FC Augsburg,19500,Stadion am Bruchweg,https://www.transfermarkt.de/spielbericht/index/spielbericht/69725
2007/08,26.10.2007,Alemannia Aachen,TSG 1899 Hoffenheim,18710,Tivoli (alt),https://www.transfermarkt.de/spielbericht/index/spielbericht/69726
2007/08,26.10.2007,SpVgg Greuther Fürth,Borussia Mönchengladbach,13000,Sportpark Ronhof | Thomas Sommer,https://www.transfermarkt.de/spielbericht/index/spielbericht/69727
2007/08,26.10.2007,TSV 1860 München,Kickers Offenbach,22300,Allianz Arena,https://www.transfermarkt.de/spielbericht/index/spielbericht/69729
2007/08,26.10.2007,FC St. Pauli,SV Wehen Wiesbaden,15000,Millerntor-Stadion,https://www.transfermarkt.de/spielbericht/index/spielbericht/69732
2007/08,28.10.2007,TuS Koblenz,VfL Osnabrück,9142,Stadion Oberwerth,https://www.transfermarkt.de/spielbericht/index/spielbericht/69724
2007/08,28.10.2007,1.FC Kaiserslautern,FC Erzgebirge Aue,21040,Fritz-Walter-Stadion,https://www.transfermarkt.de/spielbericht/index/spielbericht/69728
2007/08,28.10.2007,1.FC Köln,SC Paderborn 07,41000,RheinEnergieSTADION,https://www.transfermarkt.de/spielbericht/index/spielbericht/69730
2007/08,28.10.2007,FC Carl Zeiss Jena,SC Freiburg,7026,ad hoc Arena im Ernst-Abbe-Sportfeld,https://www.transfermarkt.de/spielbericht/index/spielbericht/69731
2007/08,01.11.2007,VfL Osnabrück,1.FC Köln,17100,Bremer Brücke,https://www.transfermarkt.de/spielbericht/index/spielbericht/69741
2007/08,02.11.2007,FC Erzgebirge Aue,Alemannia Aachen,9450,eins Erzgebirgsstadion,https://www.transfermarkt.de/spielbericht/index/spielbericht/69736
2007/08,02.11.2007,Kickers Offenbach,SpVgg Greuther Fürth,8059,Stadion am Bieberer Berg,https://www.transfermarkt.de/spielbericht/index/spielbericht/69738
2007/08,02.11.2007,TSG 1899 Hoffenheim,FC St. Pauli,6450,Dietmar-Hopp-Stadion,https://www.transfermarkt.de/spielbericht/index/spielbericht/69740
2007/08,04.11.2007,SC Freiburg,TuS Koblenz,13600,Dreisamstadion,https://www.transfermarkt.de/spielbericht/index/spielbericht/69734
2007/08,04.11.2007,FC Augsburg,1.FC Kaiserslautern,17218,Rosenaustadion,https://www.transfermarkt.de/spielbericht/index/spielbericht/69735
2007/08,04.11.2007,SC Paderborn 07,1.FSV Mainz 05,6790,Hermann-Löns-Stadion,https://www.transfermarkt.de/spielbericht/index/spielbericht/69737
2007/08,04.11.2007,SV Wehen Wiesbaden,TSV 1860 München,11300,BRITA Arena,https://www.transfermarkt.de/spielbericht/index/spielbericht/69739
2007/08,05.11.2007,Borussia Mönchengladbach,FC Carl Zeiss Jena,28759,Stadion im Borussia-Park,https://www.transfermarkt.de/spielbericht/index/spielbericht/69733
2007/08,09.11.2007,1.FSV Mainz 05,VfL Osnabrück,19000,Stadion am Bruchweg,https://www.transfermarkt.de/spielbericht/index/spielbericht/69743
2007/08,09.11.2007,1.FC Köln,FC Erzgebirge Aue,34000,RheinEnergieSTADION,https://www.transfermarkt.de/spielbericht/index/spielbericht/69747
2007/08,09.11.2007,Kickers Offenbach,SV Wehen Wiesbaden,8763,Stadion am Bieberer Berg,https://www.transfermarkt.de/spielbericht/index/spielbericht/69749
2007/08,11.11.2007,Alemannia Aachen,1.FC Kaiserslautern,20773,Tivoli (alt),https://www.transfermarkt.de/spielbericht/index/spielbericht/69744
2007/08,11.11.2007,SpVgg Greuther Fürth,SC Freiburg,6300,Sportpark Ronhof | Thomas Sommer,https://www.transfermarkt.de/spielbericht/index/spielbericht/69745
2007/08,11.11.2007,FC Carl Zeiss Jena,TSG 1899 Hoffenheim,6895,ad hoc Arena im Ernst-Abbe-Sportfeld,https://www.transfermarkt.de/spielbericht/index/spielbericht/69748
2007/08,11.11.2007,FC St. Pauli,FC Augsburg,16800,Millerntor-Stadion,https://www.transfermarkt.de/spielbericht/index/spielbericht/69750
2007/08,12.11.2007,TSV 1860 München,Borussia Mönchengladbach,30000,Allianz Arena,https://www.transfermarkt.de/spielbericht/index/spielbericht/69746
2007/08,13.11.2007,TuS Koblenz,SC Paderborn 07,7348,Stadion Oberwerth,https://www.transfermarkt.de/spielbericht/index/spielbericht/69742
2007/08,23.11.2007,Borussia Mönchengladbach,Kickers Offenbach,36502,Stadion im Borussia-Park,https://www.transfermarkt.de/spielbericht/index/spielbericht/69751
2007/08,23.11.2007,SC Paderborn 07,SpVgg Greuther Fürth,4545,Hermann-Löns-Stadion,https://www.transfermarkt.de/spielbericht/index/spielbericht/69756
2007/08,23.11.2007,SV Wehen Wiesbaden,TuS Koblenz,8379,BRITA Arena,https://www.transfermarkt.de/spielbericht/index/spielbericht/69757
2007/08,23.11.2007,VfL Osnabrück,FC Carl Zeiss Jena,11000,Bremer Brücke,https://www.transfermarkt.de/spielbericht/index/spielbericht/69759
2007/08,25.11.2007,SC Freiburg,TSV 1860 München,21700,Dreisamstadion,https://www.transfermarkt.de/spielbericht/index/spielbericht/69752
2007/08,25.11.2007,FC Augsburg,Alemannia Aachen,11153,,https://www.transfermarkt.de/spielbericht/index/spielbericht/69754
2007/08,25.11.2007,FC Erzgebirge Aue,FC St. Pauli,12500,eins Erzgebirgsstadion,https://www.transfermarkt.de/spielbericht/index/spielbericht/69755
2007/08,25.11.2007,TSG 1899 Hoffenheim,1.FC Köln,6350,Dietmar-Hopp-Stadion,https://www.transfermarkt.de/spielbericht/index/spielbericht/69758
2007/08,26.11.2007,1.FC Kaiserslautern,1.FSV Mainz 05,39115,Fritz-Walter-Stadion,https://www.transfermarkt.de/spielbericht/index/spielbericht/69753
2007/08,30.11.2007,FC Carl Zeiss Jena,FC Erzgebirge Aue,10000,ad hoc Arena im Ernst-Abbe-Sportfeld,https://www.transfermarkt.de/spielbericht/index/spielbericht/69765
2007/08,30.11.2007,SV Wehen Wiesbaden,Borussia Mönchengladbach,12066,BRITA Arena,https://www.transfermarkt.de/spielbericht/index/spielbericht/69767
2007/08,30.11.2007,FC St. Pauli,1.FC Kaiserslautern,17800,Millerntor-Stadion,https://www.transfermarkt.de/spielbericht/index/spielbericht/69768
2007/08,02.12.2007,TuS Koblenz,TSG 1899 Hoffenheim,8503,Stadion Oberwerth,https://www.transfermarkt.de/spielbericht/index/spielbericht/69760
2007/08,02.12.2007,SpVgg Greuther Fürth,VfL Osnabrück,5500,Sportpark Ronhof | Thomas Sommer,https://www.transfermarkt.de/spielbericht/index/spielbericht/69762
2007/08,02.12.2007,TSV 1860 München,SC Paderborn 07,28100,Allianz Arena,https://www.transfermarkt.de/spielbericht/index/spielbericht/69763
2007/08,02.12.2007,1.FC Köln,FC Augsburg,39200,RheinEnergieSTADION,https://www.transfermarkt.de/spielbericht/index/spielbericht/69764
2007/08,02.12.2007,Kickers Offenbach,SC Freiburg,9314,Stadion am Bieberer Berg,https://www.transfermarkt.de/spielbericht/index/spielbericht/69766
2007/08,03.12.2007,Alemannia Aachen,1.FSV Mainz 05,18739,Tivoli (alt),https://www.transfermarkt.de/spielbericht/index/spielbericht/69761
2007/08,07.12.2007,1.FSV Mainz 05,1.FC Köln,20300,Stadion am Bruchweg,https://www.transfermarkt.de/spielbericht/index/spielbericht/69769
2007/08,07.12.2007,Alemannia Aachen,FC St. Pauli,21200,Tivoli (alt),https://www.transfermarkt.de/spielbericht/index/spielbericht/69770
2007/08,07.12.2007,FC Erzgebirge Aue,TuS Koblenz,7500,eins Erzgebirgsstadion,https://www.transfermarkt.de/spielbericht/index/spielbericht/69774
2007/08,09.12.2007,1.FC Kaiserslautern,FC Carl Zeiss Jena,24517,Fritz-Walter-Stadion,https://www.transfermarkt.de/spielbericht/index/spielbericht/69772
2007/08,09.12.2007,FC Augsburg,SpVgg Greuther Fürth,17821,Rosenaustadion,https://www.transfermarkt.de/spielbericht/index/spielbericht/69773
2007/08,09.12.2007,SC Paderborn 07,SV Wehen Wiesbaden,5287,Hermann-Löns-Stadion,https://www.transfermarkt.de/spielbericht/index/spielbericht/69775
2007/08,09.12.2007,TSG 1899 Hoffenheim,Kickers Offenbach,6137,Dietmar-Hopp-Stadion,https://www.transfermarkt.de/spielbericht/index/spielbericht/69776
2007/08,09.12.2007,VfL Osnabrück,TSV 1860 München,17000,Bremer Brücke,https://www.transfermarkt.de/spielbericht/index/spielbericht/69777
2007/08,10.12.2007,SC Freiburg,Borussia Mönchengladbach,24000,Dreisamstadion,https://www.transfermarkt.de/spielbericht/index/spielbericht/69771
2007/08,14.12.2007,TuS Koblenz,Alemannia Aachen,11242,Stadion Oberwerth,https://www.transfermarkt.de/spielbericht/index/spielbericht/69778
2007/08,14.12.2007,Kickers Offenbach,VfL Osnabrück,8000,Stadion am Bieberer Berg,https://www.transfermarkt.de/spielbericht/index/spielbericht/69784
2007/08,14.12.2007,FC St. Pauli,1.FSV Mainz 05,17800,Millerntor-Stadion,https://www.transfermarkt.de/spielbericht/index/spielbericht/69786
2007/08,16.12.2007,Borussia Mönchengladbach,SC Paderborn 07,43610,Stadion im Borussia-Park,https://www.transfermarkt.de/spielbericht/index/spielbericht/69779
2007/08,16.12.2007,SpVgg Greuther Fürth,TSG 1899 Hoffenheim,8000,Sportpark Ronhof | Thomas Sommer,https://www.transfermarkt.de/spielbericht/index/spielbericht/69780
2007/08,16.12.2007,TSV 1860 München,FC Erzgebirge Aue,22300,Allianz Arena,https://www.transfermarkt.de/spielbericht/index/spielbericht/69781
2007/08,16.12.2007,FC Carl Zeiss Jena,FC Augsburg,8453,ad hoc Arena im Ernst-Abbe-Sportfeld,https://www.transfermarkt.de/spielbericht/index/spielbericht/69783
2007/08,16.12.2007,SV Wehen Wiesbaden,SC Freiburg,10354,BRITA Arena,https://www.transfermarkt.de/spielbericht/index/spielbericht/69785
2007/08,17.12.2007,1.FC Köln,1.FC Kaiserslautern,46000,RheinEnergieSTADION,https://www.transfermarkt.de/spielbericht/index/spielbericht/69782
2007/08,01.02.2008,Borussia Mönchengladbach,1.FC Kaiserslautern,37202,Stadion im Borussia-Park,https://www.transfermarkt.de/spielbericht/index/spielbericht/69789
2007/08,01.02.2008,SV Wehen Wiesbaden,TSG 1899 Hoffenheim,6043,BRITA Arena,https://www.transfermarkt.de/spielbericht/index/spielbericht/69793
2007/08,01.02.2008,1.FC Köln,FC St. Pauli,50000,RheinEnergieSTADION,https://www.transfermarkt.de/spielbericht/index/spielbericht/69794
2007/08,03.02.2008,TuS Koblenz,1.FSV Mainz 05,14053,Stadion Oberwerth,https://www.transfermarkt.de/spielbericht/index/spielbericht/69787
2007/08,03.02.2008,TSV 1860 München,FC Augsburg,57400,Allianz Arena,https://www.transfermarkt.de/spielbericht/index/spielbericht/69790
2007/08,03.02.2008,SpVgg Greuther Fürth,FC Erzgebirge Aue,9300,Sportpark Ronhof | Thomas Sommer,https://www.transfermarkt.de/spielbericht/index/spielbericht/69791
2007/08,03.02.2008,Kickers Offenbach,SC Paderborn 07,9052,Stadion am Bieberer Berg,https://www.transfermarkt.de/spielbericht/index/spielbericht/69792
2007/08,03.02.2008,SC Freiburg,VfL Osnabrück,12000,Dreisamstadion,https://www.transfermarkt.de/spielbericht/index/spielbericht/69795
2007/08,04.02.2008,FC Carl Zeiss Jena,Alemannia Aachen,8500,ad hoc Arena im Ernst-Abbe-Sportfeld,https://www.transfermarkt.de/spielbericht/index/spielbericht/69788
2007/08,08.02.2008,1.FC Kaiserslautern,TSV 1860 München,28360,Fritz-Walter-Stadion,https://www.transfermarkt.de/spielbericht/index/spielbericht/69799
2007/08,08.02.2008,FC St. Pauli,FC Carl Zeiss Jena,21000,Millerntor-Stadion,https://www.transfermarkt.de/spielbericht/index/spielbericht/69802
2007/08,08.02.2008,FC Erzgebirge Aue,Kickers Offenbach,9800,eins Erzgebirgsstadion,https://www.transfermarkt.de/spielbericht/index/spielbericht/69803
2007/08,10.02.2008,TSG 1899 Hoffenheim,Borussia Mönchengladbach,6350,Dietmar-Hopp-Stadion,https://www.transfermarkt.de/spielbericht/index/spielbericht/69796
2007/08,10.02.2008,SC Paderborn 07,SC Freiburg,6792,Hermann-Löns-Stadion,https://www.transfermarkt.de/spielbericht/index/spielbericht/69797
2007/08,10.02.2008,1.FSV Mainz 05,SpVgg Greuther Fürth,20000,Stadion am Bruchweg,https://www.transfermarkt.de/spielbericht/index/spielbericht/69798
2007/08,10.02.2008,FC Augsburg,TuS Koblenz,16278,Rosenaustadion,https://www.transfermarkt.de/spielbericht/index/spielbericht/69801
2007/08,10.02.2008,VfL Osnabrück,SV Wehen Wiesbaden,14400,Bremer Brücke,https://www.transfermarkt.de/spielbericht/index/spielbericht/69804
2007/08,11.02.2008,Alemannia Aachen,1.FC Köln,20200,Tivoli (alt),https://www.transfermarkt.de/spielbericht/index/spielbericht/69800
2007/08,15.02.2008,TuS Koblenz,FC St. Pauli,11352,Stadion Oberwerth,https://www.transfermarkt.de/spielbericht/index/spielbericht/69805
2007/08,15.02.2008,FC Carl Zeiss Jena,1.FC Köln,9904,ad hoc Arena im Ernst-Abbe-Sportfeld,https://www.transfermarkt.de/spielbericht/index/spielbericht/69810
2007/08,15.02.2008,SV Wehen Wiesbaden,FC Erzgebirge Aue,6423,BRITA Arena,https://www.transfermarkt.de/spielbericht/index/spielbericht/69811
2007/08,17.02.2008,Kickers Offenbach,Alemannia Aachen,10122,Stadion am Bieberer Berg,https://www.transfermarkt.de/spielbericht/index/spielbericht/69807
2007/08,17.02.2008,SpVgg Greuther Fürth,1.FC Kaiserslautern,9700,Sportpark Ronhof | Thomas Sommer,https://www.transfermarkt.de/spielbericht/index/spielbericht/69808
2007/08,17.02.2008,SC Freiburg,FC Augsburg,13400,Dreisamstadion,https://www.transfermarkt.de/spielbericht/index/spielbericht/69809
2007/08,17.02.2008,TSV 1860 München,TSG 1899 Hoffenheim,27600,Allianz Arena,https://www.transfermarkt.de/spielbericht/index/spielbericht/69812
2007/08,17.02.2008,SC Paderborn 07,VfL Osnabrück,9447,Hermann-Löns-Stadion,https://www.transfermarkt.de/spielbericht/index/spielbericht/69813
2007/08,18.02.2008,Borussia Mönchengladbach,1.FSV Mainz 05,33151,Stadion im Borussia-Park,https://www.transfermarkt.de/spielbericht/index/spielbericht/69806
2007/08,22.02.2008,TSG 1899 Hoffenheim,SC Freiburg,5500,Dietmar-Hopp-Stadion,https://www.transfermarkt.de/spielbericht/index/spielbericht/69815
2007/08,22.02.2008,1.FC Köln,TSV 1860 München,46000,RheinEnergieSTADION,https://www.transfermarkt.de/spielbericht/index/spielbericht/69817
2007/08,22.02.2008,1.FSV Mainz 05,FC Carl Zeiss Jena,19500,Stadion am Bruchweg,https://www.transfermarkt.de/spielbericht/index/spielbericht/69820
2007/08,24.02.2008,VfL Osnabrück,Borussia Mönchengladbach,17100,Bremer Brücke,https://www.transfermarkt.de/spielbericht/index/spielbericht/69814
2007/08,24.02.2008,FC St. Pauli,SpVgg Greuther Fürth,20117,Millerntor-Stadion,https://www.transfermarkt.de/spielbericht/index/spielbericht/69816
2007/08,24.02.2008,FC Erzgebirge Aue,SC Paderborn 07,10050,eins Erzgebirgsstadion,https://www.transfermarkt.de/spielbericht/index/spielbericht/69818
2007/08,24.02.2008,FC Augsburg,Kickers Offenbach,14107,Rosenaustadion,https://www.transfermarkt.de/spielbericht/index/spielbericht/69821
2007/08,24.02.2008,Alemannia Aachen,SV Wehen Wiesbaden,19103,Tivoli (alt),https://www.transfermarkt.de/spielbericht/index/spielbericht/69822
2007/08,25.02.2008,1.FC Kaiserslautern,TuS Koblenz,25378,Fritz-Walter-Stadion,https://www.transfermarkt.de/spielbericht/index/spielbericht/69819
2007/08,29.02.2008,SV Wehen Wiesbaden,FC Augsburg,7749,BRITA Arena,https://www.transfermarkt.de/spielbericht/index/spielbericht/69827
2007/08,29.02.2008,SpVgg Greuther Fürth,1.FC Köln,10500,Sportpark Ronhof | Thomas Sommer,https://www.transfermarkt.de/spielbericht/index/spielbericht/69828
2007/08,29.02.2008,Borussia Mönchengladbach,FC Erzgebirge Aue,33451,Stadion im Borussia-Park,https://www.transfermarkt.de/spielbericht/index/spielbericht/69829
2007/08,02.03.2008,TuS Koblenz,FC Carl Zeiss Jena,10676,Stadion Oberwerth,https://www.transfermarkt.de/spielbericht/index/spielbericht/69823
2007/08,02.03.2008,TSV 1860 München,Alemannia Aachen,21800,Allianz Arena,https://www.transfermarkt.de/spielbericht/index/spielbericht/69825
2007/08,02.03.2008,SC Paderborn 07,1.FC Kaiserslautern,5000,Hermann-Löns-Stadion,https://www.transfermarkt.de/spielbericht/index/spielbericht/69826
2007/08,02.03.2008,VfL Osnabrück,TSG 1899 Hoffenheim,15000,Bremer Brücke,https://www.transfermarkt.de/spielbericht/index/spielbericht/69830
2007/08,02.03.2008,Kickers Offenbach,FC St. Pauli,13238,Stadion am Bieberer Berg,https://www.transfermarkt.de/spielbericht/index/spielbericht/69831
2007/08,03.03.2008,SC Freiburg,1.FSV Mainz 05,10400,Dreisamstadion,https://www.transfermarkt.de/spielbericht/index/spielbericht/69824
2007/08,07.03.2008,FC Augsburg,Borussia Mönchengladbach,20000,Rosenaustadion,https://www.transfermarkt.de/spielbericht/index/spielbericht/69832
2007/08,07.03.2008,1.FC Kaiserslautern,SC Freiburg,20000,Fritz-Walter-Stadion,https://www.transfermarkt.de/spielbericht/index/spielbericht/69833
2007/08,07.03.2008,Alemannia Aachen,SpVgg Greuther Fürth,19000,Tivoli (alt),https://www.transfermarkt.de/spielbericht/index/spielbericht/69834
2007/08,09.03.2008,TSG 1899 Hoffenheim,SC Paderborn 07,5350,Dietmar-Hopp-Stadion,https://www.transfermarkt.de/spielbericht/index/spielbericht/69836
2007/08,09.03.2008,1.FC Köln,TuS Koblenz,48500,RheinEnergieSTADION,https://www.transfermarkt.de/spielbericht/index/spielbericht/69837
2007/08,09.03.2008,1.FSV Mainz 05,Kickers Offenbach,20300,Stadion am Bruchweg,https://www.transfermarkt.de/spielbericht/index/spielbericht/69838
2007/08,09.03.2008,FC Carl Zeiss Jena,SV Wehen Wiesbaden,6721,ad hoc Arena im Ernst-Abbe-Sportfeld,https://www.transfermarkt.de/spielbericht/index/spielbericht/69839
2007/08,09.03.2008,FC Erzgebirge Aue,VfL Osnabrück,10000,eins Erzgebirgsstadion,https://www.transfermarkt.de/spielbericht/index/spielbericht/69840
2007/08,10.03.2008,FC St. Pauli,TSV 1860 München,21853,Millerntor-Stadion,https://www.transfermarkt.de/spielbericht/index/spielbericht/69835
2007/08,14.03.2008,SC Paderborn 07,Alemannia Aachen,5022,Hermann-Löns-Stadion,https://www.transfermarkt.de/spielbericht/index/spielbericht/69842
2007/08,14.03.2008,SV Wehen Wiesbaden,1.FC Kaiserslautern,11162,BRITA Arena,https://www.transfermarkt.de/spielbericht/index/spielbericht/69843
2007/08,14.03.2008,Kickers Offenbach,FC Carl Zeiss Jena,9258,Stadion am Bieberer Berg,https://www.transfermarkt.de/spielbericht/index/spielbericht/69848
2007/08,16.03.2008,TSV 1860 München,1.FSV Mainz 05,39000,Allianz Arena,https://www.transfermarkt.de/spielbericht/index/spielbericht/69841
2007/08,16.03.2008,VfL Osnabrück,FC Augsburg,14000,Bremer Brücke,https://www.transfermarkt.de/spielbericht/index/spielbericht/69844
2007/08,16.03.2008,TSG 1899 Hoffenheim,FC Erzgebirge Aue,5780,Dietmar-Hopp-Stadion,https://www.transfermarkt.de/spielbericht/index/spielbericht/69846
2007/08,16.03.2008,SpVgg Greuther Fürth,TuS Koblenz,9500,Sportpark Ronhof | Thomas Sommer,https://www.transfermarkt.de/spielbericht/index/spielbericht/69847
2007/08,16.03.2008,Borussia Mönchengladbach,FC St. Pauli,48414,Stadion im Borussia-Park,https://www.transfermarkt.de/spielbericht/index/spielbericht/69849
2007/08,17.03.2008,SC Freiburg,1.FC Köln,22500,Dreisamstadion,https://www.transfermarkt.de/spielbericht/index/spielbericht/69845
2007/08,20.03.2008,FC Augsburg,SC Paderborn 07,15119,Rosenaustadion,https://www.transfermarkt.de/spielbericht/index/spielbericht/69854
2007/08,20.03.2008,1.FC Kaiserslautern,Kickers Offenbach,31000,Fritz-Walter-Stadion,https://www.transfermarkt.de/spielbericht/index/spielbericht/69855
2007/08,20.03.2008,FC St. Pauli,VfL Osnabrück,22648,Millerntor-Stadion,https://www.transfermarkt.de/spielbericht/index/spielbericht/69858
2007/08,23.03.2008,TuS Koblenz,TSV 1860 München,10821,Stadion Oberwerth,https://www.transfermarkt.de/spielbericht/index/spielbericht/69850
2007/08,23.03.2008,FC Erzgebirge Aue,SC Freiburg,10500,eins Erzgebirgsstadion,https://www.transfermarkt.de/spielbericht/index/spielbericht/69852
2007/08,23.03.2008,FC Carl Zeiss Jena,SpVgg Greuther Fürth,5446,ad hoc Arena im Ernst-Abbe-Sportfeld,https://www.transfermarkt.de/spielbericht/index/spielbericht/69853
2007/08,23.03.2008,1.FC Köln,SV Wehen Wiesbaden,40000,RheinEnergieSTADION,https://www.transfermarkt.de/spielbericht/index/spielbericht/69856
2007/08,23.03.2008,1.FSV Mainz 05,TSG 1899 Hoffenheim,20300,Stadion am Bruchweg,https://www.transfermarkt.de/spielbericht/index/spielbericht/69857
2007/08,24.03.2008,Alemannia Aachen,Borussia Mönchengladbach,20200,Tivoli (alt),https://www.transfermarkt.de/spielbericht/index/spielbericht/69851
2007/08,28.03.2008,FC Erzgebirge Aue,1.FSV Mainz 05,11500,eins Erzgebirgsstadion,https://www.transfermarkt.de/spielbericht/index/spielbericht/69859
2007/08,28.03.2008,SC Freiburg,Alemannia Aachen,16200,Dreisamstadion,https://www.transfermarkt.de/spielbericht/index/spielbericht/69860
2007/08,28.03.2008,TSG 1899 Hoffenheim,FC Augsburg,6350,Dietmar-Hopp-Stadion,https://www.transfermarkt.de/spielbericht/index/spielbericht/69863
2007/08,30.03.2008,SV Wehen Wiesbaden,SpVgg Greuther Fürth,7860,BRITA Arena,https://www.transfermarkt.de/spielbericht/index/spielbericht/69861
2007/08,30.03.2008,Kickers Offenbach,1.FC Köln,16446,Stadion am Bieberer Berg,https://www.transfermarkt.de/spielbericht/index/spielbericht/69864
2007/08,30.03.2008,Borussia Mönchengladbach,TuS Koblenz,38830,Stadion im Borussia-Park,https://www.transfermarkt.de/spielbericht/index/spielbericht/69865
2007/08,30.03.2008,TSV 1860 München,FC Carl Zeiss Jena,38100,Allianz Arena,https://www.transfermarkt.de/spielbericht/index/spielbericht/69866
2007/08,30.03.2008,SC Paderborn 07,FC St. Pauli,9022,Hermann-Löns-Stadion,https://www.transfermarkt.de/spielbericht/index/spielbericht/69867
2007/08,31.03.2008,VfL Osnabrück,1.FC Kaiserslautern,17050,Bremer Brücke,https://www.transfermarkt.de/spielbericht/index/spielbericht/69862
2007/08,04.04.2008,TuS Koblenz,Kickers Offenbach,10000,Stadion Oberwerth,https://www.transfermarkt.de/spielbericht/index/spielbericht/69868
2007/08,04.04.2008,SpVgg Greuther Fürth,TSV 1860 München,10600,Sportpark Ronhof | Thomas Sommer,https://www.transfermarkt.de/spielbericht/index/spielbericht/69871
2007/08,04.04.2008,1.FC Kaiserslautern,TSG 1899 Hoffenheim,26720,Fritz-Walter-Stadion,https://www.transfermarkt.de/spielbericht/index/spielbericht/69875
2007/08,06.04.2008,FC St. Pauli,SC Freiburg,21017,Millerntor-Stadion,https://www.transfermarkt.de/spielbericht/index/spielbericht/69870
2007/08,06.04.2008,FC Augsburg,FC Erzgebirge Aue,15123,Rosenaustadion,https://www.transfermarkt.de/spielbericht/index/spielbericht/69872
2007/08,06.04.2008,FC Carl Zeiss Jena,SC Paderborn 07,10112,ad hoc Arena im Ernst-Abbe-Sportfeld,https://www.transfermarkt.de/spielbericht/index/spielbericht/69873
2007/08,06.04.2008,1.FSV Mainz 05,SV Wehen Wiesbaden,20300,Stadion am Bruchweg,https://www.transfermarkt.de/spielbericht/index/spielbericht/69874
2007/08,06.04.2008,Alemannia Aachen,VfL Osnabrück,18683,Tivoli (alt),https://www.transfermarkt.de/spielbericht/index/spielbericht/69876
2007/08,07.04.2008,1.FC Köln,Borussia Mönchengladbach,50374,RheinEnergieSTADION,https://www.transfermarkt.de/spielbericht/index/spielbericht/69869
2007/08,11.04.2008,FC Augsburg,1.FSV Mainz 05,14694,Rosenaustadion,https://www.transfermarkt.de/spielbericht/index/spielbericht/69877
2007/08,11.04.2008,FC Erzgebirge Aue,1.FC Kaiserslautern,12700,eins Erzgebirgsstadion,https://www.transfermarkt.de/spielbericht/index/spielbericht/69880
2007/08,11.04.2008,SC Paderborn 07,1.FC Köln,8954,Hermann-Löns-Stadion,https://www.transfermarkt.de/spielbericht/index/spielbericht/69882
2007/08,11.04.2008,VfL Osnabrück,TuS Koblenz,12000,Bremer Brücke,https://www.transfermarkt.de/spielbericht/index/spielbericht/69883
2007/08,11.04.2008,SV Wehen Wiesbaden,FC St. Pauli,10606,BRITA Arena,https://www.transfermarkt.de/spielbericht/index/spielbericht/69885
2007/08,13.04.2008,TSG 1899 Hoffenheim,Alemannia Aachen,5830,Dietmar-Hopp-Stadion,https://www.transfermarkt.de/spielbericht/index/spielbericht/69878
2007/08,13.04.2008,Borussia Mönchengladbach,SpVgg Greuther Fürth,37032,Stadion im Borussia-Park,https://www.transfermarkt.de/spielbericht/index/spielbericht/69879
2007/08,13.04.2008,Kickers Offenbach,TSV 1860 München,12058,Stadion am Bieberer Berg,https://www.transfermarkt.de/spielbericht/index/spielbericht/69881
2007/08,13.04.2008,SC Freiburg,FC Carl Zeiss Jena,14100,Dreisamstadion,https://www.transfermarkt.de/spielbericht/index/spielbericht/69884
2007/08,15.04.2008,1.FC Kaiserslautern,FC Augsburg,20067,Fritz-Walter-Stadion,https://www.transfermarkt.de/spielbericht/index/spielbericht/69887
2007/08,15.04.2008,1.FSV Mainz 05,SC Paderborn 07,19500,Stadion am Bruchweg,https://www.transfermarkt.de/spielbericht/index/spielbericht/69889
2007/08,15.04.2008,1.FC Köln,VfL Osnabrück,40000,RheinEnergieSTADION,https://www.transfermarkt.de/spielbericht/index/spielbericht/69893
2007/08,16.04.2008,FC Carl Zeiss Jena,Borussia Mönchengladbach,13486,ad hoc Arena im Ernst-Abbe-Sportfeld,https://www.transfermarkt.de/spielbericht/index/spielbericht/69886
2007/08,16.04.2008,Alemannia Aachen,FC Erzgebirge Aue,18366,Tivoli (alt),https://www.transfermarkt.de/spielbericht/index/spielbericht/69888
2007/08,16.04.2008,SpVgg Greuther Fürth,Kickers Offenbach,7000,Sportpark Ronhof | Thomas Sommer,https://www.transfermarkt.de/spielbericht/index/spielbericht/69890
2007/08,16.04.2008,FC St. Pauli,TSG 1899 Hoffenheim,20017,Millerntor-Stadion,https://www.transfermarkt.de/spielbericht/index/spielbericht/69892
2007/08,16.04.2008,TuS Koblenz,SC Freiburg,8904,Stadion Oberwerth,https://www.transfermarkt.de/spielbericht/index/spielbericht/909096
2007/08,17.04.2008,TSV 1860 München,SV Wehen Wiesbaden,21500,Allianz Arena,https://www.transfermarkt.de/spielbericht/index/spielbericht/69891
2007/08,25.04.2008,1.FC Kaiserslautern,Alemannia Aachen,30500,Fritz-Walter-Stadion,https://www.transfermarkt.de/spielbericht/index/spielbericht/69895
2007/08,25.04.2008,FC Erzgebirge Aue,1.FC Köln,11400,eins Erzgebirgsstadion,https://www.transfermarkt.de/spielbericht/index/spielbericht/69898
2007/08,25.04.2008,SC Paderborn 07,TuS Koblenz,5000,Hermann-Löns-Stadion,https://www.transfermarkt.de/spielbericht/index/spielbericht/69899
2000/01,25.02.2001,SpVgg Greuther Fürth,1.FSV Mainz 05,3590,Sportpark Ronhof | Thomas Sommer,https://www.transfermarkt.de/spielbericht/index/spielbericht/941944
2000/01,21.03.2001,Chemnitzer FC,Rot-Weiß Oberhausen,2360,Stadion - An der Gellertstraße,https://www.transfermarkt.de/spielbericht/index/spielbericht/941947
2000/01,03.03.2001,1.FC Nürnberg,Arminia Bielefeld,17000,Max-Morlock-Stadion,https://www.transfermarkt.de/spielbericht/index/spielbericht/941950
2000/01,10.03.2001,Arminia Bielefeld,LR Ahlen,9108,SchücoArena,https://www.transfermarkt.de/spielbericht/index/spielbericht/941961
2000/01,11.03.2001,Hannover 96,SSV Ulm 1846,6783,Heinz-von-Heiden-Arena,https://www.transfermarkt.de/spielbericht/index/spielbericht/941963
2000/01,11.03.2001,SpVgg Greuther Fürth,FC St. Pauli,6500,Sportpark Ronhof | Thomas Sommer,https://www.transfermarkt.de/spielbericht/index/spielbericht/941965
2000/01,17.03.2001,Rot,Weiß Oberhausen - SSV Ulm 1846,3067,Stadion Niederrhein,https://www.transfermarkt.de/spielbericht/index/spielbericht/941970
2000/01,18.03.2001,SSV Reutlingen 05,MSV Duisburg,6187,Stadion an der Kreuzeiche,https://www.transfermarkt.de/spielbericht/index/spielbericht/941972
2000/01,19.03.2001,SV Waldhof Mannheim,Arminia Bielefeld,7300,Carl-Benz-Stadion,https://www.transfermarkt.de/spielbericht/index/spielbericht/941975
2000/01,30.03.2001,Chemnitzer FC,1.FC Nürnberg,4700,Stadion - An der Gellertstraße,https://www.transfermarkt.de/spielbericht/index/spielbericht/941976
2000/01,30.03.2001,1.FC Saarbrücken,FC St. Pauli,10000,Ludwigsparkstadion,https://www.transfermarkt.de/spielbericht/index/spielbericht/941977
2000/01,31.03.2001,Hannover 96,Rot-Weiß Oberhausen,6811,Heinz-von-Heiden-Arena,https://www.transfermarkt.de/spielbericht/index/spielbericht/941978
2000/01,31.03.2001,Arminia Bielefeld,SSV Reutlingen 05,9205,SchücoArena,https://www.transfermarkt.de/spielbericht/index/spielbericht/941979
2000/01,01.04.2001,VfL Osnabrück,Alemannia Aachen,11500,Bremer Brücke,https://www.transfermarkt.de/spielbericht/index/spielbericht/941980
2000/01,01.04.2001,SSV Ulm 1846,1.FSV Mainz 05,7000,Donaustadion,https://www.transfermarkt.de/spielbericht/index/spielbericht/941981
2000/01,06.04.2001,1.FC Nürnberg,1.FC Saarbrücken,17100,Max-Morlock-Stadion,https://www.transfermarkt.de/spielbericht/index/spielbericht/941985
2000/01,06.04.2001,MSV Duisburg,Hannover 96,6097,MSV-Arena,https://www.transfermarkt.de/spielbericht/index/spielbericht/941986
2000/01,07.04.2001,LR Ahlen,Chemnitzer FC,7630,Wersestadion,https://www.transfermarkt.de/spielbericht/index/spielbericht/941988
2000/01,08.04.2001,Alemannia Aachen,SSV Ulm 1846,11100,Tivoli (alt),https://www.transfermarkt.de/spielbericht/index/spielbericht/941991
2000/01,12.04.2001,Arminia Bielefeld,MSV Duisburg,10050,SchücoArena,https://www.transfermarkt.de/spielbericht/index/spielbericht/941994
2000/01,16.04.2001,VfL Osnabrück,1.FC Nürnberg,16100,Bremer Brücke,https://www.transfermarkt.de/spielbericht/index/spielbericht/942001
2000/01,20.04.2001,Alemannia Aachen,1.FSV Mainz 05,10200,Tivoli (alt),https://www.transfermarkt.de/spielbericht/index/spielbericht/942003
2000/01,27.04.2001,Hannover 96,Alemannia Aachen,5469,Heinz-von-Heiden-Arena,https://www.transfermarkt.de/spielbericht/index/spielbericht/942012
2000/01,20.05.2001,Stuttgarter Kickers,SSV Ulm 1846,4188,GAZi-Stadion auf der Waldau,https://www.transfermarkt.de/spielbericht/index/spielbericht/942043
2001/02,03.08.2001,1.FC Schweinfurt 05,1.FC Saarbrücken,7152,Riedel Bau Arena im Sachs-Stadion,https://www.transfermarkt.de/spielbericht/index/spielbericht/19383
2001/02,03.08.2001,LR Ahlen,SpVgg Greuther Fürth,7513,Wersestadion,https://www.transfermarkt.de/spielbericht/index/spielbericht/19384
2001/02,03.08.2001,Rot,Weiß Oberhausen - 1.FC Union Berlin,6109,Stadion Niederrhein,https://www.transfermarkt.de/spielbericht/index/spielbericht/19385
2001/02,04.08.2001,SSV Reutlingen 05,Arminia Bielefeld,6049,Stadion an der Kreuzeiche,https://www.transfermarkt.de/spielbericht/index/spielbericht/19386
2001/02,04.08.2001,VfL Bochum,Karlsruher SC,16217,Vonovia Ruhrstadion,https://www.transfermarkt.de/spielbericht/index/spielbericht/19390
2001/02,05.08.2001,SV Babelsberg 03,MSV Duisburg,7100,Karl-Liebknecht-Stadion,https://www.transfermarkt.de/spielbericht/index/spielbericht/19387
2001/02,05.08.2001,Hannover 96,Alemannia Aachen,15872,Heinz-von-Heiden-Arena,https://www.transfermarkt.de/spielbericht/index/spielbericht/19388
2001/02,05.08.2001,1.FSV Mainz 05,SpVgg Unterhaching,6500,Stadion am Bruchweg,https://www.transfermarkt.de/spielbericht/index/spielbericht/19389
2001/02,06.08.2001,SV Waldhof Mannheim,Eintracht Frankfurt,17000,Carl-Benz-Stadion,https://www.transfermarkt.de/spielbericht/index/spielbericht/19391
2006/07,25.02.2007,FC Augsburg,Karlsruher SC,16200,Rosenaustadion,https://www.transfermarkt.de/spielbericht/index/spielbericht/53988
2007/08,27.04.2008,VfL Osnabrück,1.FSV Mainz 05,12300,Bremer Brücke,https://www.transfermarkt.de/spielbericht/index/spielbericht/69894
2007/08,27.04.2008,Borussia Mönchengladbach,TSV 1860 München,50123,Stadion im Borussia-Park,https://www.transfermarkt.de/spielbericht/index/spielbericht/69897
2007/08,27.04.2008,TSG 1899 Hoffenheim,FC Carl Zeiss Jena,5700,Dietmar-Hopp-Stadion,https://www.transfermarkt.de/spielbericht/index/spielbericht/69900
2007/08,27.04.2008,SV Wehen Wiesbaden,Kickers Offenbach,11276,BRITA Arena,https://www.transfermarkt.de/spielbericht/index/spielbericht/69901
2007/08,27.04.2008,FC Augsburg,FC St. Pauli,20122,Rosenaustadion,https://www.transfermarkt.de/spielbericht/index/spielbericht/69902
2007/08,28.04.2008,SC Freiburg,SpVgg Greuther Fürth,12400,Dreisamstadion,https://www.transfermarkt.de/spielbericht/index/spielbericht/69896
2007/08,02.05.2008,TSV 1860 München,SC Freiburg,30400,Allianz Arena,https://www.transfermarkt.de/spielbericht/index/spielbericht/69905
2007/08,02.05.2008,1.FSV Mainz 05,1.FC Kaiserslautern,20300,Stadion am Bruchweg,https://www.transfermarkt.de/spielbericht/index/spielbericht/69906
2007/08,02.05.2008,FC St. Pauli,FC Erzgebirge Aue,21421,Millerntor-Stadion,https://www.transfermarkt.de/spielbericht/index/spielbericht/69908
2007/08,02.05.2008,SpVgg Greuther Fürth,SC Paderborn 07,7300,Sportpark Ronhof | Thomas Sommer,https://www.transfermarkt.de/spielbericht/index/spielbericht/69909
2007/08,02.05.2008,FC Carl Zeiss Jena,VfL Osnabrück,9291,ad hoc Arena im Ernst-Abbe-Sportfeld,https://www.transfermarkt.de/spielbericht/index/spielbericht/69911
2007/08,04.05.2008,TuS Koblenz,SV Wehen Wiesbaden,13279,Stadion Oberwerth,https://www.transfermarkt.de/spielbericht/index/spielbericht/69903
2007/08,04.05.2008,Kickers Offenbach,Borussia Mönchengladbach,19051,Stadion am Bieberer Berg,https://www.transfermarkt.de/spielbericht/index/spielbericht/69904
2007/08,04.05.2008,Alemannia Aachen,FC Augsburg,18440,Tivoli (alt),https://www.transfermarkt.de/spielbericht/index/spielbericht/69907
2007/08,04.05.2008,1.FC Köln,TSG 1899 Hoffenheim,50067,RheinEnergieSTADION,https://www.transfermarkt.de/spielbericht/index/spielbericht/69910
2007/08,06.05.2008,VfL Osnabrück,SpVgg Greuther Fürth,12300,Bremer Brücke,https://www.transfermarkt.de/spielbericht/index/spielbericht/69913
2007/08,06.05.2008,SC Paderborn 07,TSV 1860 München,4744,Hermann-Löns-Stadion,https://www.transfermarkt.de/spielbericht/index/spielbericht/69914
2007/08,06.05.2008,FC Erzgebirge Aue,FC Carl Zeiss Jena,10500,eins Erzgebirgsstadion,https://www.transfermarkt.de/spielbericht/index/spielbericht/69917
2007/08,06.05.2008,1.FC Kaiserslautern,FC St. Pauli,33615,Fritz-Walter-Stadion,https://www.transfermarkt.de/spielbericht/index/spielbericht/69920
2007/08,07.05.2008,1.FSV Mainz 05,Alemannia Aachen,20000,Stadion am Bruchweg,https://www.transfermarkt.de/spielbericht/index/spielbericht/69912
2007/08,07.05.2008,FC Augsburg,1.FC Köln,17124,Rosenaustadion,https://www.transfermarkt.de/spielbericht/index/spielbericht/69915
2007/08,07.05.2008,TSG 1899 Hoffenheim,TuS Koblenz,6050,Dietmar-Hopp-Stadion,https://www.transfermarkt.de/spielbericht/index/spielbericht/69916
2007/08,07.05.2008,SC Freiburg,Kickers Offenbach,10900,Dreisamstadion,https://www.transfermarkt.de/spielbericht/index/spielbericht/69918
2007/08,07.05.2008,Borussia Mönchengladbach,SV Wehen Wiesbaden,41508,Stadion im Borussia-Park,https://www.transfermarkt.de/spielbericht/index/spielbericht/69919
2007/08,11.05.2008,TuS Koblenz,FC Erzgebirge Aue,13613,Stadion Oberwerth,https://www.transfermarkt.de/spielbericht/index/spielbericht/69921
2007/08,11.05.2008,1.FC Köln,1.FSV Mainz 05,50000,RheinEnergieSTADION,https://www.transfermarkt.de/spielbericht/index/spielbericht/69922
2007/08,11.05.2008,FC St. Pauli,Alemannia Aachen,22717,Millerntor-Stadion,https://www.transfermarkt.de/spielbericht/index/spielbericht/69923
2007/08,11.05.2008,Borussia Mönchengladbach,SC Freiburg,54067,Stadion im Borussia-Park,https://www.transfermarkt.de/spielbericht/index/spielbericht/69924
2007/08,11.05.2008,FC Carl Zeiss Jena,1.FC Kaiserslautern,11162,ad hoc Arena im Ernst-Abbe-Sportfeld,https://www.transfermarkt.de/spielbericht/index/spielbericht/69925
2007/08,11.05.2008,SpVgg Greuther Fürth,FC Augsburg,6800,Sportpark Ronhof | Thomas Sommer,https://www.transfermarkt.de/spielbericht/index/spielbericht/69926
2007/08,11.05.2008,SV Wehen Wiesbaden,SC Paderborn 07,7512,BRITA Arena,https://www.transfermarkt.de/spielbericht/index/spielbericht/69927
2007/08,11.05.2008,Kickers Offenbach,TSG 1899 Hoffenheim,14256,Stadion am Bieberer Berg,https://www.transfermarkt.de/spielbericht/index/spielbericht/69928
2007/08,11.05.2008,TSV 1860 München,VfL Osnabrück,32000,Allianz Arena,https://www.transfermarkt.de/spielbericht/index/spielbericht/69929
2007/08,18.05.2008,SC Paderborn 07,Borussia Mönchengladbach,12000,Hermann-Löns-Stadion,https://www.transfermarkt.de/spielbericht/index/spielbericht/69930
2007/08,18.05.2008,TSG 1899 Hoffenheim,SpVgg Greuther Fürth,6950,Dietmar-Hopp-Stadion,https://www.transfermarkt.de/spielbericht/index/spielbericht/69931
2007/08,18.05.2008,FC Erzgebirge Aue,TSV 1860 München,12100,eins Erzgebirgsstadion,https://www.transfermarkt.de/spielbericht/index/spielbericht/69932
2007/08,18.05.2008,1.FC Kaiserslautern,1.FC Köln,48500,Fritz-Walter-Stadion,https://www.transfermarkt.de/spielbericht/index/spielbericht/69933
2007/08,18.05.2008,Alemannia Aachen,TuS Koblenz,21019,Tivoli (alt),https://www.transfermarkt.de/spielbericht/index/spielbericht/69934
2007/08,18.05.2008,FC Augsburg,FC Carl Zeiss Jena,23478,,https://www.transfermarkt.de/spielbericht/index/spielbericht/69935
2007/08,18.05.2008,VfL Osnabrück,Kickers Offenbach,12300,Bremer Brücke,https://www.transfermarkt.de/spielbericht/index/spielbericht/69936
2007/08,18.05.2008,SC Freiburg,SV Wehen Wiesbaden,20400,Dreisamstadion,https://www.transfermarkt.de/spielbericht/index/spielbericht/69937
2007/08,18.05.2008,1.FSV Mainz 05,FC St. Pauli,20300,Stadion am Bruchweg,https://www.transfermarkt.de/spielbericht/index/spielbericht/69938
2008/09,15.08.2008,1.FSV Mainz 05,1.FC Kaiserslautern,20300,Stadion am Bruchweg,https://www.transfermarkt.de/spielbericht/index/spielbericht/912137
2008/09,15.08.2008,Alemannia Aachen,SV Wehen Wiesbaden,20000,Tivoli (alt),https://www.transfermarkt.de/spielbericht/index/spielbericht/912138
2008/09,15.08.2008,FC St. Pauli,VfL Osnabrück,22210,Millerntor-Stadion,https://www.transfermarkt.de/spielbericht/index/spielbericht/912139
2008/09,17.08.2008,1.FC Nürnberg,FC Augsburg,39700,Max-Morlock-Stadion,https://www.transfermarkt.de/spielbericht/index/spielbericht/912135
2008/09,17.08.2008,TuS Koblenz,Rot-Weiß Oberhausen,8425,Stadion Oberwerth,https://www.transfermarkt.de/spielbericht/index/spielbericht/912140
2008/09,17.08.2008,Rot Weiss Ahlen,FSV Frankfurt,3254,Wersestadion,https://www.transfermarkt.de/spielbericht/index/spielbericht/912141
2008/09,17.08.2008,FC Ingolstadt 04,SpVgg Greuther Fürth,5258,Tuja-Stadion,https://www.transfermarkt.de/spielbericht/index/spielbericht/912142
2008/09,17.08.2008,SC Freiburg,TSV 1860 München,17000,Dreisamstadion,https://www.transfermarkt.de/spielbericht/index/spielbericht/912143
2008/09,18.08.2008,MSV Duisburg,FC Hansa Rostock,15149,MSV-Arena,https://www.transfermarkt.de/spielbericht/index/spielbericht/912136
2008/09,22.08.2008,SpVgg Greuther Fürth,FC St. Pauli,9500,Sportpark Ronhof | Thomas Sommer,https://www.transfermarkt.de/spielbericht/index/spielbericht/912145
2008/09,22.08.2008,VfL Osnabrück,SC Freiburg,14730,Bremer Brücke,https://www.transfermarkt.de/spielbericht/index/spielbericht/912147
2008/09,22.08.2008,FSV Frankfurt,TuS Koblenz,8172,Deutsche Bank Park,https://www.transfermarkt.de/spielbericht/index/spielbericht/912150
2008/09,24.08.2008,FC Hansa Rostock,Alemannia Aachen,16000,Ostseestadion,https://www.transfermarkt.de/spielbericht/index/spielbericht/912144
2008/09,24.08.2008,SV Wehen Wiesbaden,MSV Duisburg,7468,BRITA Arena,https://www.transfermarkt.de/spielbericht/index/spielbericht/912146
2008/09,24.08.2008,FC Augsburg,Rot Weiss Ahlen,14102,Rosenaustadion,https://www.transfermarkt.de/spielbericht/index/spielbericht/912149
2008/09,24.08.2008,Rot,Weiß Oberhausen - FC Ingolstadt 04,5784,Stadion Niederrhein,https://www.transfermarkt.de/spielbericht/index/spielbericht/912151
2008/09,24.08.2008,TSV 1860 München,1.FSV Mainz 05,30200,Allianz Arena,https://www.transfermarkt.de/spielbericht/index/spielbericht/912152
2008/09,25.08.2008,1.FC Kaiserslautern,1.FC Nürnberg,34647,Fritz-Walter-Stadion,https://www.transfermarkt.de/spielbericht/index/spielbericht/912148
2008/09,29.08.2008,MSV Duisburg,FC Augsburg,13518,MSV-Arena,https://www.transfermarkt.de/spielbericht/index/spielbericht/912154
2008/09,29.08.2008,1.FSV Mainz 05,VfL Osnabrück,20100,Stadion am Bruchweg,https://www.transfermarkt.de/spielbericht/index/spielbericht/912155
2008/09,29.08.2008,FC Ingolstadt 04,1.FC Kaiserslautern,7270,Tuja-Stadion,https://www.transfermarkt.de/spielbericht/index/spielbericht/912160
2008/09,31.08.2008,1.FC Nürnberg,Alemannia Aachen,30112,Max-Morlock-Stadion,https://www.transfermarkt.de/spielbericht/index/spielbericht/912153
2008/09,31.08.2008,FC St. Pauli,Rot-Weiß Oberhausen,21017,Millerntor-Stadion,https://www.transfermarkt.de/spielbericht/index/spielbericht/912157
2008/09,31.08.2008,TuS Koblenz,SV Wehen Wiesbaden,7957,Stadion Oberwerth,https://www.transfermarkt.de/spielbericht/index/spielbericht/912158
2008/09,31.08.2008,FSV Frankfurt,SpVgg Greuther Fürth,8521,Deutsche Bank Park,https://www.transfermarkt.de/spielbericht/index/spielbericht/912159
2008/09,31.08.2008,Rot Weiss Ahlen,TSV 1860 München,4223,Wersestadion,https://www.transfermarkt.de/spielbericht/index/spielbericht/912161
2008/09,01.09.2008,SC Freiburg,FC Hansa Rostock,15000,Dreisamstadion,https://www.transfermarkt.de/spielbericht/index/spielbericht/912156
2008/09,12.09.2008,Alemannia Aachen,FC Ingolstadt 04,18345,Tivoli (alt),https://www.transfermarkt.de/spielbericht/index/spielbericht/912164
2008/09,12.09.2008,1.FC Kaiserslautern,FC St. Pauli,41669,Fritz-Walter-Stadion,https://www.transfermarkt.de/spielbericht/index/spielbericht/912167
2008/09,12.09.2008,Rot,Weiß Oberhausen - Rot Weiss Ahlen,4395,Stadion Niederrhein,https://www.transfermarkt.de/spielbericht/index/spielbericht/912169
2008/09,14.09.2008,FC Hansa Rostock,1.FSV Mainz 05,14300,Ostseestadion,https://www.transfermarkt.de/spielbericht/index/spielbericht/912162
2008/09,14.09.2008,SpVgg Greuther Fürth,TuS Koblenz,6650,Sportpark Ronhof | Thomas Sommer,https://www.transfermarkt.de/spielbericht/index/spielbericht/912163
2008/09,14.09.2008,SV Wehen Wiesbaden,1.FC Nürnberg,10114,BRITA Arena,https://www.transfermarkt.de/spielbericht/index/spielbericht/912165
2008/09,14.09.2008,VfL Osnabrück,FSV Frankfurt,11236,Bremer Brücke,https://www.transfermarkt.de/spielbericht/index/spielbericht/912166
2008/09,14.09.2008,FC Augsburg,SC Freiburg,13079,Rosenaustadion,https://www.transfermarkt.de/spielbericht/index/spielbericht/912168
2008/09,15.09.2008,TSV 1860 München,MSV Duisburg,18500,Allianz Arena,https://www.transfermarkt.de/spielbericht/index/spielbericht/912170
2008/09,19.09.2008,MSV Duisburg,Alemannia Aachen,15029,MSV-Arena,https://www.transfermarkt.de/spielbericht/index/spielbericht/912171
2008/09,19.09.2008,1.FSV Mainz 05,1.FC Nürnberg,20000,Stadion am Bruchweg,https://www.transfermarkt.de/spielbericht/index/spielbericht/912172
2008/09,19.09.2008,TuS Koblenz,FC Augsburg,6981,Stadion Oberwerth,https://www.transfermarkt.de/spielbericht/index/spielbericht/912175
2008/09,19.09.2008,Rot Weiss Ahlen,FC Hansa Rostock,4983,Wersestadion,https://www.transfermarkt.de/spielbericht/index/spielbericht/912176
2008/09,19.09.2008,FC St. Pauli,TSV 1860 München,22217,Millerntor-Stadion,https://www.transfermarkt.de/spielbericht/index/spielbericht/912179
2008/09,21.09.2008,SC Freiburg,SV Wehen Wiesbaden,11000,Dreisamstadion,https://www.transfermarkt.de/spielbericht/index/spielbericht/912173
2008/09,21.09.2008,FSV Frankfurt,Rot-Weiß Oberhausen,10517,Deutsche Bank Park,https://www.transfermarkt.de/spielbericht/index/spielbericht/912177
2008/09,21.09.2008,FC Ingolstadt 04,VfL Osnabrück,4038,Tuja-Stadion,https://www.transfermarkt.de/spielbericht/index/spielbericht/912178
2008/09,22.09.2008,SpVgg Greuther Fürth,1.FC Kaiserslautern,9400,Sportpark Ronhof | Thomas Sommer,https://www.transfermarkt.de/spielbericht/index/spielbericht/912174
2008/09,26.09.2008,FC Hansa Rostock,FC St. Pauli,23000,Ostseestadion,https://www.transfermarkt.de/spielbericht/index/spielbericht/912181
2008/09,26.09.2008,VfL Osnabrück,TuS Koblenz,13125,Bremer Brücke,https://www.transfermarkt.de/spielbericht/index/spielbericht/912184
2008/09,26.09.2008,Rot,Weiß Oberhausen - SpVgg Greuther Fürth,3811,Stadion Niederrhein,https://www.transfermarkt.de/spielbericht/index/spielbericht/912187
2008/09,28.09.2008,Alemannia Aachen,SC Freiburg,18020,Tivoli (alt),https://www.transfermarkt.de/spielbericht/index/spielbericht/912182
2008/09,28.09.2008,SV Wehen Wiesbaden,Rot Weiss Ahlen,5235,BRITA Arena,https://www.transfermarkt.de/spielbericht/index/spielbericht/912183
2008/09,28.09.2008,1.FC Kaiserslautern,FSV Frankfurt,37772,Fritz-Walter-Stadion,https://www.transfermarkt.de/spielbericht/index/spielbericht/912185
2008/09,28.09.2008,FC Augsburg,1.FSV Mainz 05,11097,Rosenaustadion,https://www.transfermarkt.de/spielbericht/index/spielbericht/912186
2008/09,28.09.2008,TSV 1860 München,FC Ingolstadt 04,31000,Allianz Arena,https://www.transfermarkt.de/spielbericht/index/spielbericht/912188
2008/09,29.09.2008,1.FC Nürnberg,MSV Duisburg,26444,Max-Morlock-Stadion,https://www.transfermarkt.de/spielbericht/index/spielbericht/912180
2008/09,03.10.2008,SC Freiburg,MSV Duisburg,18700,Dreisamstadion,https://www.transfermarkt.de/spielbericht/index/spielbericht/912190
2008/09,03.10.2008,Rot,Weiß Oberhausen - FC Augsburg,4430,Stadion Niederrhein,https://www.transfermarkt.de/spielbericht/index/spielbericht/912195
2008/09,03.10.2008,FSV Frankfurt,TSV 1860 München,8921,Deutsche Bank Park,https://www.transfermarkt.de/spielbericht/index/spielbericht/912197
2008/09,05.10.2008,SpVgg Greuther Fürth,VfL Osnabrück,7200,Sportpark Ronhof | Thomas Sommer,https://www.transfermarkt.de/spielbericht/index/spielbericht/912191
2008/09,05.10.2008,FC St. Pauli,Alemannia Aachen,22280,Millerntor-Stadion,https://www.transfermarkt.de/spielbericht/index/spielbericht/912192
2008/09,05.10.2008,TuS Koblenz,1.FC Kaiserslautern,15000,Stadion Oberwerth,https://www.transfermarkt.de/spielbericht/index/spielbericht/912193
2008/09,05.10.2008,Rot Weiss Ahlen,1.FC Nürnberg,4367,Wersestadion,https://www.transfermarkt.de/spielbericht/index/spielbericht/912194
2008/09,05.10.2008,FC Ingolstadt 04,FC Hansa Rostock,5202,Tuja-Stadion,https://www.transfermarkt.de/spielbericht/index/spielbericht/912196
2008/09,06.10.2008,1.FSV Mainz 05,SV Wehen Wiesbaden,20300,Stadion am Bruchweg,https://www.transfermarkt.de/spielbericht/index/spielbericht/912189
2008/09,17.10.2008,1.FC Nürnberg,SC Freiburg,31251,Max-Morlock-Stadion,https://www.transfermarkt.de/spielbericht/index/spielbericht/912198
2008/09,17.10.2008,VfL Osnabrück,Rot-Weiß Oberhausen,15050,Bremer Brücke,https://www.transfermarkt.de/spielbericht/index/spielbericht/912203
2008/09,17.10.2008,1.FC Kaiserslautern,Rot Weiss Ahlen,35954,Fritz-Walter-Stadion,https://www.transfermarkt.de/spielbericht/index/spielbericht/912204
2008/09,19.10.2008,FC Hansa Rostock,TuS Koblenz,11500,Ostseestadion,https://www.transfermarkt.de/spielbericht/index/spielbericht/912199
2008/09,19.10.2008,MSV Duisburg,FC Ingolstadt 04,13082,MSV-Arena,https://www.transfermarkt.de/spielbericht/index/spielbericht/912200
2008/09,19.10.2008,SV Wehen Wiesbaden,FSV Frankfurt,8310,BRITA Arena,https://www.transfermarkt.de/spielbericht/index/spielbericht/912202
2008/09,19.10.2008,FC Augsburg,FC St. Pauli,14207,Rosenaustadion,https://www.transfermarkt.de/spielbericht/index/spielbericht/912205
2008/09,19.10.2008,TSV 1860 München,SpVgg Greuther Fürth,31000,Allianz Arena,https://www.transfermarkt.de/spielbericht/index/spielbericht/912206
2008/09,20.10.2008,Alemannia Aachen,1.FSV Mainz 05,18907,Tivoli (alt),https://www.transfermarkt.de/spielbericht/index/spielbericht/912201
2008/09,24.10.2008,SpVgg Greuther Fürth,Alemannia Aachen,5620,Sportpark Ronhof | Thomas Sommer,https://www.transfermarkt.de/spielbericht/index/spielbericht/912208
2008/09,24.10.2008,FC St. Pauli,SV Wehen Wiesbaden,21533,Millerntor-Stadion,https://www.transfermarkt.de/spielbericht/index/spielbericht/912209
2008/09,24.10.2008,Rot Weiss Ahlen,SC Freiburg,3580,Wersestadion,https://www.transfermarkt.de/spielbericht/index/spielbericht/912211
2008/09,24.10.2008,FSV Frankfurt,FC Hansa Rostock,5217,Deutsche Bank Park,https://www.transfermarkt.de/spielbericht/index/spielbericht/912212
2008/09,24.10.2008,FC Ingolstadt 04,FC Augsburg,6571,Tuja-Stadion,https://www.transfermarkt.de/spielbericht/index/spielbericht/912214
2008/09,26.10.2008,1.FSV Mainz 05,MSV Duisburg,20100,Stadion am Bruchweg,https://www.transfermarkt.de/spielbericht/index/spielbericht/912207
2008/09,26.10.2008,TuS Koblenz,1.FC Nürnberg,9513,Stadion Oberwerth,https://www.transfermarkt.de/spielbericht/index/spielbericht/912210
2008/09,26.10.2008,Rot,Weiß Oberhausen - 1.FC Kaiserslautern,8340,Stadion Niederrhein,https://www.transfermarkt.de/spielbericht/index/spielbericht/912213
2008/09,26.10.2008,VfL Osnabrück,TSV 1860 München,14985,Bremer Brücke,https://www.transfermarkt.de/spielbericht/index/spielbericht/912215
2008/09,28.10.2008,FC Hansa Rostock,SpVgg Greuther Fürth,11000,Ostseestadion,https://www.transfermarkt.de/spielbericht/index/spielbericht/912217
2008/09,28.10.2008,Alemannia Aachen,Rot Weiss Ahlen,17819,Tivoli (alt),https://www.transfermarkt.de/spielbericht/index/spielbericht/912220
2008/09,28.10.2008,SV Wehen Wiesbaden,FC Ingolstadt 04,5606,BRITA Arena,https://www.transfermarkt.de/spielbericht/index/spielbericht/912221
2008/09,28.10.2008,FC Augsburg,FSV Frankfurt,15811,Rosenaustadion,https://www.transfermarkt.de/spielbericht/index/spielbericht/912223
2008/09,29.10.2008,1.FC Nürnberg,Rot-Weiß Oberhausen,16000,Max-Morlock-Stadion,https://www.transfermarkt.de/spielbericht/index/spielbericht/912216
2008/09,29.10.2008,MSV Duisburg,FC St. Pauli,15142,MSV-Arena,https://www.transfermarkt.de/spielbericht/index/spielbericht/912218
2008/09,29.10.2008,SC Freiburg,1.FSV Mainz 05,18500,Dreisamstadion,https://www.transfermarkt.de/spielbericht/index/spielbericht/912219
2008/09,29.10.2008,1.FC Kaiserslautern,VfL Osnabrück,26212,Fritz-Walter-Stadion,https://www.transfermarkt.de/spielbericht/index/spielbericht/912222
2008/09,29.10.2008,TSV 1860 München,TuS Koblenz,17700,Allianz Arena,https://www.transfermarkt.de/spielbericht/index/spielbericht/912224
2008/09,31.10.2008,SpVgg Greuther Fürth,SV Wehen Wiesbaden,5200,Sportpark Ronhof | Thomas Sommer,https://www.transfermarkt.de/spielbericht/index/spielbericht/912225
2008/09,31.10.2008,FSV Frankfurt,Alemannia Aachen,3107,Deutsche Bank Park,https://www.transfermarkt.de/spielbericht/index/spielbericht/912230
2008/09,02.11.2008,FC St. Pauli,1.FC Nürnberg,23201,Millerntor-Stadion,https://www.transfermarkt.de/spielbericht/index/spielbericht/912226
2008/09,02.11.2008,TuS Koblenz,MSV Duisburg,8629,Stadion Oberwerth,https://www.transfermarkt.de/spielbericht/index/spielbericht/912227
2008/09,02.11.2008,VfL Osnabrück,FC Augsburg,12100,Bremer Brücke,https://www.transfermarkt.de/spielbericht/index/spielbericht/912228
2008/09,02.11.2008,Rot Weiss Ahlen,1.FSV Mainz 05,4812,Wersestadion,https://www.transfermarkt.de/spielbericht/index/spielbericht/912229
2008/09,02.11.2008,Rot,Weiß Oberhausen - FC Hansa Rostock,7253,Stadion Niederrhein,https://www.transfermarkt.de/spielbericht/index/spielbericht/912231
2008/09,02.11.2008,FC Ingolstadt 04,SC Freiburg,4229,Tuja-Stadion,https://www.transfermarkt.de/spielbericht/index/spielbericht/912232
2008/09,03.11.2008,1.FC Kaiserslautern,TSV 1860 München,35168,Fritz-Walter-Stadion,https://www.transfermarkt.de/spielbericht/index/spielbericht/912233
2008/09,07.11.2008,1.FC Nürnberg,FSV Frankfurt,37760,Max-Morlock-Stadion,https://www.transfermarkt.de/spielbericht/index/spielbericht/912234
2008/09,07.11.2008,Alemannia Aachen,TuS Koblenz,18001,Tivoli (alt),https://www.transfermarkt.de/spielbericht/index/spielbericht/912239
2008/09,07.11.2008,SV Wehen Wiesbaden,1.FC Kaiserslautern,11500,BRITA Arena,https://www.transfermarkt.de/spielbericht/index/spielbericht/912240
2008/09,09.11.2008,FC Hansa Rostock,VfL Osnabrück,10000,Ostseestadion,https://www.transfermarkt.de/spielbericht/index/spielbericht/912235
2008/09,09.11.2008,MSV Duisburg,Rot Weiss Ahlen,12027,MSV-Arena,https://www.transfermarkt.de/spielbericht/index/spielbericht/912236
2008/09,09.11.2008,1.FSV Mainz 05,FC Ingolstadt 04,19500,Stadion am Bruchweg,https://www.transfermarkt.de/spielbericht/index/spielbericht/912237
2008/09,09.11.2008,FC Augsburg,SpVgg Greuther Fürth,13770,Rosenaustadion,https://www.transfermarkt.de/spielbericht/index/spielbericht/912241
2008/09,09.11.2008,TSV 1860 München,Rot-Weiß Oberhausen,24400,Allianz Arena,https://www.transfermarkt.de/spielbericht/index/spielbericht/912242
2008/09,10.11.2008,SC Freiburg,FC St. Pauli,15900,Dreisamstadion,https://www.transfermarkt.de/spielbericht/index/spielbericht/912238
2008/09,14.11.2008,FC St. Pauli,Rot Weiss Ahlen,21983,Millerntor-Stadion,https://www.transfermarkt.de/spielbericht/index/spielbericht/912244
2008/09,14.11.2008,VfL Osnabrück,SV Wehen Wiesbaden,14000,Bremer Brücke,https://www.transfermarkt.de/spielbericht/index/spielbericht/912246
2008/09,14.11.2008,TSV 1860 München,FC Augsburg,40600,Allianz Arena,https://www.transfermarkt.de/spielbericht/index/spielbericht/912251
2008/09,16.11.2008,SpVgg Greuther Fürth,MSV Duisburg,6200,Sportpark Ronhof | Thomas Sommer,https://www.transfermarkt.de/spielbericht/index/spielbericht/912243
2008/09,16.11.2008,TuS Koblenz,1.FSV Mainz 05,12698,Stadion Oberwerth,https://www.transfermarkt.de/spielbericht/index/spielbericht/912245
2008/09,16.11.2008,FSV Frankfurt,SC Freiburg,5207,Deutsche Bank Park,https://www.transfermarkt.de/spielbericht/index/spielbericht/912248
2008/09,16.11.2008,Rot,Weiß Oberhausen - Alemannia Aachen,9112,Stadion Niederrhein,https://www.transfermarkt.de/spielbericht/index/spielbericht/912249
2008/09,16.11.2008,FC Ingolstadt 04,1.FC Nürnberg,11400,Tuja-Stadion,https://www.transfermarkt.de/spielbericht/index/spielbericht/912250
2008/09,17.11.2008,1.FC Kaiserslautern,FC Hansa Rostock,27199,Fritz-Walter-Stadion,https://www.transfermarkt.de/spielbericht/index/spielbericht/912247
2008/09,21.11.2008,MSV Duisburg,FSV Frankfurt,11053,MSV-Arena,https://www.transfermarkt.de/spielbericht/index/spielbericht/912253
2008/09,21.11.2008,Alemannia Aachen,VfL Osnabrück,17350,Tivoli (alt),https://www.transfermarkt.de/spielbericht/index/spielbericht/912256
2008/09,21.11.2008,Rot Weiss Ahlen,FC Ingolstadt 04,3800,Wersestadion,https://www.transfermarkt.de/spielbericht/index/spielbericht/912259
2008/09,23.11.2008,1.FC Nürnberg,SpVgg Greuther Fürth,46243,Max-Morlock-Stadion,https://www.transfermarkt.de/spielbericht/index/spielbericht/912252
2008/09,23.11.2008,1.FSV Mainz 05,FC St. Pauli,20300,Stadion am Bruchweg,https://www.transfermarkt.de/spielbericht/index/spielbericht/912254
2008/09,23.11.2008,SC Freiburg,TuS Koblenz,11700,Dreisamstadion,https://www.transfermarkt.de/spielbericht/index/spielbericht/912255
2008/09,23.11.2008,SV Wehen Wiesbaden,Rot-Weiß Oberhausen,6887,BRITA Arena,https://www.transfermarkt.de/spielbericht/index/spielbericht/912257
2008/09,23.11.2008,FC Augsburg,1.FC Kaiserslautern,15432,,https://www.transfermarkt.de/spielbericht/index/spielbericht/912258
2008/09,24.11.2008,FC Hansa Rostock,TSV 1860 München,8200,Ostseestadion,https://www.transfermarkt.de/spielbericht/index/spielbericht/912260
2008/09,28.11.2008,TuS Koblenz,Rot Weiss Ahlen,6994,Stadion Oberwerth,https://www.transfermarkt.de/spielbericht/index/spielbericht/912263
2008/09,28.11.2008,VfL Osnabrück,1.FC Nürnberg,15050,Bremer Brücke,https://www.transfermarkt.de/spielbericht/index/spielbericht/912264
2008/09,28.11.2008,1.FC Kaiserslautern,Alemannia Aachen,35828,Fritz-Walter-Stadion,https://www.transfermarkt.de/spielbericht/index/spielbericht/912265
2008/09,30.11.2008,SpVgg Greuther Fürth,SC Freiburg,6550,Sportpark Ronhof | Thomas Sommer,https://www.transfermarkt.de/spielbericht/index/spielbericht/912261
2008/09,30.11.2008,FC St. Pauli,FC Ingolstadt 04,21400,Millerntor-Stadion,https://www.transfermarkt.de/spielbericht/index/spielbericht/912262
2008/09,30.11.2008,FC Augsburg,FC Hansa Rostock,15668,,https://www.transfermarkt.de/spielbericht/index/spielbericht/912266
2008/09,30.11.2008,Rot,Weiß Oberhausen - MSV Duisburg,16000,Stadion Niederrhein,https://www.transfermarkt.de/spielbericht/index/spielbericht/912268
2008/09,30.11.2008,TSV 1860 München,SV Wehen Wiesbaden,19400,Allianz Arena,https://www.transfermarkt.de/spielbericht/index/spielbericht/912269
2008/09,01.12.2008,FSV Frankfurt,1.FSV Mainz 05,13000,Deutsche Bank Park,https://www.transfermarkt.de/spielbericht/index/spielbericht/912267
2008/09,05.12.2008,1.FSV Mainz 05,SpVgg Greuther Fürth,18500,Stadion am Bruchweg,https://www.transfermarkt.de/spielbericht/index/spielbericht/912272
2008/09,05.12.2008,FC Ingolstadt 04,FSV Frankfurt,3725,Tuja-Stadion,https://www.transfermarkt.de/spielbericht/index/spielbericht/912277
2008/09,05.12.2008,Alemannia Aachen,TSV 1860 München,19173,Tivoli (alt),https://www.transfermarkt.de/spielbericht/index/spielbericht/912278
2008/09,07.12.2008,MSV Duisburg,1.FC Kaiserslautern,17135,MSV-Arena,https://www.transfermarkt.de/spielbericht/index/spielbericht/912271
2008/09,07.12.2008,SC Freiburg,Rot-Weiß Oberhausen,11700,Dreisamstadion,https://www.transfermarkt.de/spielbericht/index/spielbericht/912273
2008/09,07.12.2008,SV Wehen Wiesbaden,FC Augsburg,7100,BRITA Arena,https://www.transfermarkt.de/spielbericht/index/spielbericht/912274
2008/09,07.12.2008,FC St. Pauli,TuS Koblenz,21800,Millerntor-Stadion,https://www.transfermarkt.de/spielbericht/index/spielbericht/912275
2008/09,07.12.2008,Rot Weiss Ahlen,VfL Osnabrück,7583,Wersestadion,https://www.transfermarkt.de/spielbericht/index/spielbericht/912276
2008/09,08.12.2008,1.FC Nürnberg,FC Hansa Rostock,24523,Max-Morlock-Stadion,https://www.transfermarkt.de/spielbericht/index/spielbericht/912270
2008/09,12.12.2008,TuS Koblenz,FC Ingolstadt 04,7147,Stadion Oberwerth,https://www.transfermarkt.de/spielbericht/index/spielbericht/912281
2008/09,12.12.2008,FSV Frankfurt,FC St. Pauli,7711,Deutsche Bank Park,https://www.transfermarkt.de/spielbericht/index/spielbericht/912285
2008/09,12.12.2008,VfL Osnabrück,MSV Duisburg,14500,Bremer Brücke,https://www.transfermarkt.de/spielbericht/index/spielbericht/933073
2008/09,14.12.2008,FC Hansa Rostock,SV Wehen Wiesbaden,12000,Ostseestadion,https://www.transfermarkt.de/spielbericht/index/spielbericht/912279
2008/09,14.12.2008,SpVgg Greuther Fürth,Rot Weiss Ahlen,5600,Sportpark Ronhof | Thomas Sommer,https://www.transfermarkt.de/spielbericht/index/spielbericht/912280
2008/09,14.12.2008,FC Augsburg,Alemannia Aachen,14119,Rosenaustadion,https://www.transfermarkt.de/spielbericht/index/spielbericht/912284
2008/09,14.12.2008,Rot,Weiß Oberhausen - 1.FSV Mainz 05,6294,Stadion Niederrhein,https://www.transfermarkt.de/spielbericht/index/spielbericht/912286
2008/09,14.12.2008,TSV 1860 München,1.FC Nürnberg,57200,Allianz Arena,https://www.transfermarkt.de/spielbericht/index/spielbericht/912287
2008/09,15.12.2008,1.FC Kaiserslautern,SC Freiburg,35952,Fritz-Walter-Stadion,https://www.transfermarkt.de/spielbericht/index/spielbericht/912283
2008/09,30.01.2009,FC Augsburg,1.FC Nürnberg,24031,Rosenaustadion,https://www.transfermarkt.de/spielbericht/index/spielbericht/912288
2008/09,30.01.2009,VfL Osnabrück,FC St. Pauli,16100,Bremer Brücke,https://www.transfermarkt.de/spielbericht/index/spielbericht/912292
2008/09,30.01.2009,Rot,Weiß Oberhausen - TuS Koblenz,5500,Stadion Niederrhein,https://www.transfermarkt.de/spielbericht/index/spielbericht/912293
2008/09,01.02.2009,FC Hansa Rostock,MSV Duisburg,10800,Ostseestadion,https://www.transfermarkt.de/spielbericht/index/spielbericht/912289
2008/09,01.02.2009,SV Wehen Wiesbaden,Alemannia Aachen,6000,BRITA Arena,https://www.transfermarkt.de/spielbericht/index/spielbericht/912291
2008/09,01.02.2009,FSV Frankfurt,Rot Weiss Ahlen,3687,Deutsche Bank Park,https://www.transfermarkt.de/spielbericht/index/spielbericht/912294
2008/09,01.02.2009,SpVgg Greuther Fürth,FC Ingolstadt 04,6600,Sportpark Ronhof | Thomas Sommer,https://www.transfermarkt.de/spielbericht/index/spielbericht/912295
2008/09,01.02.2009,TSV 1860 München,SC Freiburg,21800,Allianz Arena,https://www.transfermarkt.de/spielbericht/index/spielbericht/912296
2008/09,02.02.2009,1.FC Kaiserslautern,1.FSV Mainz 05,46360,Fritz-Walter-Stadion,https://www.transfermarkt.de/spielbericht/index/spielbericht/912290
2008/09,06.02.2009,Alemannia Aachen,FC Hansa Rostock,19000,Tivoli (alt),https://www.transfermarkt.de/spielbericht/index/spielbericht/912297
2008/09,06.02.2009,SC Freiburg,VfL Osnabrück,10800,Dreisamstadion,https://www.transfermarkt.de/spielbericht/index/spielbericht/912300
2008/09,06.02.2009,TuS Koblenz,FSV Frankfurt,6977,Stadion Oberwerth,https://www.transfermarkt.de/spielbericht/index/spielbericht/912303
2008/09,08.02.2009,FC St. Pauli,SpVgg Greuther Fürth,22215,Millerntor-Stadion,https://www.transfermarkt.de/spielbericht/index/spielbericht/912298
2008/09,08.02.2009,MSV Duisburg,SV Wehen Wiesbaden,12102,MSV-Arena,https://www.transfermarkt.de/spielbericht/index/spielbericht/912299
2008/09,08.02.2009,Rot Weiss Ahlen,FC Augsburg,7500,Wersestadion,https://www.transfermarkt.de/spielbericht/index/spielbericht/912302
2008/09,08.02.2009,FC Ingolstadt 04,Rot-Weiß Oberhausen,3730,Tuja-Stadion,https://www.transfermarkt.de/spielbericht/index/spielbericht/912304
2008/09,08.02.2009,1.FSV Mainz 05,TSV 1860 München,19800,Stadion am Bruchweg,https://www.transfermarkt.de/spielbericht/index/spielbericht/912305
2008/09,09.02.2009,1.FC Nürnberg,1.FC Kaiserslautern,27147,Max-Morlock-Stadion,https://www.transfermarkt.de/spielbericht/index/spielbericht/912301
2008/09,13.02.2009,Rot,Weiß Oberhausen - FC St. Pauli,8000,Stadion Niederrhein,https://www.transfermarkt.de/spielbericht/index/spielbericht/912310
2008/09,13.02.2009,SV Wehen Wiesbaden,TuS Koblenz,6613,BRITA Arena,https://www.transfermarkt.de/spielbericht/index/spielbericht/912311
2008/09,13.02.2009,SpVgg Greuther Fürth,FSV Frankfurt,6300,Sportpark Ronhof | Thomas Sommer,https://www.transfermarkt.de/spielbericht/index/spielbericht/912312
2008/09,15.02.2009,Alemannia Aachen,1.FC Nürnberg,20155,Tivoli (alt),https://www.transfermarkt.de/spielbericht/index/spielbericht/912306
2008/09,15.02.2009,FC Augsburg,MSV Duisburg,11098,,https://www.transfermarkt.de/spielbericht/index/spielbericht/912307
2008/09,15.02.2009,VfL Osnabrück,1.FSV Mainz 05,13600,Bremer Brücke,https://www.transfermarkt.de/spielbericht/index/spielbericht/912308
2008/09,15.02.2009,1.FC Kaiserslautern,FC Ingolstadt 04,27352,Fritz-Walter-Stadion,https://www.transfermarkt.de/spielbericht/index/spielbericht/912313
2008/09,15.02.2009,TSV 1860 München,Rot Weiss Ahlen,18000,Allianz Arena,https://www.transfermarkt.de/spielbericht/index/spielbericht/912314
2008/09,16.02.2009,FC Hansa Rostock,SC Freiburg,7000,Ostseestadion,https://www.transfermarkt.de/spielbericht/index/spielbericht/912309
2008/09,20.02.2009,1.FSV Mainz 05,FC Hansa Rostock,18500,Stadion am Bruchweg,https://www.transfermarkt.de/spielbericht/index/spielbericht/912315
2008/09,20.02.2009,FC Ingolstadt 04,Alemannia Aachen,3500,Tuja-Stadion,https://www.transfermarkt.de/spielbericht/index/spielbericht/912317
2008/09,20.02.2009,SC Freiburg,FC Augsburg,12000,Dreisamstadion,https://www.transfermarkt.de/spielbericht/index/spielbericht/912321
2008/09,22.02.2009,TuS Koblenz,SpVgg Greuther Fürth,6617,Stadion Oberwerth,https://www.transfermarkt.de/spielbericht/index/spielbericht/912316
2008/09,22.02.2009,1.FC Nürnberg,SV Wehen Wiesbaden,27036,Max-Morlock-Stadion,https://www.transfermarkt.de/spielbericht/index/spielbericht/912318
2008/09,22.02.2009,FSV Frankfurt,VfL Osnabrück,4084,Deutsche Bank Park,https://www.transfermarkt.de/spielbericht/index/spielbericht/912319
2008/09,22.02.2009,Rot Weiss Ahlen,Rot-Weiß Oberhausen,3618,Wersestadion,https://www.transfermarkt.de/spielbericht/index/spielbericht/912322
2008/09,22.02.2009,MSV Duisburg,TSV 1860 München,13248,MSV-Arena,https://www.transfermarkt.de/spielbericht/index/spielbericht/912323
2008/09,23.02.2009,FC St. Pauli,1.FC Kaiserslautern,22625,Millerntor-Stadion,https://www.transfermarkt.de/spielbericht/index/spielbericht/912320
2008/09,27.02.2009,1.FC Nürnberg,1.FSV Mainz 05,30047,Max-Morlock-Stadion,https://www.transfermarkt.de/spielbericht/index/spielbericht/912325
2008/09,27.02.2009,SV Wehen Wiesbaden,SC Freiburg,6112,BRITA Arena,https://www.transfermarkt.de/spielbericht/index/spielbericht/912326
2008/09,27.02.2009,FC Hansa Rostock,Rot Weiss Ahlen,12000,Ostseestadion,https://www.transfermarkt.de/spielbericht/index/spielbericht/912329
2008/09,01.03.2009,1.FC Kaiserslautern,SpVgg Greuther Fürth,31196,Fritz-Walter-Stadion,https://www.transfermarkt.de/spielbericht/index/spielbericht/912327
2008/09,01.03.2009,FC Augsburg,TuS Koblenz,13338,,https://www.transfermarkt.de/spielbericht/index/spielbericht/912328
2008/09,01.03.2009,Rot,Weiß Oberhausen - FSV Frankfurt,5330,Stadion Niederrhein,https://www.transfermarkt.de/spielbericht/index/spielbericht/912330
2008/09,01.03.2009,VfL Osnabrück,FC Ingolstadt 04,12700,Bremer Brücke,https://www.transfermarkt.de/spielbericht/index/spielbericht/912331
2008/09,01.03.2009,TSV 1860 München,FC St. Pauli,28500,Allianz Arena,https://www.transfermarkt.de/spielbericht/index/spielbericht/912332
2008/09,02.03.2009,Alemannia Aachen,MSV Duisburg,20200,Tivoli (alt),https://www.transfermarkt.de/spielbericht/index/spielbericht/912324
2008/09,06.03.2009,FC St. Pauli,FC Hansa Rostock,22138,Millerntor-Stadion,https://www.transfermarkt.de/spielbericht/index/spielbericht/912334
2008/09,06.03.2009,TuS Koblenz,VfL Osnabrück,7908,Stadion Oberwerth,https://www.transfermarkt.de/spielbericht/index/spielbericht/912337
2008/09,06.03.2009,FSV Frankfurt,1.FC Kaiserslautern,10177,Deutsche Bank Park,https://www.transfermarkt.de/spielbericht/index/spielbericht/912338
2008/09,08.03.2009,SC Freiburg,Alemannia Aachen,18800,Dreisamstadion,https://www.transfermarkt.de/spielbericht/index/spielbericht/912335
2008/09,08.03.2009,Rot Weiss Ahlen,SV Wehen Wiesbaden,2824,Wersestadion,https://www.transfermarkt.de/spielbericht/index/spielbericht/912336
2008/09,08.03.2009,1.FSV Mainz 05,FC Augsburg,18300,Stadion am Bruchweg,https://www.transfermarkt.de/spielbericht/index/spielbericht/912339
2008/09,08.03.2009,SpVgg Greuther Fürth,Rot-Weiß Oberhausen,7500,Sportpark Ronhof | Thomas Sommer,https://www.transfermarkt.de/spielbericht/index/spielbericht/912340
2008/09,08.03.2009,FC Ingolstadt 04,TSV 1860 München,11418,Tuja-Stadion,https://www.transfermarkt.de/spielbericht/index/spielbericht/912341
2008/09,09.03.2009,MSV Duisburg,1.FC Nürnberg,15054,MSV-Arena,https://www.transfermarkt.de/spielbericht/index/spielbericht/912333
2008/09,13.03.2009,1.FC Kaiserslautern,TuS Koblenz,32196,Fritz-Walter-Stadion,https://www.transfermarkt.de/spielbericht/index/spielbericht/912346
2008/09,13.03.2009,1.FC Nürnberg,Rot Weiss Ahlen,25277,Max-Morlock-Stadion,https://www.transfermarkt.de/spielbericht/index/spielbericht/912347
2008/09,13.03.2009,TSV 1860 München,FSV Frankfurt,21100,Allianz Arena,https://www.transfermarkt.de/spielbericht/index/spielbericht/912350
2008/09,15.03.2009,MSV Duisburg,SC Freiburg,18146,MSV-Arena,https://www.transfermarkt.de/spielbericht/index/spielbericht/912343
2008/09,15.03.2009,VfL Osnabrück,SpVgg Greuther Fürth,13000,Bremer Brücke,https://www.transfermarkt.de/spielbericht/index/spielbericht/912344
2008/09,15.03.2009,Alemannia Aachen,FC St. Pauli,21200,Tivoli (alt),https://www.transfermarkt.de/spielbericht/index/spielbericht/912345
2008/09,15.03.2009,FC Augsburg,Rot-Weiß Oberhausen,10425,,https://www.transfermarkt.de/spielbericht/index/spielbericht/912348
2008/09,15.03.2009,FC Hansa Rostock,FC Ingolstadt 04,13000,Ostseestadion,https://www.transfermarkt.de/spielbericht/index/spielbericht/912349
2008/09,16.03.2009,SV Wehen Wiesbaden,1.FSV Mainz 05,11721,BRITA Arena,https://www.transfermarkt.de/spielbericht/index/spielbericht/912342
2008/09,20.03.2009,TuS Koblenz,FC Hansa Rostock,9755,Stadion Oberwerth,https://www.transfermarkt.de/spielbericht/index/spielbericht/912352
2008/09,20.03.2009,FSV Frankfurt,SV Wehen Wiesbaden,5024,Deutsche Bank Park,https://www.transfermarkt.de/spielbericht/index/spielbericht/912355
2008/09,20.03.2009,Rot,Weiß Oberhausen - VfL Osnabrück,8275,Stadion Niederrhein,https://www.transfermarkt.de/spielbericht/index/spielbericht/912356
2008/09,22.03.2009,FC Ingolstadt 04,MSV Duisburg,4300,Tuja-Stadion,https://www.transfermarkt.de/spielbericht/index/spielbericht/912353
2008/09,22.03.2009,1.FSV Mainz 05,Alemannia Aachen,19400,Stadion am Bruchweg,https://www.transfermarkt.de/spielbericht/index/spielbericht/912354
2008/09,22.03.2009,Rot Weiss Ahlen,1.FC Kaiserslautern,5375,Wersestadion,https://www.transfermarkt.de/spielbericht/index/spielbericht/912357
2008/09,22.03.2009,FC St. Pauli,FC Augsburg,22399,Millerntor-Stadion,https://www.transfermarkt.de/spielbericht/index/spielbericht/912358
2008/09,22.03.2009,SpVgg Greuther Fürth,TSV 1860 München,14150,Sportpark Ronhof | Thomas Sommer,https://www.transfermarkt.de/spielbericht/index/spielbericht/912359
2008/09,23.03.2009,SC Freiburg,1.FC Nürnberg,19000,Dreisamstadion,https://www.transfermarkt.de/spielbericht/index/spielbericht/912351
2008/09,03.04.2009,MSV Duisburg,1.FSV Mainz 05,21069,MSV-Arena,https://www.transfermarkt.de/spielbericht/index/spielbericht/912360
2008/09,03.04.2009,1.FC Nürnberg,TuS Koblenz,33696,Max-Morlock-Stadion,https://www.transfermarkt.de/spielbericht/index/spielbericht/912363
2008/09,03.04.2009,FC Augsburg,FC Ingolstadt 04,14033,,https://www.transfermarkt.de/spielbericht/index/spielbericht/912367
2008/09,05.04.2009,Alemannia Aachen,SpVgg Greuther Fürth,19563,Tivoli (alt),https://www.transfermarkt.de/spielbericht/index/spielbericht/912361
2008/09,05.04.2009,SV Wehen Wiesbaden,FC St. Pauli,9588,BRITA Arena,https://www.transfermarkt.de/spielbericht/index/spielbericht/912362
2008/09,05.04.2009,FC Hansa Rostock,FSV Frankfurt,17000,Ostseestadion,https://www.transfermarkt.de/spielbericht/index/spielbericht/912365
2008/09,05.04.2009,1.FC Kaiserslautern,Rot-Weiß Oberhausen,32270,Fritz-Walter-Stadion,https://www.transfermarkt.de/spielbericht/index/spielbericht/912366
2008/09,05.04.2009,TSV 1860 München,VfL Osnabrück,35800,Allianz Arena,https://www.transfermarkt.de/spielbericht/index/spielbericht/912368
2008/09,06.04.2009,SC Freiburg,Rot Weiss Ahlen,15500,Dreisamstadion,https://www.transfermarkt.de/spielbericht/index/spielbericht/912364
2008/09,09.04.2009,Rot,Weiß Oberhausen - 1.FC Nürnberg,8775,Stadion Niederrhein,https://www.transfermarkt.de/spielbericht/index/spielbericht/912369
2008/09,09.04.2009,SpVgg Greuther Fürth,FC Hansa Rostock,9000,Sportpark Ronhof | Thomas Sommer,https://www.transfermarkt.de/spielbericht/index/spielbericht/912370
2008/09,09.04.2009,FC Ingolstadt 04,SV Wehen Wiesbaden,4714,Tuja-Stadion,https://www.transfermarkt.de/spielbericht/index/spielbericht/912374
2008/09,12.04.2009,FC St. Pauli,MSV Duisburg,23201,Millerntor-Stadion,https://www.transfermarkt.de/spielbericht/index/spielbericht/912371
2008/09,12.04.2009,Rot Weiss Ahlen,Alemannia Aachen,4585,Wersestadion,https://www.transfermarkt.de/spielbericht/index/spielbericht/912373
2008/09,12.04.2009,VfL Osnabrück,1.FC Kaiserslautern,16250,Bremer Brücke,https://www.transfermarkt.de/spielbericht/index/spielbericht/912375
2008/09,12.04.2009,FSV Frankfurt,FC Augsburg,4021,Deutsche Bank Park,https://www.transfermarkt.de/spielbericht/index/spielbericht/912376
2008/09,12.04.2009,TuS Koblenz,TSV 1860 München,10991,Stadion Oberwerth,https://www.transfermarkt.de/spielbericht/index/spielbericht/912377
2008/09,13.04.2009,1.FSV Mainz 05,SC Freiburg,20100,Stadion am Bruchweg,https://www.transfermarkt.de/spielbericht/index/spielbericht/912372
2008/09,17.04.2009,FC Augsburg,VfL Osnabrück,12437,,https://www.transfermarkt.de/spielbericht/index/spielbericht/912381
2008/09,17.04.2009,1.FSV Mainz 05,Rot Weiss Ahlen,18500,Stadion am Bruchweg,https://www.transfermarkt.de/spielbericht/index/spielbericht/912382
2008/09,17.04.2009,FC Hansa Rostock,Rot-Weiß Oberhausen,17500,Ostseestadion,https://www.transfermarkt.de/spielbericht/index/spielbericht/912384
2008/09,19.04.2009,SV Wehen Wiesbaden,SpVgg Greuther Fürth,6560,BRITA Arena,https://www.transfermarkt.de/spielbericht/index/spielbericht/912378
2008/09,19.04.2009,1.FC Nürnberg,FC St. Pauli,46780,Max-Morlock-Stadion,https://www.transfermarkt.de/spielbericht/index/spielbericht/912379
2008/09,19.04.2009,MSV Duisburg,TuS Koblenz,14096,MSV-Arena,https://www.transfermarkt.de/spielbericht/index/spielbericht/912380
2008/09,19.04.2009,Alemannia Aachen,FSV Frankfurt,20077,Tivoli (alt),https://www.transfermarkt.de/spielbericht/index/spielbericht/912383
2008/09,19.04.2009,SC Freiburg,FC Ingolstadt 04,16800,Dreisamstadion,https://www.transfermarkt.de/spielbericht/index/spielbericht/912385
2008/09,20.04.2009,TSV 1860 München,1.FC Kaiserslautern,25100,Allianz Arena,https://www.transfermarkt.de/spielbericht/index/spielbericht/912386
2008/09,24.04.2009,Rot Weiss Ahlen,MSV Duisburg,4532,Wersestadion,https://www.transfermarkt.de/spielbericht/index/spielbericht/912389
2008/09,24.04.2009,FC St. Pauli,SC Freiburg,23201,Millerntor-Stadion,https://www.transfermarkt.de/spielbericht/index/spielbericht/912391
2008/09,24.04.2009,SpVgg Greuther Fürth,FC Augsburg,9100,Sportpark Ronhof | Thomas Sommer,https://www.transfermarkt.de/spielbericht/index/spielbericht/912394
2008/09,26.04.2009,FSV Frankfurt,1.FC Nürnberg,16112,Deutsche Bank Park,https://www.transfermarkt.de/spielbericht/index/spielbericht/912387
2008/09,26.04.2009,FC Ingolstadt 04,1.FSV Mainz 05,5217,Tuja-Stadion,https://www.transfermarkt.de/spielbericht/index/spielbericht/912390
2008/09,26.04.2009,TuS Koblenz,Alemannia Aachen,12670,Stadion Oberwerth,https://www.transfermarkt.de/spielbericht/index/spielbericht/912392
2008/09,26.04.2009,1.FC Kaiserslautern,SV Wehen Wiesbaden,31054,Fritz-Walter-Stadion,https://www.transfermarkt.de/spielbericht/index/spielbericht/912393
2008/09,26.04.2009,Rot,Weiß Oberhausen - TSV 1860 München,5502,Stadion Niederrhein,https://www.transfermarkt.de/spielbericht/index/spielbericht/912395
2008/09,27.04.2009,VfL Osnabrück,FC Hansa Rostock,15300,Bremer Brücke,https://www.transfermarkt.de/spielbericht/index/spielbericht/912388
2008/09,01.05.2009,SV Wehen Wiesbaden,VfL Osnabrück,7776,BRITA Arena,https://www.transfermarkt.de/spielbericht/index/spielbericht/912399
2008/09,01.05.2009,FC Hansa Rostock,1.FC Kaiserslautern,27000,Ostseestadion,https://www.transfermarkt.de/spielbericht/index/spielbericht/912400
2008/09,01.05.2009,FC Augsburg,TSV 1860 München,28000,Rosenaustadion,https://www.transfermarkt.de/spielbericht/index/spielbericht/912404
2008/09,03.05.2009,Rot Weiss Ahlen,FC St. Pauli,7050,Wersestadion,https://www.transfermarkt.de/spielbericht/index/spielbericht/912397
2008/09,03.05.2009,1.FSV Mainz 05,TuS Koblenz,20300,Stadion am Bruchweg,https://www.transfermarkt.de/spielbericht/index/spielbericht/912398
2008/09,03.05.2009,SC Freiburg,FSV Frankfurt,20100,Dreisamstadion,https://www.transfermarkt.de/spielbericht/index/spielbericht/912401
2008/09,03.05.2009,Alemannia Aachen,Rot-Weiß Oberhausen,20800,Tivoli (alt),https://www.transfermarkt.de/spielbericht/index/spielbericht/912402
2008/09,03.05.2009,1.FC Nürnberg,FC Ingolstadt 04,40118,Max-Morlock-Stadion,https://www.transfermarkt.de/spielbericht/index/spielbericht/912403
2008/09,04.05.2009,MSV Duisburg,SpVgg Greuther Fürth,12142,MSV-Arena,https://www.transfermarkt.de/spielbericht/index/spielbericht/912396
2008/09,08.05.2009,FSV Frankfurt,MSV Duisburg,5000,Deutsche Bank Park,https://www.transfermarkt.de/spielbericht/index/spielbericht/912406
2008/09,08.05.2009,VfL Osnabrück,Alemannia Aachen,15300,Bremer Brücke,https://www.transfermarkt.de/spielbericht/index/spielbericht/912409
2008/09,08.05.2009,Rot,Weiß Oberhausen - SV Wehen Wiesbaden,5121,Stadion Niederrhein,https://www.transfermarkt.de/spielbericht/index/spielbericht/912410
2008/09,08.05.2009,1.FC Kaiserslautern,FC Augsburg,30500,Fritz-Walter-Stadion,https://www.transfermarkt.de/spielbericht/index/spielbericht/912411
2008/09,08.05.2009,TSV 1860 München,FC Hansa Rostock,24400,Allianz Arena,https://www.transfermarkt.de/spielbericht/index/spielbericht/912413
2008/09,10.05.2009,SpVgg Greuther Fürth,1.FC Nürnberg,15700,Sportpark Ronhof | Thomas Sommer,https://www.transfermarkt.de/spielbericht/index/spielbericht/912405
2008/09,10.05.2009,FC St. Pauli,1.FSV Mainz 05,23201,Millerntor-Stadion,https://www.transfermarkt.de/spielbericht/index/spielbericht/912407
2008/09,10.05.2009,TuS Koblenz,SC Freiburg,11305,Stadion Oberwerth,https://www.transfermarkt.de/spielbericht/index/spielbericht/912408
2008/09,10.05.2009,FC Ingolstadt 04,Rot Weiss Ahlen,6048,Tuja-Stadion,https://www.transfermarkt.de/spielbericht/index/spielbericht/912412
2008/09,12.05.2009,Alemannia Aachen,1.FC Kaiserslautern,21200,Tivoli (alt),https://www.transfermarkt.de/spielbericht/index/spielbericht/912418
2008/09,12.05.2009,FC Hansa Rostock,FC Augsburg,14000,Ostseestadion,https://www.transfermarkt.de/spielbericht/index/spielbericht/912419
2008/09,12.05.2009,MSV Duisburg,Rot-Weiß Oberhausen,15740,MSV-Arena,https://www.transfermarkt.de/spielbericht/index/spielbericht/912421
2008/09,12.05.2009,SV Wehen Wiesbaden,TSV 1860 München,6020,BRITA Arena,https://www.transfermarkt.de/spielbericht/index/spielbericht/912422
2008/09,13.05.2009,SC Freiburg,SpVgg Greuther Fürth,22800,Dreisamstadion,https://www.transfermarkt.de/spielbericht/index/spielbericht/912414
2008/09,13.05.2009,Rot Weiss Ahlen,TuS Koblenz,6105,Wersestadion,https://www.transfermarkt.de/spielbericht/index/spielbericht/912416
2008/09,13.05.2009,1.FC Nürnberg,VfL Osnabrück,33507,Max-Morlock-Stadion,https://www.transfermarkt.de/spielbericht/index/spielbericht/912417
2008/09,13.05.2009,1.FSV Mainz 05,FSV Frankfurt,19000,Stadion am Bruchweg,https://www.transfermarkt.de/spielbericht/index/spielbericht/912420
2008/09,14.05.2009,FC Ingolstadt 04,FC St. Pauli,5432,Tuja-Stadion,https://www.transfermarkt.de/spielbericht/index/spielbericht/912415
2008/09,17.05.2009,FC Hansa Rostock,1.FC Nürnberg,27000,Ostseestadion,https://www.transfermarkt.de/spielbericht/index/spielbericht/912423
2008/09,17.05.2009,1.FC Kaiserslautern,MSV Duisburg,43679,Fritz-Walter-Stadion,https://www.transfermarkt.de/spielbericht/index/spielbericht/912424
2008/09,17.05.2009,SpVgg Greuther Fürth,1.FSV Mainz 05,13300,Sportpark Ronhof | Thomas Sommer,https://www.transfermarkt.de/spielbericht/index/spielbericht/912425
2008/09,17.05.2009,Rot,Weiß Oberhausen - SC Freiburg,6279,Stadion Niederrhein,https://www.transfermarkt.de/spielbericht/index/spielbericht/912426
2008/09,17.05.2009,FC Augsburg,SV Wehen Wiesbaden,24113,,https://www.transfermarkt.de/spielbericht/index/spielbericht/912427
2008/09,17.05.2009,TuS Koblenz,FC St. Pauli,14109,Stadion Oberwerth,https://www.transfermarkt.de/spielbericht/index/spielbericht/912428
2008/09,17.05.2009,VfL Osnabrück,Rot Weiss Ahlen,15300,Bremer Brücke,https://www.transfermarkt.de/spielbericht/index/spielbericht/912429
2008/09,17.05.2009,FSV Frankfurt,FC Ingolstadt 04,4354,Deutsche Bank Park,https://www.transfermarkt.de/spielbericht/index/spielbericht/912430
2008/09,17.05.2009,TSV 1860 München,Alemannia Aachen,33600,Allianz Arena,https://www.transfermarkt.de/spielbericht/index/spielbericht/912431
2008/09,24.05.2009,SV Wehen Wiesbaden,FC Hansa Rostock,10203,BRITA Arena,https://www.transfermarkt.de/spielbericht/index/spielbericht/912432
2008/09,24.05.2009,Rot Weiss Ahlen,SpVgg Greuther Fürth,4030,Wersestadion,https://www.transfermarkt.de/spielbericht/index/spielbericht/912433
2008/09,24.05.2009,FC Ingolstadt 04,TuS Koblenz,3730,Tuja-Stadion,https://www.transfermarkt.de/spielbericht/index/spielbericht/912434
2008/09,24.05.2009,MSV Duisburg,VfL Osnabrück,17194,MSV-Arena,https://www.transfermarkt.de/spielbericht/index/spielbericht/912435
2008/09,24.05.2009,SC Freiburg,1.FC Kaiserslautern,24000,Dreisamstadion,https://www.transfermarkt.de/spielbericht/index/spielbericht/912436
2008/09,24.05.2009,Alemannia Aachen,FC Augsburg,21200,Tivoli (alt),https://www.transfermarkt.de/spielbericht/index/spielbericht/912437
2008/09,24.05.2009,FC St. Pauli,FSV Frankfurt,23201,Millerntor-Stadion,https://www.transfermarkt.de/spielbericht/index/spielbericht/912438
2008/09,24.05.2009,1.FSV Mainz 05,Rot-Weiß Oberhausen,20300,Stadion am Bruchweg,https://www.transfermarkt.de/spielbericht/index/spielbericht/912439
2008/09,24.05.2009,1.FC Nürnberg,TSV 1860 München,46780,Max-Morlock-Stadion,https://www.transfermarkt.de/spielbericht/index/spielbericht/912440
2009/10,07.08.2009,FC St. Pauli,Rot Weiss Ahlen,22294,Millerntor-Stadion,https://www.transfermarkt.de/spielbericht/index/spielbericht/953885
2009/10,07.08.2009,Karlsruher SC,Alemannia Aachen,23332,BBBank Wildpark,https://www.transfermarkt.de/spielbericht/index/spielbericht/953887
2009/10,07.08.2009,Rot,Weiß Oberhausen - 1.FC Union Berlin,5895,Stadion Niederrhein,https://www.transfermarkt.de/spielbericht/index/spielbericht/953888
2009/10,08.08.2009,1.FC Kaiserslautern,SpVgg Greuther Fürth,27216,Fritz-Walter-Stadion,https://www.transfermarkt.de/spielbericht/index/spielbericht/953882
2009/10,08.08.2009,Fortuna Düsseldorf,SC Paderborn 07,19300,MERKUR SPIEL-ARENA,https://www.transfermarkt.de/spielbericht/index/spielbericht/953890
2009/10,09.08.2009,FSV Frankfurt,MSV Duisburg,4775,PSD Bank Arena,https://www.transfermarkt.de/spielbericht/index/spielbericht/953883
2009/10,09.08.2009,TSV 1860 München,TuS Koblenz,25800,Allianz Arena,https://www.transfermarkt.de/spielbericht/index/spielbericht/953886
2009/10,09.08.2009,FC Energie Cottbus,FC Augsburg,13600,LEAG Energie Stadion,https://www.transfermarkt.de/spielbericht/index/spielbericht/953889
2009/10,10.08.2009,Arminia Bielefeld,FC Hansa Rostock,17600,SchücoArena,https://www.transfermarkt.de/spielbericht/index/spielbericht/953884
2009/10,14.08.2009,SpVgg Greuther Fürth,FSV Frankfurt,6230,Sportpark Ronhof | Thomas Sommer,https://www.transfermarkt.de/spielbericht/index/spielbericht/958706
2009/10,14.08.2009,SC Paderborn 07,Karlsruher SC,8463,Home Deluxe Arena,https://www.transfermarkt.de/spielbericht/index/spielbericht/958707
2009/10,14.08.2009,MSV Duisburg,FC Energie Cottbus,16120,MSV-Arena,https://www.transfermarkt.de/spielbericht/index/spielbericht/958708
2009/10,15.08.2009,FC Hansa Rostock,TSV 1860 München,19000,Ostseestadion,https://www.transfermarkt.de/spielbericht/index/spielbericht/958709
2009/10,15.08.2009,1.FC Union Berlin,Fortuna Düsseldorf,12344,Stadion An der Alten Försterei,https://www.transfermarkt.de/spielbericht/index/spielbericht/958710
2009/10,16.08.2009,Rot Weiss Ahlen,1.FC Kaiserslautern,5305,Wersestadion,https://www.transfermarkt.de/spielbericht/index/spielbericht/958711
2009/10,16.08.2009,FC Augsburg,Rot-Weiß Oberhausen,19124,WWK ARENA,https://www.transfermarkt.de/spielbericht/index/spielbericht/958712
2009/10,16.08.2009,TuS Koblenz,Arminia Bielefeld,8635,Stadion Oberwerth,https://www.transfermarkt.de/spielbericht/index/spielbericht/958713
2009/10,17.08.2009,Alemannia Aachen,FC St. Pauli,32900,Tivoli,https://www.transfermarkt.de/spielbericht/index/spielbericht/958714
2009/10,21.08.2009,FSV Frankfurt,SC Paderborn 07,3784,PSD Bank Arena,https://www.transfermarkt.de/spielbericht/index/spielbericht/958715
2009/10,21.08.2009,1.FC Union Berlin,FC Hansa Rostock,17500,Stadion An der Alten Försterei,https://www.transfermarkt.de/spielbericht/index/spielbericht/958716
2009/10,21.08.2009,Fortuna Düsseldorf,TuS Koblenz,20150,MERKUR SPIEL-ARENA,https://www.transfermarkt.de/spielbericht/index/spielbericht/958717
2009/10,22.08.2009,Arminia Bielefeld,FC Augsburg,13500,SchücoArena,https://www.transfermarkt.de/spielbericht/index/spielbericht/958718
2009/10,22.08.2009,FC St. Pauli,MSV Duisburg,22554,Millerntor-Stadion,https://www.transfermarkt.de/spielbericht/index/spielbericht/958719
2009/10,23.08.2009,FC Energie Cottbus,SpVgg Greuther Fürth,13700,LEAG Energie Stadion,https://www.transfermarkt.de/spielbericht/index/spielbericht/958720
2009/10,23.08.2009,1.FC Kaiserslautern,Alemannia Aachen,28079,Fritz-Walter-Stadion,https://www.transfermarkt.de/spielbericht/index/spielbericht/958721
2009/10,23.08.2009,Rot,Weiß Oberhausen - Rot Weiss Ahlen,5045,Stadion Niederrhein,https://www.transfermarkt.de/spielbericht/index/spielbericht/958722
2009/10,24.08.2009,TSV 1860 München,Karlsruher SC,30800,Allianz Arena,https://www.transfermarkt.de/spielbericht/index/spielbericht/958723
2009/10,28.08.2009,Karlsruher SC,FC St. Pauli,26300,BBBank Wildpark,https://www.transfermarkt.de/spielbericht/index/spielbericht/958724
2009/10,28.08.2009,Rot Weiss Ahlen,TSV 1860 München,4025,Wersestadion,https://www.transfermarkt.de/spielbericht/index/spielbericht/958725
2009/10,28.08.2009,TuS Koblenz,FC Energie Cottbus,7402,Stadion Oberwerth,https://www.transfermarkt.de/spielbericht/index/spielbericht/958726
2009/10,29.08.2009,SpVgg Greuther Fürth,Arminia Bielefeld,7330,Sportpark Ronhof | Thomas Sommer,https://www.transfermarkt.de/spielbericht/index/spielbericht/958727
2009/10,29.08.2009,FC Hansa Rostock,Rot-Weiß Oberhausen,14000,Ostseestadion,https://www.transfermarkt.de/spielbericht/index/spielbericht/958728
2009/10,30.08.2009,Alemannia Aachen,FSV Frankfurt,23078,Tivoli,https://www.transfermarkt.de/spielbericht/index/spielbericht/958729
2009/10,30.08.2009,FC Augsburg,1.FC Union Berlin,19037,WWK ARENA,https://www.transfermarkt.de/spielbericht/index/spielbericht/958730
2009/10,30.08.2009,SC Paderborn 07,1.FC Kaiserslautern,10345,Home Deluxe Arena,https://www.transfermarkt.de/spielbericht/index/spielbericht/958731
2009/10,31.08.2009,MSV Duisburg,Fortuna Düsseldorf,27371,MSV-Arena,https://www.transfermarkt.de/spielbericht/index/spielbericht/958732
2009/10,11.09.2009,Arminia Bielefeld,Rot Weiss Ahlen,14800,SchücoArena,https://www.transfermarkt.de/spielbericht/index/spielbericht/958733
2009/10,11.09.2009,Fortuna Düsseldorf,FC Augsburg,20235,MERKUR SPIEL-ARENA,https://www.transfermarkt.de/spielbericht/index/spielbericht/958734
2009/10,11.09.2009,1.FC Kaiserslautern,MSV Duisburg,31033,Fritz-Walter-Stadion,https://www.transfermarkt.de/spielbericht/index/spielbericht/958735
2009/10,12.09.2009,TSV 1860 München,SpVgg Greuther Fürth,26000,Allianz Arena,https://www.transfermarkt.de/spielbericht/index/spielbericht/958736
2009/10,12.09.2009,FC Hansa Rostock,TuS Koblenz,12000,Ostseestadion,https://www.transfermarkt.de/spielbericht/index/spielbericht/958737
2009/10,13.09.2009,Rot,Weiß Oberhausen - Alemannia Aachen,7143,Stadion Niederrhein,https://www.transfermarkt.de/spielbericht/index/spielbericht/958738
2009/10,13.09.2009,FSV Frankfurt,FC St. Pauli,8577,PSD Bank Arena,https://www.transfermarkt.de/spielbericht/index/spielbericht/958739
2009/10,13.09.2009,1.FC Union Berlin,SC Paderborn 07,13162,Stadion An der Alten Försterei,https://www.transfermarkt.de/spielbericht/index/spielbericht/958740
2009/10,14.09.2009,FC Energie Cottbus,Karlsruher SC,11400,LEAG Energie Stadion,https://www.transfermarkt.de/spielbericht/index/spielbericht/958741
2009/10,18.09.2009,Karlsruher SC,FSV Frankfurt,16977,BBBank Wildpark,https://www.transfermarkt.de/spielbericht/index/spielbericht/958742
2009/10,18.09.2009,MSV Duisburg,Arminia Bielefeld,14057,MSV-Arena,https://www.transfermarkt.de/spielbericht/index/spielbericht/958745
2009/10,18.09.2009,TuS Koblenz,1.FC Union Berlin,7041,Stadion Oberwerth,https://www.transfermarkt.de/spielbericht/index/spielbericht/958749
2009/10,18.09.2009,SC Paderborn 07,FC Energie Cottbus,6997,Home Deluxe Arena,https://www.transfermarkt.de/spielbericht/index/spielbericht/958750
2009/10,19.09.2009,SpVgg Greuther Fürth,Rot-Weiß Oberhausen,6250,Sportpark Ronhof | Thomas Sommer,https://www.transfermarkt.de/spielbericht/index/spielbericht/958744
2009/10,19.09.2009,Rot Weiss Ahlen,Fortuna Düsseldorf,6612,Wersestadion,https://www.transfermarkt.de/spielbericht/index/spielbericht/958747
2009/10,20.09.2009,Alemannia Aachen,TSV 1860 München,24830,Tivoli,https://www.transfermarkt.de/spielbericht/index/spielbericht/958743
2009/10,20.09.2009,FC St. Pauli,1.FC Kaiserslautern,23161,Millerntor-Stadion,https://www.transfermarkt.de/spielbericht/index/spielbericht/958746
2009/10,20.09.2009,FC Augsburg,FC Hansa Rostock,15241,WWK ARENA,https://www.transfermarkt.de/spielbericht/index/spielbericht/958748
2009/10,25.09.2009,FC Energie Cottbus,FSV Frankfurt,8790,LEAG Energie Stadion,https://www.transfermarkt.de/spielbericht/index/spielbericht/958751
2009/10,25.09.2009,Rot,Weiß Oberhausen - MSV Duisburg,12615,Stadion Niederrhein,https://www.transfermarkt.de/spielbericht/index/spielbericht/958754
2009/10,25.09.2009,1.FC Union Berlin,Rot Weiss Ahlen,12212,Stadion An der Alten Försterei,https://www.transfermarkt.de/spielbericht/index/spielbericht/958758
2009/10,26.09.2009,Arminia Bielefeld,FC St. Pauli,23800,SchücoArena,https://www.transfermarkt.de/spielbericht/index/spielbericht/958752
2009/10,26.09.2009,1.FC Kaiserslautern,Karlsruher SC,39774,Fritz-Walter-Stadion,https://www.transfermarkt.de/spielbericht/index/spielbericht/958753
2009/10,27.09.2009,FC Augsburg,TuS Koblenz,12078,WWK ARENA,https://www.transfermarkt.de/spielbericht/index/spielbericht/958755
2009/10,27.09.2009,TSV 1860 München,SC Paderborn 07,21500,Allianz Arena,https://www.transfermarkt.de/spielbericht/index/spielbericht/958756
2009/10,27.09.2009,FC Hansa Rostock,SpVgg Greuther Fürth,10700,Ostseestadion,https://www.transfermarkt.de/spielbericht/index/spielbericht/958757
2009/10,28.09.2009,Fortuna Düsseldorf,Alemannia Aachen,29385,MERKUR SPIEL-ARENA,https://www.transfermarkt.de/spielbericht/index/spielbericht/958759
2009/10,02.10.2009,Alemannia Aachen,FC Energie Cottbus,22090,Tivoli,https://www.transfermarkt.de/spielbericht/index/spielbericht/958761
2009/10,02.10.2009,MSV Duisburg,1.FC Union Berlin,12017,MSV-Arena,https://www.transfermarkt.de/spielbericht/index/spielbericht/958763
2009/10,02.10.2009,TuS Koblenz,Rot-Weiß Oberhausen,6726,Stadion Oberwerth,https://www.transfermarkt.de/spielbericht/index/spielbericht/958766
2009/10,03.10.2009,SpVgg Greuther Fürth,Fortuna Düsseldorf,7850,Sportpark Ronhof | Thomas Sommer,https://www.transfermarkt.de/spielbericht/index/spielbericht/958762
2009/10,03.10.2009,SC Paderborn 07,FC Augsburg,8173,Home Deluxe Arena,https://www.transfermarkt.de/spielbericht/index/spielbericht/958768
2009/10,04.10.2009,FC St. Pauli,TSV 1860 München,23188,Millerntor-Stadion,https://www.transfermarkt.de/spielbericht/index/spielbericht/958764
2009/10,04.10.2009,Rot Weiss Ahlen,FC Hansa Rostock,4550,Wersestadion,https://www.transfermarkt.de/spielbericht/index/spielbericht/958765
2009/10,04.10.2009,FSV Frankfurt,1.FC Kaiserslautern,9664,PSD Bank Arena,https://www.transfermarkt.de/spielbericht/index/spielbericht/958767
2009/10,05.10.2009,Karlsruher SC,Arminia Bielefeld,15673,BBBank Wildpark,https://www.transfermarkt.de/spielbericht/index/spielbericht/958760
2009/10,16.10.2009,Arminia Bielefeld,Alemannia Aachen,15200,SchücoArena,https://www.transfermarkt.de/spielbericht/index/spielbericht/958770
2009/10,16.10.2009,Rot,Weiß Oberhausen - FC St. Pauli,10125,Stadion Niederrhein,https://www.transfermarkt.de/spielbericht/index/spielbericht/958771
2009/10,16.10.2009,FC Energie Cottbus,1.FC Kaiserslautern,12670,LEAG Energie Stadion,https://www.transfermarkt.de/spielbericht/index/spielbericht/958769
2009/10,17.10.2009,TSV 1860 München,MSV Duisburg,19200,Allianz Arena,https://www.transfermarkt.de/spielbericht/index/spielbericht/958773
2009/10,17.10.2009,FC Hansa Rostock,SC Paderborn 07,14000,Ostseestadion,https://www.transfermarkt.de/spielbericht/index/spielbericht/958774
2009/10,18.10.2009,FC Augsburg,Karlsruher SC,17228,WWK ARENA,https://www.transfermarkt.de/spielbericht/index/spielbericht/958772
2009/10,18.10.2009,TuS Koblenz,Rot Weiss Ahlen,7031,Stadion Oberwerth,https://www.transfermarkt.de/spielbericht/index/spielbericht/958775
2009/10,18.10.2009,Fortuna Düsseldorf,FSV Frankfurt,19100,MERKUR SPIEL-ARENA,https://www.transfermarkt.de/spielbericht/index/spielbericht/958777
2009/10,19.10.2009,1.FC Union Berlin,SpVgg Greuther Fürth,14150,Stadion An der Alten Försterei,https://www.transfermarkt.de/spielbericht/index/spielbericht/958776
2009/10,23.10.2009,SpVgg Greuther Fürth,TuS Koblenz,5600,Sportpark Ronhof | Thomas Sommer,https://www.transfermarkt.de/spielbericht/index/spielbericht/958780
2009/10,23.10.2009,1.FC Kaiserslautern,Fortuna Düsseldorf,41491,Fritz-Walter-Stadion,https://www.transfermarkt.de/spielbericht/index/spielbericht/958782
2009/10,23.10.2009,Rot Weiss Ahlen,FC Augsburg,3458,Wersestadion,https://www.transfermarkt.de/spielbericht/index/spielbericht/958784
2009/10,24.10.2009,MSV Duisburg,FC Hansa Rostock,11134,MSV-Arena,https://www.transfermarkt.de/spielbericht/index/spielbericht/958781
2009/10,24.10.2009,FSV Frankfurt,TSV 1860 München,5027,PSD Bank Arena,https://www.transfermarkt.de/spielbericht/index/spielbericht/958785
2009/10,25.10.2009,Karlsruher SC,Rot-Weiß Oberhausen,17000,BBBank Wildpark,https://www.transfermarkt.de/spielbericht/index/spielbericht/958778
2009/10,25.10.2009,Alemannia Aachen,1.FC Union Berlin,26050,Tivoli,https://www.transfermarkt.de/spielbericht/index/spielbericht/958779
2009/10,25.10.2009,FC St. Pauli,FC Energie Cottbus,23201,Millerntor-Stadion,https://www.transfermarkt.de/spielbericht/index/spielbericht/958783
2009/10,26.10.2009,SC Paderborn 07,Arminia Bielefeld,15000,Home Deluxe Arena,https://www.transfermarkt.de/spielbericht/index/spielbericht/958786
2009/10,30.10.2009,Rot,Weiß Oberhausen - SC Paderborn 07,5412,Stadion Niederrhein,https://www.transfermarkt.de/spielbericht/index/spielbericht/958788
2009/10,30.10.2009,1.FC Union Berlin,FSV Frankfurt,13519,Stadion An der Alten Försterei,https://www.transfermarkt.de/spielbericht/index/spielbericht/958794
2009/10,30.10.2009,Fortuna Düsseldorf,Karlsruher SC,23950,MERKUR SPIEL-ARENA,https://www.transfermarkt.de/spielbericht/index/spielbericht/958795
2009/10,31.10.2009,Arminia Bielefeld,FC Energie Cottbus,14100,SchücoArena,https://www.transfermarkt.de/spielbericht/index/spielbericht/958787
2009/10,31.10.2009,Rot Weiss Ahlen,SpVgg Greuther Fürth,2920,Wersestadion,https://www.transfermarkt.de/spielbericht/index/spielbericht/958789
2009/10,01.11.2009,FC Augsburg,Alemannia Aachen,11879,WWK ARENA,https://www.transfermarkt.de/spielbericht/index/spielbericht/958790
2009/10,01.11.2009,TSV 1860 München,1.FC Kaiserslautern,24000,Allianz Arena,https://www.transfermarkt.de/spielbericht/index/spielbericht/958791
2009/10,01.11.2009,TuS Koblenz,MSV Duisburg,8149,Stadion Oberwerth,https://www.transfermarkt.de/spielbericht/index/spielbericht/958793
2009/10,02.11.2009,FC Hansa Rostock,FC St. Pauli,21500,Ostseestadion,https://www.transfermarkt.de/spielbericht/index/spielbericht/958792
2009/10,06.11.2009,1.FC Kaiserslautern,Rot-Weiß Oberhausen,26546,Fritz-Walter-Stadion,https://www.transfermarkt.de/spielbericht/index/spielbericht/958801
2009/10,06.11.2009,FC St. Pauli,Fortuna Düsseldorf,23254,Millerntor-Stadion,https://www.transfermarkt.de/spielbericht/index/spielbericht/958802
2009/10,06.11.2009,SC Paderborn 07,TuS Koblenz,6176,Home Deluxe Arena,https://www.transfermarkt.de/spielbericht/index/spielbericht/958804
2009/10,07.11.2009,SpVgg Greuther Fürth,FC Augsburg,6350,Sportpark Ronhof | Thomas Sommer,https://www.transfermarkt.de/spielbericht/index/spielbericht/958799
2009/10,07.11.2009,FSV Frankfurt,Arminia Bielefeld,4134,PSD Bank Arena,https://www.transfermarkt.de/spielbericht/index/spielbericht/958803
2009/10,08.11.2009,FC Energie Cottbus,TSV 1860 München,10900,LEAG Energie Stadion,https://www.transfermarkt.de/spielbericht/index/spielbericht/958796
2009/10,08.11.2009,Karlsruher SC,1.FC Union Berlin,17235,BBBank Wildpark,https://www.transfermarkt.de/spielbericht/index/spielbericht/958797
2009/10,08.11.2009,MSV Duisburg,Rot Weiss Ahlen,11288,MSV-Arena,https://www.transfermarkt.de/spielbericht/index/spielbericht/958800
2009/10,09.11.2009,Alemannia Aachen,FC Hansa Rostock,21274,Tivoli,https://www.transfermarkt.de/spielbericht/index/spielbericht/958798
2009/10,20.11.2009,Rot Weiss Ahlen,SC Paderborn 07,4318,Wersestadion,https://www.transfermarkt.de/spielbericht/index/spielbericht/958808
2009/10,20.11.2009,Fortuna Düsseldorf,FC Energie Cottbus,20100,MERKUR SPIEL-ARENA,https://www.transfermarkt.de/spielbericht/index/spielbericht/958813
2009/10,20.11.2009,Arminia Bielefeld,TSV 1860 München,18100,SchücoArena,https://www.transfermarkt.de/spielbericht/index/spielbericht/958805
2009/10,21.11.2009,Rot,Weiß Oberhausen - FSV Frankfurt,7183,Stadion Niederrhein,https://www.transfermarkt.de/spielbericht/index/spielbericht/958807
2009/10,21.11.2009,FC Hansa Rostock,Karlsruher SC,14000,Ostseestadion,https://www.transfermarkt.de/spielbericht/index/spielbericht/958810
2009/10,22.11.2009,SpVgg Greuther Fürth,MSV Duisburg,5650,Sportpark Ronhof | Thomas Sommer,https://www.transfermarkt.de/spielbericht/index/spielbericht/958806
2009/10,22.11.2009,FC Augsburg,FC St. Pauli,22272,WWK ARENA,https://www.transfermarkt.de/spielbericht/index/spielbericht/958809
2009/10,22.11.2009,TuS Koblenz,Alemannia Aachen,7599,Stadion Oberwerth,https://www.transfermarkt.de/spielbericht/index/spielbericht/958811
2009/10,23.11.2009,1.FC Union Berlin,1.FC Kaiserslautern,18950,Stadion An der Alten Försterei,https://www.transfermarkt.de/spielbericht/index/spielbericht/958812
2009/10,27.11.2009,Karlsruher SC,TuS Koblenz,15318,BBBank Wildpark,https://www.transfermarkt.de/spielbericht/index/spielbericht/958815
2009/10,27.11.2009,Alemannia Aachen,Rot Weiss Ahlen,21010,Tivoli,https://www.transfermarkt.de/spielbericht/index/spielbericht/958816
2009/10,27.11.2009,FSV Frankfurt,FC Hansa Rostock,4086,PSD Bank Arena,https://www.transfermarkt.de/spielbericht/index/spielbericht/958821
2009/10,28.11.2009,MSV Duisburg,FC Augsburg,10160,MSV-Arena,https://www.transfermarkt.de/spielbericht/index/spielbericht/958817
2009/10,28.11.2009,SC Paderborn 07,SpVgg Greuther Fürth,6054,Home Deluxe Arena,https://www.transfermarkt.de/spielbericht/index/spielbericht/958822
2009/10,29.11.2009,FC Energie Cottbus,Rot-Weiß Oberhausen,9160,LEAG Energie Stadion,https://www.transfermarkt.de/spielbericht/index/spielbericht/958814
2009/10,29.11.2009,FC St. Pauli,1.FC Union Berlin,19901,Millerntor-Stadion,https://www.transfermarkt.de/spielbericht/index/spielbericht/958819
2009/10,29.11.2009,TSV 1860 München,Fortuna Düsseldorf,22400,Allianz Arena,https://www.transfermarkt.de/spielbericht/index/spielbericht/958820
2009/10,30.11.2009,1.FC Kaiserslautern,Arminia Bielefeld,35042,Fritz-Walter-Stadion,https://www.transfermarkt.de/spielbericht/index/spielbericht/958818
2009/10,04.12.2009,FC Augsburg,FSV Frankfurt,10097,WWK ARENA,https://www.transfermarkt.de/spielbericht/index/spielbericht/958826
2009/10,04.12.2009,1.FC Union Berlin,FC Energie Cottbus,18212,Stadion An der Alten Försterei,https://www.transfermarkt.de/spielbericht/index/spielbericht/958829
2009/10,04.12.2009,Fortuna Düsseldorf,Arminia Bielefeld,30300,MERKUR SPIEL-ARENA,https://www.transfermarkt.de/spielbericht/index/spielbericht/958830
2009/10,05.12.2009,FC Hansa Rostock,1.FC Kaiserslautern,13000,Ostseestadion,https://www.transfermarkt.de/spielbericht/index/spielbericht/958827
2009/10,05.12.2009,TuS Koblenz,FC St. Pauli,8555,Stadion Oberwerth,https://www.transfermarkt.de/spielbericht/index/spielbericht/958828
2009/10,06.12.2009,Rot,Weiß Oberhausen - TSV 1860 München,4368,Stadion Niederrhein,https://www.transfermarkt.de/spielbericht/index/spielbericht/958824
2009/10,06.12.2009,Rot Weiss Ahlen,Karlsruher SC,5126,Wersestadion,https://www.transfermarkt.de/spielbericht/index/spielbericht/958825
2009/10,06.12.2009,SC Paderborn 07,MSV Duisburg,10048,Home Deluxe Arena,https://www.transfermarkt.de/spielbericht/index/spielbericht/958831
2009/10,07.12.2009,SpVgg Greuther Fürth,Alemannia Aachen,4750,Sportpark Ronhof | Thomas Sommer,https://www.transfermarkt.de/spielbericht/index/spielbericht/958823
2009/10,11.12.2009,Karlsruher SC,MSV Duisburg,16904,BBBank Wildpark,https://www.transfermarkt.de/spielbericht/index/spielbericht/958833
2009/10,11.12.2009,Alemannia Aachen,SC Paderborn 07,21128,Tivoli,https://www.transfermarkt.de/spielbericht/index/spielbericht/958835
2009/10,11.12.2009,1.FC Kaiserslautern,TuS Koblenz,35789,Fritz-Walter-Stadion,https://www.transfermarkt.de/spielbericht/index/spielbericht/958836
2009/10,12.12.2009,TSV 1860 München,FC Augsburg,37100,Allianz Arena,https://www.transfermarkt.de/spielbericht/index/spielbericht/958838
2009/10,12.12.2009,FSV Frankfurt,Rot Weiss Ahlen,4134,PSD Bank Arena,https://www.transfermarkt.de/spielbericht/index/spielbericht/958839
2009/10,13.12.2009,Arminia Bielefeld,1.FC Union Berlin,16900,SchücoArena,https://www.transfermarkt.de/spielbericht/index/spielbericht/958834
2009/10,13.12.2009,FC St. Pauli,SpVgg Greuther Fürth,19417,Millerntor-Stadion,https://www.transfermarkt.de/spielbericht/index/spielbericht/958837
2009/10,13.12.2009,Fortuna Düsseldorf,Rot-Weiß Oberhausen,32495,MERKUR SPIEL-ARENA,https://www.transfermarkt.de/spielbericht/index/spielbericht/958840
2009/10,14.12.2009,FC Energie Cottbus,FC Hansa Rostock,13311,LEAG Energie Stadion,https://www.transfermarkt.de/spielbericht/index/spielbericht/958832
2009/10,18.12.2009,MSV Duisburg,Alemannia Aachen,16288,MSV-Arena,https://www.transfermarkt.de/spielbericht/index/spielbericht/958842
2009/10,18.12.2009,Rot Weiss Ahlen,FC Energie Cottbus,2912,Wersestadion,https://www.transfermarkt.de/spielbericht/index/spielbericht/958844
2009/10,18.12.2009,TuS Koblenz,FSV Frankfurt,5833,Stadion Oberwerth,https://www.transfermarkt.de/spielbericht/index/spielbericht/958847
2009/10,19.12.2009,SpVgg Greuther Fürth,Karlsruher SC,4650,Sportpark Ronhof | Thomas Sommer,https://www.transfermarkt.de/spielbericht/index/spielbericht/958841
2009/10,19.12.2009,FC Hansa Rostock,Fortuna Düsseldorf,13000,Ostseestadion,https://www.transfermarkt.de/spielbericht/index/spielbericht/958846
2009/10,20.12.2009,Rot,Weiß Oberhausen - Arminia Bielefeld,4629,Stadion Niederrhein,https://www.transfermarkt.de/spielbericht/index/spielbericht/958843
2009/10,20.12.2009,1.FC Union Berlin,TSV 1860 München,15467,Stadion An der Alten Försterei,https://www.transfermarkt.de/spielbericht/index/spielbericht/958848
2009/10,20.12.2009,SC Paderborn 07,FC St. Pauli,13041,Home Deluxe Arena,https://www.transfermarkt.de/spielbericht/index/spielbericht/958849
2009/10,21.12.2009,FC Augsburg,1.FC Kaiserslautern,23134,WWK ARENA,https://www.transfermarkt.de/spielbericht/index/spielbericht/958845
2009/10,15.01.2010,1.FC Union Berlin,Rot-Weiß Oberhausen,9118,Stadion An der Alten Försterei,https://www.transfermarkt.de/spielbericht/index/spielbericht/958855
2009/10,15.01.2010,Alemannia Aachen,Karlsruher SC,19225,Tivoli,https://www.transfermarkt.de/spielbericht/index/spielbericht/958857
2009/10,15.01.2010,SC Paderborn 07,Fortuna Düsseldorf,8980,Home Deluxe Arena,https://www.transfermarkt.de/spielbericht/index/spielbericht/958858
2009/10,16.01.2010,SpVgg Greuther Fürth,1.FC Kaiserslautern,7350,Sportpark Ronhof | Thomas Sommer,https://www.transfermarkt.de/spielbericht/index/spielbericht/958850
2009/10,16.01.2010,Rot Weiss Ahlen,FC St. Pauli,6322,Wersestadion,https://www.transfermarkt.de/spielbericht/index/spielbericht/958854
2009/10,17.01.2010,MSV Duisburg,FSV Frankfurt,10107,MSV-Arena,https://www.transfermarkt.de/spielbericht/index/spielbericht/958851
2009/10,17.01.2010,FC Augsburg,FC Energie Cottbus,12288,WWK ARENA,https://www.transfermarkt.de/spielbericht/index/spielbericht/958853
2009/10,17.01.2010,TuS Koblenz,TSV 1860 München,6128,Stadion Oberwerth,https://www.transfermarkt.de/spielbericht/index/spielbericht/958856
2009/10,18.01.2010,FC Hansa Rostock,Arminia Bielefeld,7000,Ostseestadion,https://www.transfermarkt.de/spielbericht/index/spielbericht/958852
2009/10,22.01.2010,FSV Frankfurt,SpVgg Greuther Fürth,3045,PSD Bank Arena,https://www.transfermarkt.de/spielbericht/index/spielbericht/958860
2009/10,22.01.2010,TSV 1860 München,FC Hansa Rostock,16800,Allianz Arena,https://www.transfermarkt.de/spielbericht/index/spielbericht/958864
2009/10,22.01.2010,Fortuna Düsseldorf,1.FC Union Berlin,25300,MERKUR SPIEL-ARENA,https://www.transfermarkt.de/spielbericht/index/spielbericht/958866
2009/10,23.01.2010,FC St. Pauli,Alemannia Aachen,19630,Millerntor-Stadion,https://www.transfermarkt.de/spielbericht/index/spielbericht/958859
2009/10,23.01.2010,1.FC Kaiserslautern,Rot Weiss Ahlen,24472,Fritz-Walter-Stadion,https://www.transfermarkt.de/spielbericht/index/spielbericht/958862
2009/10,24.01.2010,Rot,Weiß Oberhausen - FC Augsburg,3896,Stadion Niederrhein,https://www.transfermarkt.de/spielbericht/index/spielbericht/958863
2009/10,24.01.2010,Arminia Bielefeld,TuS Koblenz,10600,SchücoArena,https://www.transfermarkt.de/spielbericht/index/spielbericht/958865
2009/10,24.01.2010,Karlsruher SC,SC Paderborn 07,14571,BBBank Wildpark,https://www.transfermarkt.de/spielbericht/index/spielbericht/958867
2009/10,25.01.2010,FC Energie Cottbus,MSV Duisburg,6188,LEAG Energie Stadion,https://www.transfermarkt.de/spielbericht/index/spielbericht/958861
2009/10,29.01.2010,SpVgg Greuther Fürth,FC Energie Cottbus,5150,Sportpark Ronhof | Thomas Sommer,https://www.transfermarkt.de/spielbericht/index/spielbericht/958868
2009/10,29.01.2010,MSV Duisburg,FC St. Pauli,16446,MSV-Arena,https://www.transfermarkt.de/spielbericht/index/spielbericht/958871
2009/10,29.01.2010,TuS Koblenz,Fortuna Düsseldorf,8903,Stadion Oberwerth,https://www.transfermarkt.de/spielbericht/index/spielbericht/958876
2009/10,30.01.2010,FC Augsburg,Arminia Bielefeld,15477,WWK ARENA,https://www.transfermarkt.de/spielbericht/index/spielbericht/958869
2009/10,31.01.2010,Rot Weiss Ahlen,Rot-Weiß Oberhausen,4127,Wersestadion,https://www.transfermarkt.de/spielbericht/index/spielbericht/958872
2009/10,31.01.2010,SC Paderborn 07,FSV Frankfurt,5321,Home Deluxe Arena,https://www.transfermarkt.de/spielbericht/index/spielbericht/958874
2009/10,01.02.2010,Alemannia Aachen,1.FC Kaiserslautern,21135,Tivoli,https://www.transfermarkt.de/spielbericht/index/spielbericht/958870
2009/10,17.02.2010,Karlsruher SC,TSV 1860 München,16173,BBBank Wildpark,https://www.transfermarkt.de/spielbericht/index/spielbericht/958873
2009/10,24.02.2010,FC Hansa Rostock,1.FC Union Berlin,17000,Ostseestadion,https://www.transfermarkt.de/spielbericht/index/spielbericht/958875
2009/10,05.02.2010,FC St. Pauli,Karlsruher SC,19980,Millerntor-Stadion,https://www.transfermarkt.de/spielbericht/index/spielbericht/958877
2009/10,05.02.2010,Arminia Bielefeld,SpVgg Greuther Fürth,11100,SchücoArena,https://www.transfermarkt.de/spielbericht/index/spielbericht/958879
2009/10,05.02.2010,Rot,Weiß Oberhausen - FC Hansa Rostock,4546,Stadion Niederrhein,https://www.transfermarkt.de/spielbericht/index/spielbericht/958883
2009/10,06.02.2010,1.FC Union Berlin,FC Augsburg,12168,Stadion An der Alten Försterei,https://www.transfermarkt.de/spielbericht/index/spielbericht/958882
2009/10,06.02.2010,FC Energie Cottbus,TuS Koblenz,8218,LEAG Energie Stadion,https://www.transfermarkt.de/spielbericht/index/spielbericht/958884
2009/10,07.02.2010,FSV Frankfurt,Alemannia Aachen,3168,PSD Bank Arena,https://www.transfermarkt.de/spielbericht/index/spielbericht/958878
2009/10,07.02.2010,Fortuna Düsseldorf,MSV Duisburg,48250,MERKUR SPIEL-ARENA,https://www.transfermarkt.de/spielbericht/index/spielbericht/958880
2009/10,07.02.2010,1.FC Kaiserslautern,SC Paderborn 07,25880,Fritz-Walter-Stadion,https://www.transfermarkt.de/spielbericht/index/spielbericht/958885
2009/10,08.02.2010,TSV 1860 München,Rot Weiss Ahlen,14800,Allianz Arena,https://www.transfermarkt.de/spielbericht/index/spielbericht/958881
2009/10,12.02.2010,Rot Weiss Ahlen,Arminia Bielefeld,5212,Wersestadion,https://www.transfermarkt.de/spielbericht/index/spielbericht/958887
2009/10,12.02.2010,FC St. Pauli,FSV Frankfurt,19901,Millerntor-Stadion,https://www.transfermarkt.de/spielbericht/index/spielbericht/958892
2009/10,12.02.2010,SC Paderborn 07,1.FC Union Berlin,5937,Home Deluxe Arena,https://www.transfermarkt.de/spielbericht/index/spielbericht/958893
2009/10,13.02.2010,Karlsruher SC,FC Energie Cottbus,13672,BBBank Wildpark,https://www.transfermarkt.de/spielbericht/index/spielbericht/958886
2009/10,13.02.2010,Alemannia Aachen,Rot-Weiß Oberhausen,19115,Tivoli,https://www.transfermarkt.de/spielbericht/index/spielbericht/958889
2009/10,14.02.2010,SpVgg Greuther Fürth,TSV 1860 München,7850,Sportpark Ronhof | Thomas Sommer,https://www.transfermarkt.de/spielbericht/index/spielbericht/958890
2009/10,14.02.2010,TuS Koblenz,FC Hansa Rostock,6556,Stadion Oberwerth,https://www.transfermarkt.de/spielbericht/index/spielbericht/958891
2009/10,14.02.2010,FC Augsburg,Fortuna Düsseldorf,15486,WWK ARENA,https://www.transfermarkt.de/spielbericht/index/spielbericht/958894
2009/10,15.02.2010,MSV Duisburg,1.FC Kaiserslautern,14008,MSV-Arena,https://www.transfermarkt.de/spielbericht/index/spielbericht/958888
2009/10,19.02.2010,Arminia Bielefeld,MSV Duisburg,13400,SchücoArena,https://www.transfermarkt.de/spielbericht/index/spielbericht/958898
2009/10,19.02.2010,Fortuna Düsseldorf,Rot Weiss Ahlen,18500,MERKUR SPIEL-ARENA,https://www.transfermarkt.de/spielbericht/index/spielbericht/958900
2009/10,19.02.2010,1.FC Union Berlin,TuS Koblenz,10046,Stadion An der Alten Försterei,https://www.transfermarkt.de/spielbericht/index/spielbericht/958902
2009/10,20.02.2010,TSV 1860 München,Alemannia Aachen,16200,Allianz Arena,https://www.transfermarkt.de/spielbericht/index/spielbericht/958896
2009/10,20.02.2010,FC Hansa Rostock,FC Augsburg,8000,Ostseestadion,https://www.transfermarkt.de/spielbericht/index/spielbericht/958901
2009/10,21.02.2010,FSV Frankfurt,Karlsruher SC,4598,PSD Bank Arena,https://www.transfermarkt.de/spielbericht/index/spielbericht/958895
2009/10,21.02.2010,Rot,Weiß Oberhausen - SpVgg Greuther Fürth,4124,Stadion Niederrhein,https://www.transfermarkt.de/spielbericht/index/spielbericht/958897
2009/10,21.02.2010,FC Energie Cottbus,SC Paderborn 07,8940,LEAG Energie Stadion,https://www.transfermarkt.de/spielbericht/index/spielbericht/958903
2009/10,22.02.2010,1.FC Kaiserslautern,FC St. Pauli,43687,Fritz-Walter-Stadion,https://www.transfermarkt.de/spielbericht/index/spielbericht/958899
2009/10,26.02.2010,MSV Duisburg,Rot-Weiß Oberhausen,17844,MSV-Arena,https://www.transfermarkt.de/spielbericht/index/spielbericht/958907
2009/10,26.02.2010,SC Paderborn 07,TSV 1860 München,7081,Home Deluxe Arena,https://www.transfermarkt.de/spielbericht/index/spielbericht/958909
2009/10,27.02.2010,TuS Koblenz,FC Augsburg,6585,Stadion Oberwerth,https://www.transfermarkt.de/spielbericht/index/spielbericht/958908
2009/10,27.02.2010,SpVgg Greuther Fürth,FC Hansa Rostock,6050,Sportpark Ronhof | Thomas Sommer,https://www.transfermarkt.de/spielbericht/index/spielbericht/958910
2009/10,28.02.2010,FC St. Pauli,Arminia Bielefeld,19901,Millerntor-Stadion,https://www.transfermarkt.de/spielbericht/index/spielbericht/958905
2009/10,28.02.2010,Karlsruher SC,1.FC Kaiserslautern,28400,BBBank Wildpark,https://www.transfermarkt.de/spielbericht/index/spielbericht/958906
2009/10,28.02.2010,Rot Weiss Ahlen,1.FC Union Berlin,3820,Wersestadion,https://www.transfermarkt.de/spielbericht/index/spielbericht/958911
2009/10,01.03.2010,Alemannia Aachen,Fortuna Düsseldorf,27031,Tivoli,https://www.transfermarkt.de/spielbericht/index/spielbericht/958912
2009/10,05.03.2010,FC Hansa Rostock,Rot Weiss Ahlen,7500,Ostseestadion,https://www.transfermarkt.de/spielbericht/index/spielbericht/958918
2009/10,06.03.2010,FC Energie Cottbus,Alemannia Aachen,7381,LEAG Energie Stadion,https://www.transfermarkt.de/spielbericht/index/spielbericht/958914
2009/10,06.03.2010,1.FC Kaiserslautern,FSV Frankfurt,28224,Fritz-Walter-Stadion,https://www.transfermarkt.de/spielbericht/index/spielbericht/958920
2009/10,07.03.2010,1.FC Union Berlin,MSV Duisburg,13357,Stadion An der Alten Försterei,https://www.transfermarkt.de/spielbericht/index/spielbericht/958916
2009/10,07.03.2010,TSV 1860 München,FC St. Pauli,27700,Allianz Arena,https://www.transfermarkt.de/spielbericht/index/spielbericht/958917
2009/10,07.03.2010,FC Augsburg,SC Paderborn 07,27825,WWK ARENA,https://www.transfermarkt.de/spielbericht/index/spielbericht/958921
2009/10,08.03.2010,Arminia Bielefeld,Karlsruher SC,12500,SchücoArena,https://www.transfermarkt.de/spielbericht/index/spielbericht/958913
2009/10,12.03.2010,Alemannia Aachen,Arminia Bielefeld,19132,Tivoli,https://www.transfermarkt.de/spielbericht/index/spielbericht/958923
2009/10,12.03.2010,Rot Weiss Ahlen,TuS Koblenz,4103,Wersestadion,https://www.transfermarkt.de/spielbericht/index/spielbericht/958928
2009/10,12.03.2010,SpVgg Greuther Fürth,1.FC Union Berlin,5450,Sportpark Ronhof | Thomas Sommer,https://www.transfermarkt.de/spielbericht/index/spielbericht/958929
2009/10,13.03.2010,Karlsruher SC,FC Augsburg,15705,BBBank Wildpark,https://www.transfermarkt.de/spielbericht/index/spielbericht/958925
2009/10,13.03.2010,FSV Frankfurt,Fortuna Düsseldorf,7034,Frankfurter Volksbank Stadion,https://www.transfermarkt.de/spielbericht/index/spielbericht/958930
2009/10,14.03.2010,1.FC Kaiserslautern,FC Energie Cottbus,33405,Fritz-Walter-Stadion,https://www.transfermarkt.de/spielbericht/index/spielbericht/958922
2009/10,14.03.2010,FC St. Pauli,Rot-Weiß Oberhausen,19901,Millerntor-Stadion,https://www.transfermarkt.de/spielbericht/index/spielbericht/958924
2009/10,14.03.2010,SC Paderborn 07,FC Hansa Rostock,9373,Home Deluxe Arena,https://www.transfermarkt.de/spielbericht/index/spielbericht/958927
2009/10,15.03.2010,MSV Duisburg,TSV 1860 München,12254,MSV-Arena,https://www.transfermarkt.de/spielbericht/index/spielbericht/958926
2009/10,19.03.2010,TuS Koblenz,SpVgg Greuther Fürth,6796,Stadion Oberwerth,https://www.transfermarkt.de/spielbericht/index/spielbericht/958933
2009/10,19.03.2010,FC Hansa Rostock,MSV Duisburg,10500,Ostseestadion,https://www.transfermarkt.de/spielbericht/index/spielbericht/958934
2009/10,19.03.2010,FC Energie Cottbus,FC St. Pauli,12390,LEAG Energie Stadion,https://www.transfermarkt.de/spielbericht/index/spielbericht/958936
2009/10,20.03.2010,FC Augsburg,Rot Weiss Ahlen,21850,WWK ARENA,https://www.transfermarkt.de/spielbericht/index/spielbericht/958937
2009/10,20.03.2010,Arminia Bielefeld,SC Paderborn 07,19300,SchücoArena,https://www.transfermarkt.de/spielbericht/index/spielbericht/958939
2009/10,21.03.2010,Rot,Weiß Oberhausen - Karlsruher SC,4768,Stadion Niederrhein,https://www.transfermarkt.de/spielbericht/index/spielbericht/958931
2009/10,21.03.2010,1.FC Union Berlin,Alemannia Aachen,12057,Stadion An der Alten Försterei,https://www.transfermarkt.de/spielbericht/index/spielbericht/958932
2009/10,21.03.2010,TSV 1860 München,FSV Frankfurt,13150,Allianz Arena,https://www.transfermarkt.de/spielbericht/index/spielbericht/958938
2009/10,22.03.2010,Fortuna Düsseldorf,1.FC Kaiserslautern,35100,MERKUR SPIEL-ARENA,https://www.transfermarkt.de/spielbericht/index/spielbericht/958935
2009/10,26.03.2010,SC Paderborn 07,Rot-Weiß Oberhausen,5460,Home Deluxe Arena,https://www.transfermarkt.de/spielbericht/index/spielbericht/958941
2009/10,26.03.2010,MSV Duisburg,TuS Koblenz,11684,MSV-Arena,https://www.transfermarkt.de/spielbericht/index/spielbericht/958946
2009/10,26.03.2010,FSV Frankfurt,1.FC Union Berlin,3542,PSD Bank Arena,https://www.transfermarkt.de/spielbericht/index/spielbericht/958947
2009/10,27.03.2010,FC Energie Cottbus,Arminia Bielefeld,7990,LEAG Energie Stadion,https://www.transfermarkt.de/spielbericht/index/spielbericht/958940
2009/10,27.03.2010,Karlsruher SC,Fortuna Düsseldorf,16473,BBBank Wildpark,https://www.transfermarkt.de/spielbericht/index/spielbericht/958948
2009/10,28.03.2010,SpVgg Greuther Fürth,Rot Weiss Ahlen,5100,Sportpark Ronhof | Thomas Sommer,https://www.transfermarkt.de/spielbericht/index/spielbericht/958942
2009/10,28.03.2010,Alemannia Aachen,FC Augsburg,20027,Tivoli,https://www.transfermarkt.de/spielbericht/index/spielbericht/958943
2009/10,28.03.2010,FC St. Pauli,FC Hansa Rostock,19146,Millerntor-Stadion,https://www.transfermarkt.de/spielbericht/index/spielbericht/958945
2009/10,29.03.2010,1.FC Kaiserslautern,TSV 1860 München,39690,Fritz-Walter-Stadion,https://www.transfermarkt.de/spielbericht/index/spielbericht/958944
2009/10,03.04.2010,1.FC Union Berlin,Karlsruher SC,12670,Stadion An der Alten Försterei,https://www.transfermarkt.de/spielbericht/index/spielbericht/958950
2009/10,03.04.2010,Rot Weiss Ahlen,MSV Duisburg,3953,Wersestadion,https://www.transfermarkt.de/spielbericht/index/spielbericht/958953
2009/10,04.04.2010,TSV 1860 München,FC Energie Cottbus,17800,Allianz Arena,https://www.transfermarkt.de/spielbericht/index/spielbericht/958949
2009/10,04.04.2010,FC Hansa Rostock,Alemannia Aachen,14500,Ostseestadion,https://www.transfermarkt.de/spielbericht/index/spielbericht/958951
2009/10,04.04.2010,FC Augsburg,SpVgg Greuther Fürth,17561,WWK ARENA,https://www.transfermarkt.de/spielbericht/index/spielbericht/958952
2009/10,04.04.2010,Rot,Weiß Oberhausen - 1.FC Kaiserslautern,10080,Stadion Niederrhein,https://www.transfermarkt.de/spielbericht/index/spielbericht/958954
2009/10,04.04.2010,Arminia Bielefeld,FSV Frankfurt,9500,SchücoArena,https://www.transfermarkt.de/spielbericht/index/spielbericht/958956
2009/10,04.04.2010,TuS Koblenz,SC Paderborn 07,6712,Stadion Oberwerth,https://www.transfermarkt.de/spielbericht/index/spielbericht/958957
2009/10,05.04.2010,Fortuna Düsseldorf,FC St. Pauli,47200,MERKUR SPIEL-ARENA,https://www.transfermarkt.de/spielbericht/index/spielbericht/958955
2009/10,09.04.2010,TSV 1860 München,Arminia Bielefeld,17400,Allianz Arena,https://www.transfermarkt.de/spielbericht/index/spielbericht/958958
2009/10,09.04.2010,SC Paderborn 07,Rot Weiss Ahlen,6451,Home Deluxe Arena,https://www.transfermarkt.de/spielbericht/index/spielbericht/958961
2009/10,09.04.2010,Alemannia Aachen,TuS Koblenz,19313,Tivoli,https://www.transfermarkt.de/spielbericht/index/spielbericht/958964
2009/10,10.04.2010,1.FC Kaiserslautern,1.FC Union Berlin,41144,Fritz-Walter-Stadion,https://www.transfermarkt.de/spielbericht/index/spielbericht/958965
2009/10,10.04.2010,FC Energie Cottbus,Fortuna Düsseldorf,10215,LEAG Energie Stadion,https://www.transfermarkt.de/spielbericht/index/spielbericht/958966
2009/10,11.04.2010,MSV Duisburg,SpVgg Greuther Fürth,13341,MSV-Arena,https://www.transfermarkt.de/spielbericht/index/spielbericht/958959
2009/10,11.04.2010,FSV Frankfurt,Rot-Weiß Oberhausen,4235,PSD Bank Arena,https://www.transfermarkt.de/spielbericht/index/spielbericht/958960
2009/10,11.04.2010,Karlsruher SC,FC Hansa Rostock,17089,BBBank Wildpark,https://www.transfermarkt.de/spielbericht/index/spielbericht/958963
2009/10,12.04.2010,FC St. Pauli,FC Augsburg,19901,Millerntor-Stadion,https://www.transfermarkt.de/spielbericht/index/spielbericht/958962
2009/10,16.04.2010,TuS Koblenz,Karlsruher SC,9255,Stadion Oberwerth,https://www.transfermarkt.de/spielbericht/index/spielbericht/958968
2009/10,16.04.2010,FC Augsburg,MSV Duisburg,20348,WWK ARENA,https://www.transfermarkt.de/spielbericht/index/spielbericht/958970
2009/10,16.04.2010,SpVgg Greuther Fürth,SC Paderborn 07,5450,Sportpark Ronhof | Thomas Sommer,https://www.transfermarkt.de/spielbericht/index/spielbericht/958975
2009/10,17.04.2010,1.FC Union Berlin,FC St. Pauli,19000,Stadion An der Alten Försterei,https://www.transfermarkt.de/spielbericht/index/spielbericht/958972
2009/10,17.04.2010,FC Hansa Rostock,FSV Frankfurt,18000,Ostseestadion,https://www.transfermarkt.de/spielbericht/index/spielbericht/958974
2009/10,18.04.2010,Rot,Weiß Oberhausen - FC Energie Cottbus,5258,Stadion Niederrhein,https://www.transfermarkt.de/spielbericht/index/spielbericht/958967
2009/10,18.04.2010,Rot Weiss Ahlen,Alemannia Aachen,3500,Wersestadion,https://www.transfermarkt.de/spielbericht/index/spielbericht/958969
2009/10,18.04.2010,Fortuna Düsseldorf,TSV 1860 München,26500,MERKUR SPIEL-ARENA,https://www.transfermarkt.de/spielbericht/index/spielbericht/958973
2009/10,19.04.2010,Arminia Bielefeld,1.FC Kaiserslautern,12700,SchücoArena,https://www.transfermarkt.de/spielbericht/index/spielbericht/958971
2009/10,23.04.2010,Karlsruher SC,Rot Weiss Ahlen,15904,BBBank Wildpark,https://www.transfermarkt.de/spielbericht/index/spielbericht/958978
2009/10,23.04.2010,1.FC Kaiserslautern,FC Hansa Rostock,50000,Fritz-Walter-Stadion,https://www.transfermarkt.de/spielbericht/index/spielbericht/958980
2009/10,23.04.2010,FC St. Pauli,TuS Koblenz,19901,Millerntor-Stadion,https://www.transfermarkt.de/spielbericht/index/spielbericht/958981
2009/10,24.04.2010,Alemannia Aachen,SpVgg Greuther Fürth,18429,Tivoli,https://www.transfermarkt.de/spielbericht/index/spielbericht/958976
2009/10,24.04.2010,MSV Duisburg,SC Paderborn 07,11765,MSV-Arena,https://www.transfermarkt.de/spielbericht/index/spielbericht/958984
2009/10,25.04.2010,TSV 1860 München,Rot-Weiß Oberhausen,16900,Allianz Arena,https://www.transfermarkt.de/spielbericht/index/spielbericht/958977
2009/10,25.04.2010,FSV Frankfurt,FC Augsburg,6382,PSD Bank Arena,https://www.transfermarkt.de/spielbericht/index/spielbericht/958979
2009/10,25.04.2010,Arminia Bielefeld,Fortuna Düsseldorf,13900,SchücoArena,https://www.transfermarkt.de/spielbericht/index/spielbericht/958983
2009/10,26.04.2010,FC Energie Cottbus,1.FC Union Berlin,15140,LEAG Energie Stadion,https://www.transfermarkt.de/spielbericht/index/spielbericht/958982
2009/10,02.05.2010,FC Hansa Rostock,FC Energie Cottbus,25000,Ostseestadion,https://www.transfermarkt.de/spielbericht/index/spielbericht/958985
2009/10,02.05.2010,MSV Duisburg,Karlsruher SC,13301,MSV-Arena,https://www.transfermarkt.de/spielbericht/index/spielbericht/958986
2009/10,02.05.2010,1.FC Union Berlin,Arminia Bielefeld,17024,Stadion An der Alten Försterei,https://www.transfermarkt.de/spielbericht/index/spielbericht/958987
2009/10,02.05.2010,SC Paderborn 07,Alemannia Aachen,9220,Home Deluxe Arena,https://www.transfermarkt.de/spielbericht/index/spielbericht/958988
2009/10,02.05.2010,TuS Koblenz,1.FC Kaiserslautern,15000,Stadion Oberwerth,https://www.transfermarkt.de/spielbericht/index/spielbericht/958989
2009/10,02.05.2010,SpVgg Greuther Fürth,FC St. Pauli,15000,Sportpark Ronhof | Thomas Sommer,https://www.transfermarkt.de/spielbericht/index/spielbericht/958990
2009/10,02.05.2010,FC Augsburg,TSV 1860 München,30660,WWK ARENA,https://www.transfermarkt.de/spielbericht/index/spielbericht/958991
2009/10,02.05.2010,Rot Weiss Ahlen,FSV Frankfurt,2920,Wersestadion,https://www.transfermarkt.de/spielbericht/index/spielbericht/958992
2009/10,02.05.2010,Rot,Weiß Oberhausen - Fortuna Düsseldorf,14948,Stadion Niederrhein,https://www.transfermarkt.de/spielbericht/index/spielbericht/958993
2009/10,09.05.2010,Karlsruher SC,SpVgg Greuther Fürth,18621,BBBank Wildpark,https://www.transfermarkt.de/spielbericht/index/spielbericht/958994
2009/10,09.05.2010,Alemannia Aachen,MSV Duisburg,22507,Tivoli,https://www.transfermarkt.de/spielbericht/index/spielbericht/958995
2009/10,09.05.2010,Arminia Bielefeld,Rot-Weiß Oberhausen,14300,SchücoArena,https://www.transfermarkt.de/spielbericht/index/spielbericht/958996
2009/10,09.05.2010,FC Energie Cottbus,Rot Weiss Ahlen,13030,LEAG Energie Stadion,https://www.transfermarkt.de/spielbericht/index/spielbericht/958997
2009/10,09.05.2010,1.FC Kaiserslautern,FC Augsburg,50300,Fritz-Walter-Stadion,https://www.transfermarkt.de/spielbericht/index/spielbericht/958998
2009/10,09.05.2010,Fortuna Düsseldorf,FC Hansa Rostock,37407,MERKUR SPIEL-ARENA,https://www.transfermarkt.de/spielbericht/index/spielbericht/958999
2009/10,09.05.2010,FSV Frankfurt,TuS Koblenz,7012,PSD Bank Arena,https://www.transfermarkt.de/spielbericht/index/spielbericht/959000
2009/10,09.05.2010,TSV 1860 München,1.FC Union Berlin,26000,Allianz Arena,https://www.transfermarkt.de/spielbericht/index/spielbericht/959001
2009/10,09.05.2010,FC St. Pauli,SC Paderborn 07,19901,Millerntor-Stadion,https://www.transfermarkt.de/spielbericht/index/spielbericht/959002
2010/11,20.08.2010,Hertha BSC,Rot-Weiß Oberhausen,48385,Olympiastadion Berlin,https://www.transfermarkt.de/spielbericht/index/spielbericht/1039703
2010/11,20.08.2010,Alemannia Aachen,1.FC Union Berlin,20021,Tivoli,https://www.transfermarkt.de/spielbericht/index/spielbericht/1039704
2010/11,20.08.2010,FSV Frankfurt,Arminia Bielefeld,3807,PSD Bank Arena,https://www.transfermarkt.de/spielbericht/index/spielbericht/1039705
2010/11,21.08.2010,SC Paderborn 07,FC Erzgebirge Aue,6176,Home Deluxe Arena,https://www.transfermarkt.de/spielbericht/index/spielbericht/1039706
2010/11,21.08.2010,FC Ingolstadt 04,FC Augsburg,12035,Audi Sportpark,https://www.transfermarkt.de/spielbericht/index/spielbericht/1039707
2010/11,22.08.2010,FC Energie Cottbus,Fortuna Düsseldorf,13390,LEAG Energie Stadion,https://www.transfermarkt.de/spielbericht/index/spielbericht/1039708
2010/11,22.08.2010,SpVgg Greuther Fürth,Karlsruher SC,7450,Sportpark Ronhof | Thomas Sommer,https://www.transfermarkt.de/spielbericht/index/spielbericht/1039709
2010/11,22.08.2010,VfL Osnabrück,MSV Duisburg,14600,Bremer Brücke,https://www.transfermarkt.de/spielbericht/index/spielbericht/1039710
2010/11,23.08.2010,VfL Bochum,TSV 1860 München,12118,Vonovia Ruhrstadion,https://www.transfermarkt.de/spielbericht/index/spielbericht/1039711
2010/11,27.08.2010,FC Augsburg,SC Paderborn 07,14134,WWK ARENA,https://www.transfermarkt.de/spielbericht/index/spielbericht/1039712
2010/11,27.08.2010,Rot,Weiß Oberhausen - FSV Frankfurt,4434,Stadion Niederrhein,https://www.transfermarkt.de/spielbericht/index/spielbericht/1039713
2010/11,27.08.2010,FC Erzgebirge Aue,VfL Bochum,10500,eins Erzgebirgsstadion,https://www.transfermarkt.de/spielbericht/index/spielbericht/1039714
2010/11,28.08.2010,MSV Duisburg,FC Ingolstadt 04,11117,MSV-Arena,https://www.transfermarkt.de/spielbericht/index/spielbericht/1039715
2010/11,28.08.2010,1.FC Union Berlin,SpVgg Greuther Fürth,11780,Stadion An der Alten Försterei,https://www.transfermarkt.de/spielbericht/index/spielbericht/1039716
2010/11,29.08.2010,Arminia Bielefeld,FC Energie Cottbus,11443,SchücoArena,https://www.transfermarkt.de/spielbericht/index/spielbericht/1039717
2010/11,29.08.2010,TSV 1860 München,VfL Osnabrück,21300,Allianz Arena,https://www.transfermarkt.de/spielbericht/index/spielbericht/1039718
2010/11,29.08.2010,Karlsruher SC,Alemannia Aachen,13637,BBBank Wildpark,https://www.transfermarkt.de/spielbericht/index/spielbericht/1039719
2010/11,30.08.2010,Fortuna Düsseldorf,Hertha BSC,30629,MERKUR SPIEL-ARENA,https://www.transfermarkt.de/spielbericht/index/spielbericht/1039720
2010/11,10.09.2010,SC Paderborn 07,1.FC Union Berlin,7115,Home Deluxe Arena,https://www.transfermarkt.de/spielbericht/index/spielbericht/1042346
2010/11,10.09.2010,VfL Osnabrück,FC Erzgebirge Aue,13200,Bremer Brücke,https://www.transfermarkt.de/spielbericht/index/spielbericht/1042347
2010/11,10.09.2010,FC Ingolstadt 04,Rot-Weiß Oberhausen,5250,Audi Sportpark,https://www.transfermarkt.de/spielbericht/index/spielbericht/1042348
2010/11,11.09.2010,MSV Duisburg,TSV 1860 München,13077,MSV-Arena,https://www.transfermarkt.de/spielbericht/index/spielbericht/1042349
2010/11,11.09.2010,FSV Frankfurt,Fortuna Düsseldorf,5613,PSD Bank Arena,https://www.transfermarkt.de/spielbericht/index/spielbericht/1042350
2010/11,12.09.2010,VfL Bochum,FC Augsburg,14723,Vonovia Ruhrstadion,https://www.transfermarkt.de/spielbericht/index/spielbericht/1042351
2010/11,12.09.2010,Hertha BSC,Arminia Bielefeld,47726,Olympiastadion Berlin,https://www.transfermarkt.de/spielbericht/index/spielbericht/1042352
2010/11,12.09.2010,SpVgg Greuther Fürth,Alemannia Aachen,8250,Sportpark Ronhof | Thomas Sommer,https://www.transfermarkt.de/spielbericht/index/spielbericht/1042353
2010/11,13.09.2010,FC Energie Cottbus,Karlsruher SC,9875,LEAG Energie Stadion,https://www.transfermarkt.de/spielbericht/index/spielbericht/1042354
2010/11,17.09.2010,SpVgg Greuther Fürth,FSV Frankfurt,5850,Sportpark Ronhof | Thomas Sommer,https://www.transfermarkt.de/spielbericht/index/spielbericht/1042359
2010/11,17.09.2010,1.FC Union Berlin,Hertha BSC,18432,Stadion An der Alten Försterei,https://www.transfermarkt.de/spielbericht/index/spielbericht/1042360
2010/11,17.09.2010,Alemannia Aachen,FC Energie Cottbus,15386,Tivoli,https://www.transfermarkt.de/spielbericht/index/spielbericht/1042361
2010/11,18.09.2010,Karlsruher SC,SC Paderborn 07,12537,BBBank Wildpark,https://www.transfermarkt.de/spielbericht/index/spielbericht/1042358
2010/11,18.09.2010,Rot,Weiß Oberhausen - VfL Bochum,8561,Stadion Niederrhein,https://www.transfermarkt.de/spielbericht/index/spielbericht/1042362
2010/11,19.09.2010,FC Augsburg,VfL Osnabrück,16053,WWK ARENA,https://www.transfermarkt.de/spielbericht/index/spielbericht/1042355
2010/11,19.09.2010,Fortuna Düsseldorf,TSV 1860 München,21140,MERKUR SPIEL-ARENA,https://www.transfermarkt.de/spielbericht/index/spielbericht/1042356
2010/11,19.09.2010,Arminia Bielefeld,FC Ingolstadt 04,10143,SchücoArena,https://www.transfermarkt.de/spielbericht/index/spielbericht/1042357
2010/11,19.09.2010,FC Erzgebirge Aue,MSV Duisburg,10100,eins Erzgebirgsstadion,https://www.transfermarkt.de/spielbericht/index/spielbericht/1042363
2010/11,21.09.2010,Hertha BSC,Karlsruher SC,33828,Olympiastadion Berlin,https://www.transfermarkt.de/spielbericht/index/spielbericht/1042372
2010/11,21.09.2010,SC Paderborn 07,Rot-Weiß Oberhausen,5234,Home Deluxe Arena,https://www.transfermarkt.de/spielbericht/index/spielbericht/1042373
2010/11,21.09.2010,FC Energie Cottbus,SpVgg Greuther Fürth,9120,LEAG Energie Stadion,https://www.transfermarkt.de/spielbericht/index/spielbericht/1042376
2010/11,21.09.2010,FSV Frankfurt,Alemannia Aachen,2749,PSD Bank Arena,https://www.transfermarkt.de/spielbericht/index/spielbericht/1042377
2010/11,22.09.2010,VfL Bochum,Arminia Bielefeld,9831,Vonovia Ruhrstadion,https://www.transfermarkt.de/spielbericht/index/spielbericht/1042371
2010/11,22.09.2010,MSV Duisburg,FC Augsburg,11787,MSV-Arena,https://www.transfermarkt.de/spielbericht/index/spielbericht/1042374
2010/11,22.09.2010,TSV 1860 München,FC Erzgebirge Aue,17600,Allianz Arena,https://www.transfermarkt.de/spielbericht/index/spielbericht/1042375
2010/11,22.09.2010,VfL Osnabrück,1.FC Union Berlin,12500,Bremer Brücke,https://www.transfermarkt.de/spielbericht/index/spielbericht/1042378
2010/11,22.09.2010,FC Ingolstadt 04,Fortuna Düsseldorf,5901,Audi Sportpark,https://www.transfermarkt.de/spielbericht/index/spielbericht/1042379
2010/11,24.09.2010,FC Energie Cottbus,Hertha BSC,21350,LEAG Energie Stadion,https://www.transfermarkt.de/spielbericht/index/spielbericht/1042390
2010/11,24.09.2010,Karlsruher SC,FSV Frankfurt,11183,BBBank Wildpark,https://www.transfermarkt.de/spielbericht/index/spielbericht/1042391
2010/11,24.09.2010,Alemannia Aachen,SC Paderborn 07,14514,Tivoli,https://www.transfermarkt.de/spielbericht/index/spielbericht/1042394
2010/11,25.09.2010,Arminia Bielefeld,FC Erzgebirge Aue,9217,SchücoArena,https://www.transfermarkt.de/spielbericht/index/spielbericht/1042389
2010/11,25.09.2010,SpVgg Greuther Fürth,FC Ingolstadt 04,5870,Sportpark Ronhof | Thomas Sommer,https://www.transfermarkt.de/spielbericht/index/spielbericht/1042392
2010/11,26.09.2010,FC Augsburg,TSV 1860 München,30660,WWK ARENA,https://www.transfermarkt.de/spielbericht/index/spielbericht/1042387
2010/11,26.09.2010,1.FC Union Berlin,MSV Duisburg,11379,Stadion An der Alten Försterei,https://www.transfermarkt.de/spielbericht/index/spielbericht/1042393
2010/11,26.09.2010,Rot,Weiß Oberhausen - VfL Osnabrück,6594,Stadion Niederrhein,https://www.transfermarkt.de/spielbericht/index/spielbericht/1042395
2010/11,27.09.2010,Fortuna Düsseldorf,VfL Bochum,20400,MERKUR SPIEL-ARENA,https://www.transfermarkt.de/spielbericht/index/spielbericht/1042388
2010/11,01.10.2010,SC Paderborn 07,Arminia Bielefeld,12710,Home Deluxe Arena,https://www.transfermarkt.de/spielbericht/index/spielbericht/1042398
2010/11,01.10.2010,MSV Duisburg,Rot-Weiß Oberhausen,20417,MSV-Arena,https://www.transfermarkt.de/spielbericht/index/spielbericht/1042399
2010/11,01.10.2010,FC Ingolstadt 04,Karlsruher SC,5056,Audi Sportpark,https://www.transfermarkt.de/spielbericht/index/spielbericht/1042404
2010/11,02.10.2010,VfL Bochum,SpVgg Greuther Fürth,10110,Vonovia Ruhrstadion,https://www.transfermarkt.de/spielbericht/index/spielbericht/1042396
2010/11,02.10.2010,VfL Osnabrück,Fortuna Düsseldorf,14400,Bremer Brücke,https://www.transfermarkt.de/spielbericht/index/spielbericht/1042402
2010/11,03.10.2010,TSV 1860 München,1.FC Union Berlin,22100,Allianz Arena,https://www.transfermarkt.de/spielbericht/index/spielbericht/1042400
2010/11,03.10.2010,FSV Frankfurt,FC Energie Cottbus,3623,PSD Bank Arena,https://www.transfermarkt.de/spielbericht/index/spielbericht/1042401
2010/11,03.10.2010,FC Erzgebirge Aue,FC Augsburg,10600,eins Erzgebirgsstadion,https://www.transfermarkt.de/spielbericht/index/spielbericht/1042403
2010/11,04.10.2010,Hertha BSC,Alemannia Aachen,34762,Olympiastadion Berlin,https://www.transfermarkt.de/spielbericht/index/spielbericht/1042397
2010/11,15.10.2010,Fortuna Düsseldorf,FC Augsburg,21054,MERKUR SPIEL-ARENA,https://www.transfermarkt.de/spielbericht/index/spielbericht/1042405
2010/11,15.10.2010,SpVgg Greuther Fürth,VfL Osnabrück,6440,Sportpark Ronhof | Thomas Sommer,https://www.transfermarkt.de/spielbericht/index/spielbericht/1042409
2010/11,15.10.2010,1.FC Union Berlin,FC Erzgebirge Aue,16900,Stadion An der Alten Försterei,https://www.transfermarkt.de/spielbericht/index/spielbericht/1042410
2010/11,16.10.2010,Karlsruher SC,VfL Bochum,12177,BBBank Wildpark,https://www.transfermarkt.de/spielbericht/index/spielbericht/1042408
2010/11,16.10.2010,FSV Frankfurt,Hertha BSC,7467,PSD Bank Arena,https://www.transfermarkt.de/spielbericht/index/spielbericht/1042413
2010/11,17.10.2010,FC Energie Cottbus,SC Paderborn 07,10085,LEAG Energie Stadion,https://www.transfermarkt.de/spielbericht/index/spielbericht/1042407
2010/11,17.10.2010,Alemannia Aachen,FC Ingolstadt 04,16867,Tivoli,https://www.transfermarkt.de/spielbericht/index/spielbericht/1042411
2010/11,17.10.2010,Rot,Weiß Oberhausen - TSV 1860 München,5820,Stadion Niederrhein,https://www.transfermarkt.de/spielbericht/index/spielbericht/1042412
2010/11,18.10.2010,Arminia Bielefeld,MSV Duisburg,10260,SchücoArena,https://www.transfermarkt.de/spielbericht/index/spielbericht/1042406
2010/11,22.10.2010,Hertha BSC,SpVgg Greuther Fürth,39274,Olympiastadion Berlin,https://www.transfermarkt.de/spielbericht/index/spielbericht/1042422
2010/11,22.10.2010,FC Augsburg,1.FC Union Berlin,14694,WWK ARENA,https://www.transfermarkt.de/spielbericht/index/spielbericht/1042423
2010/11,22.10.2010,VfL Osnabrück,FC Energie Cottbus,15000,Bremer Brücke,https://www.transfermarkt.de/spielbericht/index/spielbericht/1042427
2010/11,23.10.2010,TSV 1860 München,Arminia Bielefeld,20000,Allianz Arena,https://www.transfermarkt.de/spielbericht/index/spielbericht/1042426
2010/11,23.10.2010,FC Ingolstadt 04,FSV Frankfurt,7250,Audi Sportpark,https://www.transfermarkt.de/spielbericht/index/spielbericht/1042429
2010/11,24.10.2010,VfL Bochum,Alemannia Aachen,15390,Vonovia Ruhrstadion,https://www.transfermarkt.de/spielbericht/index/spielbericht/1042421
2010/11,24.10.2010,SC Paderborn 07,Fortuna Düsseldorf,10103,Home Deluxe Arena,https://www.transfermarkt.de/spielbericht/index/spielbericht/1042424
2010/11,24.10.2010,MSV Duisburg,Karlsruher SC,14127,MSV-Arena,https://www.transfermarkt.de/spielbericht/index/spielbericht/1042425
2010/11,25.10.2010,FC Erzgebirge Aue,Rot-Weiß Oberhausen,7200,eins Erzgebirgsstadion,https://www.transfermarkt.de/spielbericht/index/spielbericht/1042428
2010/11,29.10.2010,Arminia Bielefeld,1.FC Union Berlin,10112,SchücoArena,https://www.transfermarkt.de/spielbericht/index/spielbericht/1042432
2010/11,29.10.2010,SpVgg Greuther Fürth,FC Erzgebirge Aue,8470,Sportpark Ronhof | Thomas Sommer,https://www.transfermarkt.de/spielbericht/index/spielbericht/1042435
2010/11,29.10.2010,FSV Frankfurt,SC Paderborn 07,3173,PSD Bank Arena,https://www.transfermarkt.de/spielbericht/index/spielbericht/1042438
2010/11,30.10.2010,Hertha BSC,FC Ingolstadt 04,38529,Olympiastadion Berlin,https://www.transfermarkt.de/spielbericht/index/spielbericht/1042430
2010/11,30.10.2010,Karlsruher SC,TSV 1860 München,14870,BBBank Wildpark,https://www.transfermarkt.de/spielbericht/index/spielbericht/1042434
2010/11,31.10.2010,FC Energie Cottbus,VfL Bochum,13750,LEAG Energie Stadion,https://www.transfermarkt.de/spielbericht/index/spielbericht/1042433
2010/11,31.10.2010,Alemannia Aachen,VfL Osnabrück,19553,Tivoli,https://www.transfermarkt.de/spielbericht/index/spielbericht/1042436
2010/11,31.10.2010,Rot,Weiß Oberhausen - FC Augsburg,4229,Stadion Niederrhein,https://www.transfermarkt.de/spielbericht/index/spielbericht/1042437
2010/11,01.11.2010,Fortuna Düsseldorf,MSV Duisburg,31400,MERKUR SPIEL-ARENA,https://www.transfermarkt.de/spielbericht/index/spielbericht/1042431
2010/11,05.11.2010,VfL Bochum,FSV Frankfurt,10731,Vonovia Ruhrstadion,https://www.transfermarkt.de/spielbericht/index/spielbericht/1042439
2010/11,05.11.2010,FC Erzgebirge Aue,Fortuna Düsseldorf,11600,eins Erzgebirgsstadion,https://www.transfermarkt.de/spielbericht/index/spielbericht/1042446
2010/11,05.11.2010,FC Ingolstadt 04,FC Energie Cottbus,6300,Audi Sportpark,https://www.transfermarkt.de/spielbericht/index/spielbericht/1042447
2010/11,06.11.2010,FC Augsburg,Arminia Bielefeld,13355,WWK ARENA,https://www.transfermarkt.de/spielbericht/index/spielbericht/1042440
2010/11,06.11.2010,MSV Duisburg,SpVgg Greuther Fürth,11249,MSV-Arena,https://www.transfermarkt.de/spielbericht/index/spielbericht/1042442
2010/11,07.11.2010,SC Paderborn 07,Hertha BSC,12261,Home Deluxe Arena,https://www.transfermarkt.de/spielbericht/index/spielbericht/1042441
2010/11,07.11.2010,TSV 1860 München,Alemannia Aachen,22300,Allianz Arena,https://www.transfermarkt.de/spielbericht/index/spielbericht/1042443
2010/11,07.11.2010,1.FC Union Berlin,Rot-Weiß Oberhausen,14168,Stadion An der Alten Försterei,https://www.transfermarkt.de/spielbericht/index/spielbericht/1042444
2010/11,08.11.2010,VfL Osnabrück,Karlsruher SC,12400,Bremer Brücke,https://www.transfermarkt.de/spielbericht/index/spielbericht/1042445
2010/11,12.11.2010,Fortuna Düsseldorf,Rot-Weiß Oberhausen,20100,MERKUR SPIEL-ARENA,https://www.transfermarkt.de/spielbericht/index/spielbericht/1042449
2010/11,12.11.2010,Karlsruher SC,FC Erzgebirge Aue,11674,BBBank Wildpark,https://www.transfermarkt.de/spielbericht/index/spielbericht/1042452
2010/11,12.11.2010,SpVgg Greuther Fürth,FC Augsburg,6230,Sportpark Ronhof | Thomas Sommer,https://www.transfermarkt.de/spielbericht/index/spielbericht/1042453
2010/11,13.11.2010,Arminia Bielefeld,VfL Osnabrück,20103,SchücoArena,https://www.transfermarkt.de/spielbericht/index/spielbericht/1042450
2010/11,13.11.2010,FSV Frankfurt,1.FC Union Berlin,3512,PSD Bank Arena,https://www.transfermarkt.de/spielbericht/index/spielbericht/1042455
2010/11,14.11.2010,FC Energie Cottbus,TSV 1860 München,10970,LEAG Energie Stadion,https://www.transfermarkt.de/spielbericht/index/spielbericht/1042451
2010/11,14.11.2010,Alemannia Aachen,MSV Duisburg,19083,Tivoli,https://www.transfermarkt.de/spielbericht/index/spielbericht/1042454
2010/11,14.11.2010,FC Ingolstadt 04,SC Paderborn 07,5050,Audi Sportpark,https://www.transfermarkt.de/spielbericht/index/spielbericht/1042456
2010/11,15.11.2010,Hertha BSC,VfL Bochum,28973,Olympiastadion Berlin,https://www.transfermarkt.de/spielbericht/index/spielbericht/1042448
2010/11,19.11.2010,1.FC Union Berlin,Fortuna Düsseldorf,14309,Stadion An der Alten Försterei,https://www.transfermarkt.de/spielbericht/index/spielbericht/1042462
2010/11,19.11.2010,Rot,Weiß Oberhausen - Arminia Bielefeld,5165,Stadion Niederrhein,https://www.transfermarkt.de/spielbericht/index/spielbericht/1042463
2010/11,19.11.2010,VfL Osnabrück,Hertha BSC,15700,Bremer Brücke,https://www.transfermarkt.de/spielbericht/index/spielbericht/1042464
2010/11,20.11.2010,VfL Bochum,FC Ingolstadt 04,9609,Vonovia Ruhrstadion,https://www.transfermarkt.de/spielbericht/index/spielbericht/1042457
2010/11,20.11.2010,SC Paderborn 07,SpVgg Greuther Fürth,5876,Home Deluxe Arena,https://www.transfermarkt.de/spielbericht/index/spielbericht/1042459
2010/11,21.11.2010,FC Augsburg,Karlsruher SC,14427,WWK ARENA,https://www.transfermarkt.de/spielbericht/index/spielbericht/1042458
2010/11,21.11.2010,TSV 1860 München,FSV Frankfurt,17100,Allianz Arena,https://www.transfermarkt.de/spielbericht/index/spielbericht/1042461
2010/11,21.11.2010,FC Erzgebirge Aue,Alemannia Aachen,10636,eins Erzgebirgsstadion,https://www.transfermarkt.de/spielbericht/index/spielbericht/1042465
2010/11,22.11.2010,MSV Duisburg,FC Energie Cottbus,10667,MSV-Arena,https://www.transfermarkt.de/spielbericht/index/spielbericht/1042460
2010/11,26.11.2010,VfL Bochum,SC Paderborn 07,9136,Vonovia Ruhrstadion,https://www.transfermarkt.de/spielbericht/index/spielbericht/1042466
2010/11,26.11.2010,Arminia Bielefeld,Fortuna Düsseldorf,10726,SchücoArena,https://www.transfermarkt.de/spielbericht/index/spielbericht/1042468
2010/11,26.11.2010,FSV Frankfurt,VfL Osnabrück,2808,PSD Bank Arena,https://www.transfermarkt.de/spielbericht/index/spielbericht/1042473
2010/11,27.11.2010,Hertha BSC,MSV Duisburg,32052,Olympiastadion Berlin,https://www.transfermarkt.de/spielbericht/index/spielbericht/1042467
2010/11,27.11.2010,Alemannia Aachen,FC Augsburg,14505,Tivoli,https://www.transfermarkt.de/spielbericht/index/spielbericht/1042472
2010/11,28.11.2010,FC Energie Cottbus,FC Erzgebirge Aue,14550,LEAG Energie Stadion,https://www.transfermarkt.de/spielbericht/index/spielbericht/1042469
2010/11,28.11.2010,Karlsruher SC,Rot-Weiß Oberhausen,11607,BBBank Wildpark,https://www.transfermarkt.de/spielbericht/index/spielbericht/1042470
2010/11,28.11.2010,FC Ingolstadt 04,1.FC Union Berlin,5500,Audi Sportpark,https://www.transfermarkt.de/spielbericht/index/spielbericht/1042474
2010/11,29.11.2010,SpVgg Greuther Fürth,TSV 1860 München,6870,Sportpark Ronhof | Thomas Sommer,https://www.transfermarkt.de/spielbericht/index/spielbericht/1042471
2010/11,03.12.2010,MSV Duisburg,FSV Frankfurt,10000,MSV-Arena,https://www.transfermarkt.de/spielbericht/index/spielbericht/1042477
2010/11,03.12.2010,Rot,Weiß Oberhausen - Alemannia Aachen,4391,Stadion Niederrhein,https://www.transfermarkt.de/spielbericht/index/spielbericht/1042481
2010/11,03.12.2010,VfL Osnabrück,SC Paderborn 07,12100,Bremer Brücke,https://www.transfermarkt.de/spielbericht/index/spielbericht/1042482
2010/11,04.12.2010,FC Augsburg,FC Energie Cottbus,13246,WWK ARENA,https://www.transfermarkt.de/spielbericht/index/spielbericht/1042475
2010/11,04.12.2010,Arminia Bielefeld,SpVgg Greuther Fürth,7518,SchücoArena,https://www.transfermarkt.de/spielbericht/index/spielbericht/1042478
2010/11,05.12.2010,Fortuna Düsseldorf,Karlsruher SC,20095,MERKUR SPIEL-ARENA,https://www.transfermarkt.de/spielbericht/index/spielbericht/1042476
2010/11,05.12.2010,TSV 1860 München,Hertha BSC,23600,Allianz Arena,https://www.transfermarkt.de/spielbericht/index/spielbericht/1042479
2010/11,05.12.2010,FC Erzgebirge Aue,FC Ingolstadt 04,7300,eins Erzgebirgsstadion,https://www.transfermarkt.de/spielbericht/index/spielbericht/1042483
2010/11,06.12.2010,1.FC Union Berlin,VfL Bochum,10899,Stadion An der Alten Försterei,https://www.transfermarkt.de/spielbericht/index/spielbericht/1042480
2010/11,10.12.2010,Karlsruher SC,Arminia Bielefeld,11386,BBBank Wildpark,https://www.transfermarkt.de/spielbericht/index/spielbericht/1042488
2010/11,10.12.2010,SpVgg Greuther Fürth,Rot-Weiß Oberhausen,5030,Sportpark Ronhof | Thomas Sommer,https://www.transfermarkt.de/spielbericht/index/spielbericht/1042489
2010/11,10.12.2010,Alemannia Aachen,Fortuna Düsseldorf,20071,Tivoli,https://www.transfermarkt.de/spielbericht/index/spielbericht/1042490
2010/11,11.12.2010,SC Paderborn 07,MSV Duisburg,7878,Home Deluxe Arena,https://www.transfermarkt.de/spielbericht/index/spielbericht/1042486
2010/11,11.12.2010,FSV Frankfurt,FC Augsburg,4000,PSD Bank Arena,https://www.transfermarkt.de/spielbericht/index/spielbericht/1042491
2010/11,12.12.2010,VfL Bochum,VfL Osnabrück,12465,Vonovia Ruhrstadion,https://www.transfermarkt.de/spielbericht/index/spielbericht/1042484
2010/11,12.12.2010,Hertha BSC,FC Erzgebirge Aue,45892,Olympiastadion Berlin,https://www.transfermarkt.de/spielbericht/index/spielbericht/1042485
2010/11,12.12.2010,FC Ingolstadt 04,TSV 1860 München,15729,Audi Sportpark,https://www.transfermarkt.de/spielbericht/index/spielbericht/1042492
2010/11,13.12.2010,FC Energie Cottbus,1.FC Union Berlin,12240,LEAG Energie Stadion,https://www.transfermarkt.de/spielbericht/index/spielbericht/1042487
2010/11,17.12.2010,MSV Duisburg,VfL Bochum,18027,MSV-Arena,https://www.transfermarkt.de/spielbericht/index/spielbericht/1042495
2010/11,17.12.2010,Arminia Bielefeld,Alemannia Aachen,8500,SchücoArena,https://www.transfermarkt.de/spielbericht/index/spielbericht/1042496
2010/11,18.12.2010,FC Augsburg,Hertha BSC,25647,WWK ARENA,https://www.transfermarkt.de/spielbericht/index/spielbericht/1042493
2010/11,18.12.2010,Fortuna Düsseldorf,SpVgg Greuther Fürth,18117,MERKUR SPIEL-ARENA,https://www.transfermarkt.de/spielbericht/index/spielbericht/1042494
2010/11,19.12.2010,TSV 1860 München,SC Paderborn 07,13600,Allianz Arena,https://www.transfermarkt.de/spielbericht/index/spielbericht/1042497
2010/11,19.12.2010,Rot,Weiß Oberhausen - FC Energie Cottbus,3735,Stadion Niederrhein,https://www.transfermarkt.de/spielbericht/index/spielbericht/1042499
2010/11,19.12.2010,VfL Osnabrück,FC Ingolstadt 04,8500,Bremer Brücke,https://www.transfermarkt.de/spielbericht/index/spielbericht/1042500
2010/11,20.12.2010,1.FC Union Berlin,Karlsruher SC,12126,Stadion An der Alten Försterei,https://www.transfermarkt.de/spielbericht/index/spielbericht/1042498
2010/11,01.02.2011,FC Erzgebirge Aue,FSV Frankfurt,7150,eins Erzgebirgsstadion,https://www.transfermarkt.de/spielbericht/index/spielbericht/1042501
2010/11,14.01.2011,1.FC Union Berlin,Alemannia Aachen,12347,Stadion An der Alten Försterei,https://www.transfermarkt.de/spielbericht/index/spielbericht/1042508
2010/11,15.01.2011,Fortuna Düsseldorf,FC Energie Cottbus,22000,MERKUR SPIEL-ARENA,https://www.transfermarkt.de/spielbericht/index/spielbericht/1042503
2010/11,15.01.2011,TSV 1860 München,VfL Bochum,15000,Allianz Arena,https://www.transfermarkt.de/spielbericht/index/spielbericht/1042506
2010/11,16.01.2011,FC Augsburg,FC Ingolstadt 04,20618,WWK ARENA,https://www.transfermarkt.de/spielbericht/index/spielbericht/1042502
2010/11,16.01.2011,MSV Duisburg,VfL Osnabrück,13127,MSV-Arena,https://www.transfermarkt.de/spielbericht/index/spielbericht/1042504
2010/11,16.01.2011,Arminia Bielefeld,FSV Frankfurt,13006,SchücoArena,https://www.transfermarkt.de/spielbericht/index/spielbericht/1042505
2010/11,17.01.2011,Rot,Weiß Oberhausen - Hertha BSC,6850,Stadion Niederrhein,https://www.transfermarkt.de/spielbericht/index/spielbericht/1042509
2010/11,18.01.2011,Karlsruher SC,SpVgg Greuther Fürth,12087,BBBank Wildpark,https://www.transfermarkt.de/spielbericht/index/spielbericht/1042507
2010/11,18.01.2011,FC Erzgebirge Aue,SC Paderborn 07,8050,eins Erzgebirgsstadion,https://www.transfermarkt.de/spielbericht/index/spielbericht/1042510
2010/11,21.01.2011,SC Paderborn 07,FC Augsburg,5624,Home Deluxe Arena,https://www.transfermarkt.de/spielbericht/index/spielbericht/1042513
2010/11,21.01.2011,VfL Osnabrück,TSV 1860 München,12500,Bremer Brücke,https://www.transfermarkt.de/spielbericht/index/spielbericht/1042518
2010/11,21.01.2011,FC Ingolstadt 04,MSV Duisburg,4300,Audi Sportpark,https://www.transfermarkt.de/spielbericht/index/spielbericht/1042519
2010/11,22.01.2011,FC Energie Cottbus,Arminia Bielefeld,8100,LEAG Energie Stadion,https://www.transfermarkt.de/spielbericht/index/spielbericht/1042514
2010/11,22.01.2011,Alemannia Aachen,Karlsruher SC,19814,Tivoli,https://www.transfermarkt.de/spielbericht/index/spielbericht/1042516
2010/11,23.01.2011,Hertha BSC,Fortuna Düsseldorf,36162,Olympiastadion Berlin,https://www.transfermarkt.de/spielbericht/index/spielbericht/1042512
2010/11,23.01.2011,SpVgg Greuther Fürth,1.FC Union Berlin,6480,Sportpark Ronhof | Thomas Sommer,https://www.transfermarkt.de/spielbericht/index/spielbericht/1042515
2010/11,23.01.2011,FSV Frankfurt,Rot-Weiß Oberhausen,3170,PSD Bank Arena,https://www.transfermarkt.de/spielbericht/index/spielbericht/1042517
2010/11,24.01.2011,VfL Bochum,FC Erzgebirge Aue,11785,Vonovia Ruhrstadion,https://www.transfermarkt.de/spielbericht/index/spielbericht/1042511
2010/11,28.01.2011,Fortuna Düsseldorf,FSV Frankfurt,18000,MERKUR SPIEL-ARENA,https://www.transfermarkt.de/spielbericht/index/spielbericht/1042521
2010/11,28.01.2011,Rot,Weiß Oberhausen - FC Ingolstadt 04,3362,Stadion Niederrhein,https://www.transfermarkt.de/spielbericht/index/spielbericht/1042527
2010/11,28.01.2011,FC Erzgebirge Aue,VfL Osnabrück,7700,eins Erzgebirgsstadion,https://www.transfermarkt.de/spielbericht/index/spielbericht/1042528
2010/11,29.01.2011,TSV 1860 München,MSV Duisburg,15000,Allianz Arena,https://www.transfermarkt.de/spielbericht/index/spielbericht/1042523
2010/11,29.01.2011,Alemannia Aachen,SpVgg Greuther Fürth,19468,Tivoli,https://www.transfermarkt.de/spielbericht/index/spielbericht/1042526
2010/11,30.01.2011,Arminia Bielefeld,Hertha BSC,20017,SchücoArena,https://www.transfermarkt.de/spielbericht/index/spielbericht/1042522
2010/11,30.01.2011,Karlsruher SC,FC Energie Cottbus,14876,BBBank Wildpark,https://www.transfermarkt.de/spielbericht/index/spielbericht/1042524
2010/11,30.01.2011,1.FC Union Berlin,SC Paderborn 07,11870,Stadion An der Alten Försterei,https://www.transfermarkt.de/spielbericht/index/spielbericht/1042525
2010/11,31.01.2011,FC Augsburg,VfL Bochum,15483,WWK ARENA,https://www.transfermarkt.de/spielbericht/index/spielbericht/1042520
2010/11,04.02.2011,FC Energie Cottbus,Alemannia Aachen,8540,LEAG Energie Stadion,https://www.transfermarkt.de/spielbericht/index/spielbericht/1042534
2010/11,04.02.2011,FSV Frankfurt,SpVgg Greuther Fürth,3014,PSD Bank Arena,https://www.transfermarkt.de/spielbericht/index/spielbericht/1042535
2010/11,04.02.2011,VfL Osnabrück,FC Augsburg,12000,Bremer Brücke,https://www.transfermarkt.de/spielbericht/index/spielbericht/1042536
2010/11,05.02.2011,Hertha BSC,1.FC Union Berlin,74244,Olympiastadion Berlin,https://www.transfermarkt.de/spielbericht/index/spielbericht/1042530
2010/11,05.02.2011,SC Paderborn 07,Karlsruher SC,6261,Home Deluxe Arena,https://www.transfermarkt.de/spielbericht/index/spielbericht/1042531
2010/11,06.02.2011,VfL Bochum,Rot-Weiß Oberhausen,16672,Vonovia Ruhrstadion,https://www.transfermarkt.de/spielbericht/index/spielbericht/1042529
2010/11,06.02.2011,MSV Duisburg,FC Erzgebirge Aue,17664,MSV-Arena,https://www.transfermarkt.de/spielbericht/index/spielbericht/1042532
2010/11,06.02.2011,FC Ingolstadt 04,Arminia Bielefeld,6978,Audi Sportpark,https://www.transfermarkt.de/spielbericht/index/spielbericht/1042537
2010/11,07.02.2011,TSV 1860 München,Fortuna Düsseldorf,15800,Allianz Arena,https://www.transfermarkt.de/spielbericht/index/spielbericht/1042533
2010/11,11.02.2011,1.FC Union Berlin,VfL Osnabrück,14074,Stadion An der Alten Försterei,https://www.transfermarkt.de/spielbericht/index/spielbericht/1042543
2010/11,11.02.2011,Rot,Weiß Oberhausen - SC Paderborn 07,4117,Stadion Niederrhein,https://www.transfermarkt.de/spielbericht/index/spielbericht/1042545
2010/11,11.02.2011,FC Augsburg,MSV Duisburg,20143,WWK ARENA,https://www.transfermarkt.de/spielbericht/index/spielbericht/1042538
2010/11,12.02.2011,SpVgg Greuther Fürth,FC Energie Cottbus,6430,Sportpark Ronhof | Thomas Sommer,https://www.transfermarkt.de/spielbericht/index/spielbericht/1042542
2010/11,12.02.2011,Alemannia Aachen,FSV Frankfurt,15813,Tivoli,https://www.transfermarkt.de/spielbericht/index/spielbericht/1042544
2010/11,13.02.2011,Fortuna Düsseldorf,FC Ingolstadt 04,20700,MERKUR SPIEL-ARENA,https://www.transfermarkt.de/spielbericht/index/spielbericht/1042539
2010/11,13.02.2011,Arminia Bielefeld,VfL Bochum,17532,SchücoArena,https://www.transfermarkt.de/spielbericht/index/spielbericht/1042540
2010/11,13.02.2011,Karlsruher SC,Hertha BSC,20823,BBBank Wildpark,https://www.transfermarkt.de/spielbericht/index/spielbericht/1042541
2010/11,14.02.2011,FC Erzgebirge Aue,TSV 1860 München,8200,eins Erzgebirgsstadion,https://www.transfermarkt.de/spielbericht/index/spielbericht/1042546
2010/11,18.02.2011,VfL Bochum,Fortuna Düsseldorf,24100,Vonovia Ruhrstadion,https://www.transfermarkt.de/spielbericht/index/spielbericht/1042547
2010/11,18.02.2011,TSV 1860 München,FC Augsburg,29200,Allianz Arena,https://www.transfermarkt.de/spielbericht/index/spielbericht/1042551
2010/11,18.02.2011,FC Ingolstadt 04,SpVgg Greuther Fürth,7249,Audi Sportpark,https://www.transfermarkt.de/spielbericht/index/spielbericht/1042555
2010/11,19.02.2011,SC Paderborn 07,Alemannia Aachen,6044,Home Deluxe Arena,https://www.transfermarkt.de/spielbericht/index/spielbericht/1042549
2010/11,19.02.2011,MSV Duisburg,1.FC Union Berlin,12547,MSV-Arena,https://www.transfermarkt.de/spielbericht/index/spielbericht/1042550
2010/11,20.02.2011,FSV Frankfurt,Karlsruher SC,5419,PSD Bank Arena,https://www.transfermarkt.de/spielbericht/index/spielbericht/1042552
2010/11,20.02.2011,VfL Osnabrück,Rot-Weiß Oberhausen,13000,Bremer Brücke,https://www.transfermarkt.de/spielbericht/index/spielbericht/1042553
2010/11,20.02.2011,FC Erzgebirge Aue,Arminia Bielefeld,9200,eins Erzgebirgsstadion,https://www.transfermarkt.de/spielbericht/index/spielbericht/1042554
2010/11,21.02.2011,Hertha BSC,FC Energie Cottbus,40134,Olympiastadion Berlin,https://www.transfermarkt.de/spielbericht/index/spielbericht/1042548
2010/11,25.02.2011,FC Energie Cottbus,FSV Frankfurt,8520,LEAG Energie Stadion,https://www.transfermarkt.de/spielbericht/index/spielbericht/1042559
2010/11,25.02.2011,1.FC Union Berlin,TSV 1860 München,13000,Stadion An der Alten Försterei,https://www.transfermarkt.de/spielbericht/index/spielbericht/1042562
2010/11,25.02.2011,Rot,Weiß Oberhausen - MSV Duisburg,12161,Stadion Niederrhein,https://www.transfermarkt.de/spielbericht/index/spielbericht/1042564
2010/11,26.02.2011,Arminia Bielefeld,SC Paderborn 07,17500,SchücoArena,https://www.transfermarkt.de/spielbericht/index/spielbericht/1042558
2010/11,26.02.2011,Alemannia Aachen,Hertha BSC,20000,Tivoli,https://www.transfermarkt.de/spielbericht/index/spielbericht/1042563
2010/11,27.02.2011,Fortuna Düsseldorf,VfL Osnabrück,22212,MERKUR SPIEL-ARENA,https://www.transfermarkt.de/spielbericht/index/spielbericht/1042557
2010/11,27.02.2011,Karlsruher SC,FC Ingolstadt 04,12739,BBBank Wildpark,https://www.transfermarkt.de/spielbericht/index/spielbericht/1042560
2010/11,27.02.2011,SpVgg Greuther Fürth,VfL Bochum,8260,Sportpark Ronhof | Thomas Sommer,https://www.transfermarkt.de/spielbericht/index/spielbericht/1042561
2010/11,28.02.2011,FC Augsburg,FC Erzgebirge Aue,15731,WWK ARENA,https://www.transfermarkt.de/spielbericht/index/spielbericht/1042556
2010/11,04.03.2011,Hertha BSC,FSV Frankfurt,32401,Olympiastadion Berlin,https://www.transfermarkt.de/spielbericht/index/spielbericht/1042566
2010/11,04.03.2011,TSV 1860 München,Rot-Weiß Oberhausen,13800,Allianz Arena,https://www.transfermarkt.de/spielbericht/index/spielbericht/1042570
2010/11,04.03.2011,VfL Osnabrück,SpVgg Greuther Fürth,12500,Bremer Brücke,https://www.transfermarkt.de/spielbericht/index/spielbericht/1042571
2010/11,05.03.2011,VfL Bochum,Karlsruher SC,14618,Vonovia Ruhrstadion,https://www.transfermarkt.de/spielbericht/index/spielbericht/1042565
2010/11,05.03.2011,SC Paderborn 07,FC Energie Cottbus,5027,Home Deluxe Arena,https://www.transfermarkt.de/spielbericht/index/spielbericht/1042568
2010/11,06.03.2011,MSV Duisburg,Arminia Bielefeld,12797,MSV-Arena,https://www.transfermarkt.de/spielbericht/index/spielbericht/1042569
2010/11,06.03.2011,FC Erzgebirge Aue,1.FC Union Berlin,15000,eins Erzgebirgsstadion,https://www.transfermarkt.de/spielbericht/index/spielbericht/1042572
2010/11,06.03.2011,FC Ingolstadt 04,Alemannia Aachen,7235,Audi Sportpark,https://www.transfermarkt.de/spielbericht/index/spielbericht/1042573
2010/11,07.03.2011,FC Augsburg,Fortuna Düsseldorf,17455,WWK ARENA,https://www.transfermarkt.de/spielbericht/index/spielbericht/1042567
2010/11,11.03.2011,Karlsruher SC,MSV Duisburg,13385,BBBank Wildpark,https://www.transfermarkt.de/spielbericht/index/spielbericht/1042577
2010/11,11.03.2011,Rot,Weiß Oberhausen - FC Erzgebirge Aue,4349,Stadion Niederrhein,https://www.transfermarkt.de/spielbericht/index/spielbericht/1042581
2010/11,11.03.2011,FSV Frankfurt,FC Ingolstadt 04,3102,PSD Bank Arena,https://www.transfermarkt.de/spielbericht/index/spielbericht/1042582
2010/11,12.03.2011,Fortuna Düsseldorf,SC Paderborn 07,18536,MERKUR SPIEL-ARENA,https://www.transfermarkt.de/spielbericht/index/spielbericht/1042574
2010/11,12.03.2011,1.FC Union Berlin,FC Augsburg,15000,Stadion An der Alten Försterei,https://www.transfermarkt.de/spielbericht/index/spielbericht/1042579
2010/11,13.03.2011,Arminia Bielefeld,TSV 1860 München,15113,SchücoArena,https://www.transfermarkt.de/spielbericht/index/spielbericht/1042575
2010/11,13.03.2011,FC Energie Cottbus,VfL Osnabrück,12200,LEAG Energie Stadion,https://www.transfermarkt.de/spielbericht/index/spielbericht/1042576
2010/11,13.03.2011,Alemannia Aachen,VfL Bochum,19013,Tivoli,https://www.transfermarkt.de/spielbericht/index/spielbericht/1042580
2010/11,14.03.2011,SpVgg Greuther Fürth,Hertha BSC,12790,Sportpark Ronhof | Thomas Sommer,https://www.transfermarkt.de/spielbericht/index/spielbericht/1042578
2010/11,18.03.2011,MSV Duisburg,Fortuna Düsseldorf,21777,MSV-Arena,https://www.transfermarkt.de/spielbericht/index/spielbericht/1042586
2010/11,18.03.2011,TSV 1860 München,Karlsruher SC,16700,Allianz Arena,https://www.transfermarkt.de/spielbericht/index/spielbericht/1042587
2010/11,18.03.2011,FC Ingolstadt 04,Hertha BSC,10820,Audi Sportpark,https://www.transfermarkt.de/spielbericht/index/spielbericht/1042591
2010/11,19.03.2011,FC Augsburg,Rot-Weiß Oberhausen,30660,WWK ARENA,https://www.transfermarkt.de/spielbericht/index/spielbericht/1042584
2010/11,19.03.2011,VfL Osnabrück,Alemannia Aachen,12500,Bremer Brücke,https://www.transfermarkt.de/spielbericht/index/spielbericht/1042589
2010/11,20.03.2011,SC Paderborn 07,FSV Frankfurt,5835,Home Deluxe Arena,https://www.transfermarkt.de/spielbericht/index/spielbericht/1042585
2010/11,20.03.2011,1.FC Union Berlin,Arminia Bielefeld,15789,Stadion An der Alten Försterei,https://www.transfermarkt.de/spielbericht/index/spielbericht/1042588
2010/11,20.03.2011,FC Erzgebirge Aue,SpVgg Greuther Fürth,12000,eins Erzgebirgsstadion,https://www.transfermarkt.de/spielbericht/index/spielbericht/1042590
2010/11,21.03.2011,VfL Bochum,FC Energie Cottbus,16558,Vonovia Ruhrstadion,https://www.transfermarkt.de/spielbericht/index/spielbericht/1042583
2010/11,01.04.2011,Arminia Bielefeld,FC Augsburg,13500,SchücoArena,https://www.transfermarkt.de/spielbericht/index/spielbericht/1042594
2010/11,01.04.2011,FC Energie Cottbus,FC Ingolstadt 04,10100,LEAG Energie Stadion,https://www.transfermarkt.de/spielbericht/index/spielbericht/1042595
2010/11,01.04.2011,Karlsruher SC,VfL Osnabrück,16986,BBBank Wildpark,https://www.transfermarkt.de/spielbericht/index/spielbericht/1042596
2010/11,02.04.2011,Fortuna Düsseldorf,FC Erzgebirge Aue,20400,MERKUR SPIEL-ARENA,https://www.transfermarkt.de/spielbericht/index/spielbericht/1042593
2010/11,02.04.2011,SpVgg Greuther Fürth,MSV Duisburg,7470,Sportpark Ronhof | Thomas Sommer,https://www.transfermarkt.de/spielbericht/index/spielbericht/1042597
2010/11,03.04.2011,Hertha BSC,SC Paderborn 07,70621,Olympiastadion Berlin,https://www.transfermarkt.de/spielbericht/index/spielbericht/1042592
2010/11,03.04.2011,Alemannia Aachen,TSV 1860 München,18521,Tivoli,https://www.transfermarkt.de/spielbericht/index/spielbericht/1042598
2010/11,03.04.2011,Rot,Weiß Oberhausen - 1.FC Union Berlin,5520,Stadion Niederrhein,https://www.transfermarkt.de/spielbericht/index/spielbericht/1042599
2010/11,04.04.2011,FSV Frankfurt,VfL Bochum,5769,PSD Bank Arena,https://www.transfermarkt.de/spielbericht/index/spielbericht/1042600
2010/11,08.04.2011,FC Augsburg,SpVgg Greuther Fürth,30035,WWK ARENA,https://www.transfermarkt.de/spielbericht/index/spielbericht/1042602
2010/11,08.04.2011,MSV Duisburg,Alemannia Aachen,13147,MSV-Arena,https://www.transfermarkt.de/spielbericht/index/spielbericht/1042604
2010/11,08.04.2011,VfL Osnabrück,Arminia Bielefeld,16130,Bremer Brücke,https://www.transfermarkt.de/spielbericht/index/spielbericht/1042608
2010/11,09.04.2011,TSV 1860 München,FC Energie Cottbus,20000,Allianz Arena,https://www.transfermarkt.de/spielbericht/index/spielbericht/1042605
2010/11,09.04.2011,Rot,Weiß Oberhausen - Fortuna Düsseldorf,8247,Stadion Niederrhein,https://www.transfermarkt.de/spielbericht/index/spielbericht/1042607
2010/11,10.04.2011,SC Paderborn 07,FC Ingolstadt 04,8299,Home Deluxe Arena,https://www.transfermarkt.de/spielbericht/index/spielbericht/1042603
2010/11,10.04.2011,1.FC Union Berlin,FSV Frankfurt,16619,Stadion An der Alten Försterei,https://www.transfermarkt.de/spielbericht/index/spielbericht/1042606
2010/11,10.04.2011,FC Erzgebirge Aue,Karlsruher SC,10100,eins Erzgebirgsstadion,https://www.transfermarkt.de/spielbericht/index/spielbericht/1042609
2010/11,11.04.2011,VfL Bochum,Hertha BSC,24211,Vonovia Ruhrstadion,https://www.transfermarkt.de/spielbericht/index/spielbericht/1042601
2010/11,15.04.2011,Fortuna Düsseldorf,1.FC Union Berlin,18900,airberlin world,https://www.transfermarkt.de/spielbericht/index/spielbericht/1042611
2010/11,15.04.2011,FSV Frankfurt,TSV 1860 München,4000,PSD Bank Arena,https://www.transfermarkt.de/spielbericht/index/spielbericht/1042617
2010/11,15.04.2011,FC Ingolstadt 04,VfL Bochum,10881,Audi Sportpark,https://www.transfermarkt.de/spielbericht/index/spielbericht/1042618
2010/11,16.04.2011,Hertha BSC,VfL Osnabrück,46293,Olympiastadion Berlin,https://www.transfermarkt.de/spielbericht/index/spielbericht/1042610
2010/11,16.04.2011,FC Energie Cottbus,MSV Duisburg,10130,LEAG Energie Stadion,https://www.transfermarkt.de/spielbericht/index/spielbericht/1042613
2010/11,17.04.2011,Arminia Bielefeld,Rot-Weiß Oberhausen,12131,SchücoArena,https://www.transfermarkt.de/spielbericht/index/spielbericht/1042612
2010/11,17.04.2011,SpVgg Greuther Fürth,SC Paderborn 07,8230,Sportpark Ronhof | Thomas Sommer,https://www.transfermarkt.de/spielbericht/index/spielbericht/1042615
2010/11,17.04.2011,Alemannia Aachen,FC Erzgebirge Aue,16632,Tivoli,https://www.transfermarkt.de/spielbericht/index/spielbericht/1042616
2010/11,18.04.2011,Karlsruher SC,FC Augsburg,16000,BBBank Wildpark,https://www.transfermarkt.de/spielbericht/index/spielbericht/1042614
2010/11,21.04.2011,SC Paderborn 07,VfL Bochum,10369,Home Deluxe Arena,https://www.transfermarkt.de/spielbericht/index/spielbericht/1042621
2010/11,21.04.2011,VfL Osnabrück,FSV Frankfurt,13200,Bremer Brücke,https://www.transfermarkt.de/spielbericht/index/spielbericht/1042626
2010/11,21.04.2011,FC Erzgebirge Aue,FC Energie Cottbus,14000,eins Erzgebirgsstadion,https://www.transfermarkt.de/spielbericht/index/spielbericht/1042627
2010/11,23.04.2011,TSV 1860 München,SpVgg Greuther Fürth,21000,Allianz Arena,https://www.transfermarkt.de/spielbericht/index/spielbericht/1042623
2010/11,23.04.2011,Rot,Weiß Oberhausen - Karlsruher SC,8393,Stadion Niederrhein,https://www.transfermarkt.de/spielbericht/index/spielbericht/1042625
2010/11,24.04.2011,FC Augsburg,Alemannia Aachen,25173,WWK ARENA,https://www.transfermarkt.de/spielbericht/index/spielbericht/1042619
2010/11,24.04.2011,Fortuna Düsseldorf,Arminia Bielefeld,18100,airberlin world,https://www.transfermarkt.de/spielbericht/index/spielbericht/1042620
2010/11,24.04.2011,1.FC Union Berlin,FC Ingolstadt 04,14000,Stadion An der Alten Försterei,https://www.transfermarkt.de/spielbericht/index/spielbericht/1042624
2010/11,25.04.2011,MSV Duisburg,Hertha BSC,16777,MSV-Arena,https://www.transfermarkt.de/spielbericht/index/spielbericht/1042622
2010/11,29.04.2011,VfL Bochum,1.FC Union Berlin,16009,Vonovia Ruhrstadion,https://www.transfermarkt.de/spielbericht/index/spielbericht/1042628
2010/11,29.04.2011,Hertha BSC,TSV 1860 München,57829,Olympiastadion Berlin,https://www.transfermarkt.de/spielbericht/index/spielbericht/1042629
2010/11,29.04.2011,SC Paderborn 07,VfL Osnabrück,11767,Home Deluxe Arena,https://www.transfermarkt.de/spielbericht/index/spielbericht/1042630
2010/11,29.04.2011,Karlsruher SC,Fortuna Düsseldorf,17414,BBBank Wildpark,https://www.transfermarkt.de/spielbericht/index/spielbericht/1042632
2010/11,29.04.2011,Alemannia Aachen,Rot-Weiß Oberhausen,18377,Tivoli,https://www.transfermarkt.de/spielbericht/index/spielbericht/1042634
2010/11,30.04.2011,SpVgg Greuther Fürth,Arminia Bielefeld,7530,Sportpark Ronhof | Thomas Sommer,https://www.transfermarkt.de/spielbericht/index/spielbericht/1042633
2010/11,30.04.2011,FSV Frankfurt,MSV Duisburg,4821,PSD Bank Arena,https://www.transfermarkt.de/spielbericht/index/spielbericht/1042635
2010/11,30.04.2011,FC Ingolstadt 04,FC Erzgebirge Aue,12350,Audi Sportpark,https://www.transfermarkt.de/spielbericht/index/spielbericht/1042636
2010/11,02.05.2011,FC Energie Cottbus,FC Augsburg,8266,LEAG Energie Stadion,https://www.transfermarkt.de/spielbericht/index/spielbericht/1042631
2010/11,08.05.2011,FC Augsburg,FSV Frankfurt,30660,WWK ARENA,https://www.transfermarkt.de/spielbericht/index/spielbericht/1042637
2010/11,08.05.2011,Fortuna Düsseldorf,Alemannia Aachen,20100,airberlin world,https://www.transfermarkt.de/spielbericht/index/spielbericht/1042638
2010/11,08.05.2011,MSV Duisburg,SC Paderborn 07,12477,MSV-Arena,https://www.transfermarkt.de/spielbericht/index/spielbericht/1042639
2010/11,08.05.2011,Arminia Bielefeld,Karlsruher SC,24123,SchücoArena,https://www.transfermarkt.de/spielbericht/index/spielbericht/1042640
2010/11,08.05.2011,TSV 1860 München,FC Ingolstadt 04,28100,Allianz Arena,https://www.transfermarkt.de/spielbericht/index/spielbericht/1042641
2010/11,08.05.2011,1.FC Union Berlin,FC Energie Cottbus,18432,Stadion An der Alten Försterei,https://www.transfermarkt.de/spielbericht/index/spielbericht/1042642
2010/11,08.05.2011,Rot,Weiß Oberhausen - SpVgg Greuther Fürth,5169,Stadion Niederrhein,https://www.transfermarkt.de/spielbericht/index/spielbericht/1042643
2010/11,08.05.2011,VfL Osnabrück,VfL Bochum,16200,Bremer Brücke,https://www.transfermarkt.de/spielbericht/index/spielbericht/1042644
2010/11,08.05.2011,FC Erzgebirge Aue,Hertha BSC,15000,eins Erzgebirgsstadion,https://www.transfermarkt.de/spielbericht/index/spielbericht/1042645
2010/11,15.05.2011,VfL Bochum,MSV Duisburg,27448,Vonovia Ruhrstadion,https://www.transfermarkt.de/spielbericht/index/spielbericht/1042646
2010/11,15.05.2011,Hertha BSC,FC Augsburg,77116,Olympiastadion Berlin,https://www.transfermarkt.de/spielbericht/index/spielbericht/1042647
2010/11,15.05.2011,SC Paderborn 07,TSV 1860 München,8622,Home Deluxe Arena,https://www.transfermarkt.de/spielbericht/index/spielbericht/1042648
2010/11,15.05.2011,FC Energie Cottbus,Rot-Weiß Oberhausen,12740,LEAG Energie Stadion,https://www.transfermarkt.de/spielbericht/index/spielbericht/1042649
2010/11,15.05.2011,Karlsruher SC,1.FC Union Berlin,26822,BBBank Wildpark,https://www.transfermarkt.de/spielbericht/index/spielbericht/1042650
2010/11,15.05.2011,SpVgg Greuther Fürth,Fortuna Düsseldorf,14530,Sportpark Ronhof | Thomas Sommer,https://www.transfermarkt.de/spielbericht/index/spielbericht/1042651
2010/11,15.05.2011,Alemannia Aachen,Arminia Bielefeld,19986,Tivoli,https://www.transfermarkt.de/spielbericht/index/spielbericht/1042652
2010/11,15.05.2011,FSV Frankfurt,FC Erzgebirge Aue,4011,PSD Bank Arena,https://www.transfermarkt.de/spielbericht/index/spielbericht/1042653
2010/11,15.05.2011,FC Ingolstadt 04,VfL Osnabrück,9449,Audi Sportpark,https://www.transfermarkt.de/spielbericht/index/spielbericht/1042654
2011/12,15.07.2011,FC Energie Cottbus,SG Dynamo Dresden,20000,LEAG Energie Stadion,https://www.transfermarkt.de/spielbericht/index/spielbericht/1121026
2011/12,15.07.2011,FSV Frankfurt,1.FC Union Berlin,4000,PSD Bank Arena,https://www.transfermarkt.de/spielbericht/index/spielbericht/1121030
2011/12,15.07.2011,SpVgg Greuther Fürth,Eintracht Frankfurt,14200,Sportpark Ronhof | Thomas Sommer,https://www.transfermarkt.de/spielbericht/index/spielbericht/1121024
2011/12,16.07.2011,FC St. Pauli,FC Ingolstadt 04,10093,Stadion an der Lohmühle,https://www.transfermarkt.de/spielbericht/index/spielbericht/1121023
2011/12,16.07.2011,FC Erzgebirge Aue,Alemannia Aachen,9500,eins Erzgebirgsstadion,https://www.transfermarkt.de/spielbericht/index/spielbericht/1121025
2011/12,17.07.2011,FC Hansa Rostock,SC Paderborn 07,19000,Ostseestadion,https://www.transfermarkt.de/spielbericht/index/spielbericht/1121027
2011/12,17.07.2011,Eintracht Braunschweig,TSV 1860 München,22167,EINTRACHT-Stadion,https://www.transfermarkt.de/spielbericht/index/spielbericht/1121029
2011/12,17.07.2011,Karlsruher SC,MSV Duisburg,17087,BBBank Wildpark,https://www.transfermarkt.de/spielbericht/index/spielbericht/1121031
2011/12,18.07.2011,Fortuna Düsseldorf,VfL Bochum,33150,MERKUR SPIEL-ARENA,https://www.transfermarkt.de/spielbericht/index/spielbericht/1121028
2011/12,22.07.2011,VfL Bochum,FSV Frankfurt,12313,Vonovia Ruhrstadion,https://www.transfermarkt.de/spielbericht/index/spielbericht/1121330
2011/12,22.07.2011,FC Ingolstadt 04,FC Erzgebirge Aue,6043,Audi Sportpark,https://www.transfermarkt.de/spielbericht/index/spielbericht/1121336
2011/12,22.07.2011,MSV Duisburg,FC Energie Cottbus,15017,MSV-Arena,https://www.transfermarkt.de/spielbericht/index/spielbericht/1121331
2011/12,23.07.2011,TSV 1860 München,Karlsruher SC,26600,Allianz Arena,https://www.transfermarkt.de/spielbericht/index/spielbericht/1121332
2011/12,23.07.2011,1.FC Union Berlin,SpVgg Greuther Fürth,15004,Stadion An der Alten Försterei,https://www.transfermarkt.de/spielbericht/index/spielbericht/1121334
2011/12,24.07.2011,Alemannia Aachen,Eintracht Braunschweig,17541,Tivoli,https://www.transfermarkt.de/spielbericht/index/spielbericht/1121333
2011/12,24.07.2011,SC Paderborn 07,Fortuna Düsseldorf,11014,Home Deluxe Arena,https://www.transfermarkt.de/spielbericht/index/spielbericht/1121335
2011/12,24.07.2011,SG Dynamo Dresden,FC Hansa Rostock,29189,Rudolf-Harbig-Stadion,https://www.transfermarkt.de/spielbericht/index/spielbericht/1121337
2011/12,25.07.2011,Eintracht Frankfurt,FC St. Pauli,16500,Deutsche Bank Park,https://www.transfermarkt.de/spielbericht/index/spielbericht/1121329
2011/12,05.08.2011,FC St. Pauli,Alemannia Aachen,23517,Millerntor-Stadion,https://www.transfermarkt.de/spielbericht/index/spielbericht/1121338
2011/12,05.08.2011,Fortuna Düsseldorf,FC Ingolstadt 04,21240,MERKUR SPIEL-ARENA,https://www.transfermarkt.de/spielbericht/index/spielbericht/1121342
2011/12,05.08.2011,1.FC Union Berlin,SC Paderborn 07,13378,Stadion An der Alten Försterei,https://www.transfermarkt.de/spielbericht/index/spielbericht/1121343
2011/12,06.08.2011,SpVgg Greuther Fürth,SG Dynamo Dresden,11340,Sportpark Ronhof | Thomas Sommer,https://www.transfermarkt.de/spielbericht/index/spielbericht/1121339
2011/12,06.08.2011,FC Energie Cottbus,TSV 1860 München,12000,LEAG Energie Stadion,https://www.transfermarkt.de/spielbericht/index/spielbericht/1121341
2011/12,07.08.2011,FC Erzgebirge Aue,Karlsruher SC,10000,eins Erzgebirgsstadion,https://www.transfermarkt.de/spielbericht/index/spielbericht/1121340
2011/12,07.08.2011,FSV Frankfurt,MSV Duisburg,4132,PSD Bank Arena,https://www.transfermarkt.de/spielbericht/index/spielbericht/1121344
2011/12,07.08.2011,Eintracht Braunschweig,Eintracht Frankfurt,23400,EINTRACHT-Stadion,https://www.transfermarkt.de/spielbericht/index/spielbericht/1121345
2011/12,08.08.2011,FC Hansa Rostock,VfL Bochum,15500,Ostseestadion,https://www.transfermarkt.de/spielbericht/index/spielbericht/1121346
2011/12,12.08.2011,Karlsruher SC,Eintracht Braunschweig,19648,BBBank Wildpark,https://www.transfermarkt.de/spielbericht/index/spielbericht/1121354
2011/12,12.08.2011,SG Dynamo Dresden,1.FC Union Berlin,29315,Rudolf-Harbig-Stadion,https://www.transfermarkt.de/spielbericht/index/spielbericht/1121355
2011/12,12.08.2011,VfL Bochum,FC St. Pauli,22913,Vonovia Ruhrstadion,https://www.transfermarkt.de/spielbericht/index/spielbericht/1121348
2011/12,13.08.2011,Alemannia Aachen,FC Energie Cottbus,13922,Tivoli,https://www.transfermarkt.de/spielbericht/index/spielbericht/1121351
2011/12,13.08.2011,SC Paderborn 07,SpVgg Greuther Fürth,6174,Home Deluxe Arena,https://www.transfermarkt.de/spielbericht/index/spielbericht/1121352
2011/12,14.08.2011,MSV Duisburg,FC Hansa Rostock,13777,MSV-Arena,https://www.transfermarkt.de/spielbericht/index/spielbericht/1121349
2011/12,14.08.2011,TSV 1860 München,FC Erzgebirge Aue,24600,Allianz Arena,https://www.transfermarkt.de/spielbericht/index/spielbericht/1121350
2011/12,14.08.2011,FC Ingolstadt 04,FSV Frankfurt,6609,Audi Sportpark,https://www.transfermarkt.de/spielbericht/index/spielbericht/1121353
2011/12,15.08.2011,Eintracht Frankfurt,Fortuna Düsseldorf,42000,Deutsche Bank Park,https://www.transfermarkt.de/spielbericht/index/spielbericht/1121347
2011/12,19.08.2011,SpVgg Greuther Fürth,FC Ingolstadt 04,8270,Sportpark Ronhof | Thomas Sommer,https://www.transfermarkt.de/spielbericht/index/spielbericht/1121357
2011/12,19.08.2011,Fortuna Düsseldorf,TSV 1860 München,28300,MERKUR SPIEL-ARENA,https://www.transfermarkt.de/spielbericht/index/spielbericht/1121359
2011/12,19.08.2011,FC Hansa Rostock,Alemannia Aachen,14700,Ostseestadion,https://www.transfermarkt.de/spielbericht/index/spielbericht/1121363
2011/12,20.08.2011,1.FC Union Berlin,VfL Bochum,15000,Stadion An der Alten Försterei,https://www.transfermarkt.de/spielbericht/index/spielbericht/1121360
2011/12,20.08.2011,Eintracht Braunschweig,FC Erzgebirge Aue,19400,EINTRACHT-Stadion,https://www.transfermarkt.de/spielbericht/index/spielbericht/1121362
2011/12,21.08.2011,FC Energie Cottbus,Karlsruher SC,11014,LEAG Energie Stadion,https://www.transfermarkt.de/spielbericht/index/spielbericht/1121358
2011/12,21.08.2011,FSV Frankfurt,Eintracht Frankfurt,50250,Deutsche Bank Park,https://www.transfermarkt.de/spielbericht/index/spielbericht/1121361
2011/12,21.08.2011,SG Dynamo Dresden,SC Paderborn 07,25296,Rudolf-Harbig-Stadion,https://www.transfermarkt.de/spielbericht/index/spielbericht/1121364
2011/12,22.08.2011,FC St. Pauli,MSV Duisburg,23354,Millerntor-Stadion,https://www.transfermarkt.de/spielbericht/index/spielbericht/1121356
2011/12,26.08.2011,VfL Bochum,SpVgg Greuther Fürth,10719,Vonovia Ruhrstadion,https://www.transfermarkt.de/spielbericht/index/spielbericht/1121366
2011/12,26.08.2011,MSV Duisburg,SG Dynamo Dresden,12657,MSV-Arena,https://www.transfermarkt.de/spielbericht/index/spielbericht/1121368
2011/12,26.08.2011,FC Ingolstadt 04,FC Hansa Rostock,5802,Audi Sportpark,https://www.transfermarkt.de/spielbericht/index/spielbericht/1121370
2011/12,27.08.2011,Alemannia Aachen,Fortuna Düsseldorf,22500,Tivoli,https://www.transfermarkt.de/spielbericht/index/spielbericht/1121369
2011/12,27.08.2011,Karlsruher SC,FSV Frankfurt,12062,BBBank Wildpark,https://www.transfermarkt.de/spielbericht/index/spielbericht/1121371
2011/12,28.08.2011,Eintracht Frankfurt,SC Paderborn 07,34200,Deutsche Bank Park,https://www.transfermarkt.de/spielbericht/index/spielbericht/1121365
2011/12,28.08.2011,Eintracht Braunschweig,FC St. Pauli,23510,EINTRACHT-Stadion,https://www.transfermarkt.de/spielbericht/index/spielbericht/1121372
2011/12,28.08.2011,TSV 1860 München,1.FC Union Berlin,22500,Allianz Arena,https://www.transfermarkt.de/spielbericht/index/spielbericht/1121373
2011/12,29.08.2011,FC Erzgebirge Aue,FC Energie Cottbus,9400,eins Erzgebirgsstadion,https://www.transfermarkt.de/spielbericht/index/spielbericht/1121367
2011/12,09.09.2011,SpVgg Greuther Fürth,MSV Duisburg,9030,Sportpark Ronhof | Thomas Sommer,https://www.transfermarkt.de/spielbericht/index/spielbericht/1121375
2011/12,09.09.2011,SC Paderborn 07,Alemannia Aachen,7236,Home Deluxe Arena,https://www.transfermarkt.de/spielbericht/index/spielbericht/1121379
2011/12,09.09.2011,FC Hansa Rostock,Eintracht Braunschweig,14200,Ostseestadion,https://www.transfermarkt.de/spielbericht/index/spielbericht/1121381
2011/12,10.09.2011,FC Energie Cottbus,Eintracht Frankfurt,13520,LEAG Energie Stadion,https://www.transfermarkt.de/spielbericht/index/spielbericht/1121376
2011/12,10.09.2011,Fortuna Düsseldorf,Karlsruher SC,27230,MERKUR SPIEL-ARENA,https://www.transfermarkt.de/spielbericht/index/spielbericht/1121377
2011/12,11.09.2011,FC St. Pauli,TSV 1860 München,24487,Millerntor-Stadion,https://www.transfermarkt.de/spielbericht/index/spielbericht/1121374
2011/12,11.09.2011,1.FC Union Berlin,FC Ingolstadt 04,15204,Stadion An der Alten Försterei,https://www.transfermarkt.de/spielbericht/index/spielbericht/1121378
2011/12,11.09.2011,FSV Frankfurt,FC Erzgebirge Aue,3631,PSD Bank Arena,https://www.transfermarkt.de/spielbericht/index/spielbericht/1121380
2011/12,12.09.2011,SG Dynamo Dresden,VfL Bochum,22604,Rudolf-Harbig-Stadion,https://www.transfermarkt.de/spielbericht/index/spielbericht/1121382
2011/12,16.09.2011,Eintracht Frankfurt,FC Hansa Rostock,38500,Deutsche Bank Park,https://www.transfermarkt.de/spielbericht/index/spielbericht/1121383
2011/12,16.09.2011,FC Erzgebirge Aue,Fortuna Düsseldorf,10100,eins Erzgebirgsstadion,https://www.transfermarkt.de/spielbericht/index/spielbericht/1121385
2011/12,16.09.2011,FC Ingolstadt 04,SG Dynamo Dresden,8311,Audi Sportpark,https://www.transfermarkt.de/spielbericht/index/spielbericht/1121389
2011/12,17.09.2011,MSV Duisburg,1.FC Union Berlin,11347,MSV-Arena,https://www.transfermarkt.de/spielbericht/index/spielbericht/1121386
2011/12,17.09.2011,Eintracht Braunschweig,FC Energie Cottbus,22500,EINTRACHT-Stadion,https://www.transfermarkt.de/spielbericht/index/spielbericht/1121391
2011/12,18.09.2011,VfL Bochum,SC Paderborn 07,10407,Vonovia Ruhrstadion,https://www.transfermarkt.de/spielbericht/index/spielbericht/1121384
2011/12,18.09.2011,TSV 1860 München,FSV Frankfurt,20100,Allianz Arena,https://www.transfermarkt.de/spielbericht/index/spielbericht/1121387
2011/12,18.09.2011,Alemannia Aachen,SpVgg Greuther Fürth,14867,Tivoli,https://www.transfermarkt.de/spielbericht/index/spielbericht/1121388
2011/12,19.09.2011,Karlsruher SC,FC St. Pauli,18978,BBBank Wildpark,https://www.transfermarkt.de/spielbericht/index/spielbericht/1121390
2011/12,23.09.2011,FC St. Pauli,FC Erzgebirge Aue,23998,Millerntor-Stadion,https://www.transfermarkt.de/spielbericht/index/spielbericht/1121392
2011/12,23.09.2011,SC Paderborn 07,FC Ingolstadt 04,6951,Home Deluxe Arena,https://www.transfermarkt.de/spielbericht/index/spielbericht/1121397
2011/12,23.09.2011,FSV Frankfurt,Eintracht Braunschweig,4603,PSD Bank Arena,https://www.transfermarkt.de/spielbericht/index/spielbericht/1121398
2011/12,24.09.2011,Fortuna Düsseldorf,FC Energie Cottbus,25000,MERKUR SPIEL-ARENA,https://www.transfermarkt.de/spielbericht/index/spielbericht/1121395
2011/12,24.09.2011,1.FC Union Berlin,Alemannia Aachen,14889,Stadion An der Alten Försterei,https://www.transfermarkt.de/spielbericht/index/spielbericht/1121396
2011/12,25.09.2011,VfL Bochum,MSV Duisburg,13227,Vonovia Ruhrstadion,https://www.transfermarkt.de/spielbericht/index/spielbericht/1121393
2011/12,25.09.2011,SpVgg Greuther Fürth,TSV 1860 München,14200,Sportpark Ronhof | Thomas Sommer,https://www.transfermarkt.de/spielbericht/index/spielbericht/1121394
2011/12,25.09.2011,FC Hansa Rostock,Karlsruher SC,14500,Ostseestadion,https://www.transfermarkt.de/spielbericht/index/spielbericht/1121399
2011/12,26.09.2011,SG Dynamo Dresden,Eintracht Frankfurt,28976,Rudolf-Harbig-Stadion,https://www.transfermarkt.de/spielbericht/index/spielbericht/1121400
2011/12,30.09.2011,Eintracht Frankfurt,1.FC Union Berlin,35100,Deutsche Bank Park,https://www.transfermarkt.de/spielbericht/index/spielbericht/1121401
2011/12,30.09.2011,FC Erzgebirge Aue,FC Hansa Rostock,10000,eins Erzgebirgsstadion,https://www.transfermarkt.de/spielbericht/index/spielbericht/1121402
2011/12,30.09.2011,Alemannia Aachen,FSV Frankfurt,15179,Tivoli,https://www.transfermarkt.de/spielbericht/index/spielbericht/1121406
2011/12,01.10.2011,FC Energie Cottbus,FC St. Pauli,13166,LEAG Energie Stadion,https://www.transfermarkt.de/spielbericht/index/spielbericht/1121403
2011/12,01.10.2011,FC Ingolstadt 04,VfL Bochum,6008,Audi Sportpark,https://www.transfermarkt.de/spielbericht/index/spielbericht/1121407
2011/12,02.10.2011,MSV Duisburg,SC Paderborn 07,11327,MSV-Arena,https://www.transfermarkt.de/spielbericht/index/spielbericht/1121404
2011/12,02.10.2011,TSV 1860 München,SG Dynamo Dresden,35000,Allianz Arena,https://www.transfermarkt.de/spielbericht/index/spielbericht/1121405
2011/12,02.10.2011,Karlsruher SC,SpVgg Greuther Fürth,13245,BBBank Wildpark,https://www.transfermarkt.de/spielbericht/index/spielbericht/1121408
2011/12,03.10.2011,Eintracht Braunschweig,Fortuna Düsseldorf,23050,EINTRACHT-Stadion,https://www.transfermarkt.de/spielbericht/index/spielbericht/1121409
2011/12,14.10.2011,SC Paderborn 07,Eintracht Braunschweig,12298,Home Deluxe Arena,https://www.transfermarkt.de/spielbericht/index/spielbericht/1121415
2011/12,14.10.2011,FC Hansa Rostock,TSV 1860 München,15500,Ostseestadion,https://www.transfermarkt.de/spielbericht/index/spielbericht/1121417
2011/12,14.10.2011,VfL Bochum,Eintracht Frankfurt,20132,Vonovia Ruhrstadion,https://www.transfermarkt.de/spielbericht/index/spielbericht/1121411
2011/12,15.10.2011,MSV Duisburg,FC Ingolstadt 04,9547,MSV-Arena,https://www.transfermarkt.de/spielbericht/index/spielbericht/1121413
2011/12,15.10.2011,1.FC Union Berlin,Karlsruher SC,16301,Stadion An der Alten Försterei,https://www.transfermarkt.de/spielbericht/index/spielbericht/1121414
2011/12,16.10.2011,SpVgg Greuther Fürth,FC Erzgebirge Aue,10560,Sportpark Ronhof | Thomas Sommer,https://www.transfermarkt.de/spielbericht/index/spielbericht/1121412
2011/12,16.10.2011,FSV Frankfurt,FC Energie Cottbus,4276,PSD Bank Arena,https://www.transfermarkt.de/spielbericht/index/spielbericht/1121416
2011/12,16.10.2011,SG Dynamo Dresden,Alemannia Aachen,28309,Rudolf-Harbig-Stadion,https://www.transfermarkt.de/spielbericht/index/spielbericht/1121418
2011/12,17.10.2011,FC St. Pauli,Fortuna Düsseldorf,24487,Millerntor-Stadion,https://www.transfermarkt.de/spielbericht/index/spielbericht/1121410
2011/12,21.10.2011,Fortuna Düsseldorf,FC Hansa Rostock,23550,MERKUR SPIEL-ARENA,https://www.transfermarkt.de/spielbericht/index/spielbericht/1121423
2011/12,21.10.2011,TSV 1860 München,SC Paderborn 07,15100,Allianz Arena,https://www.transfermarkt.de/spielbericht/index/spielbericht/1121424
2011/12,21.10.2011,Karlsruher SC,VfL Bochum,12327,BBBank Wildpark,https://www.transfermarkt.de/spielbericht/index/spielbericht/1121426
2011/12,22.10.2011,FC Energie Cottbus,SpVgg Greuther Fürth,9910,LEAG Energie Stadion,https://www.transfermarkt.de/spielbericht/index/spielbericht/1121422
2011/12,22.10.2011,Eintracht Braunschweig,SG Dynamo Dresden,22625,EINTRACHT-Stadion,https://www.transfermarkt.de/spielbericht/index/spielbericht/1121427
2011/12,23.10.2011,Eintracht Frankfurt,MSV Duisburg,39900,Deutsche Bank Park,https://www.transfermarkt.de/spielbericht/index/spielbericht/1121419
2011/12,23.10.2011,FC St. Pauli,FSV Frankfurt,24487,Millerntor-Stadion,https://www.transfermarkt.de/spielbericht/index/spielbericht/1121420
2011/12,23.10.2011,FC Erzgebirge Aue,1.FC Union Berlin,10100,eins Erzgebirgsstadion,https://www.transfermarkt.de/spielbericht/index/spielbericht/1121421
2011/12,23.10.2011,Alemannia Aachen,FC Ingolstadt 04,15622,Tivoli,https://www.transfermarkt.de/spielbericht/index/spielbericht/1121425
2011/12,28.10.2011,VfL Bochum,Alemannia Aachen,14286,Vonovia Ruhrstadion,https://www.transfermarkt.de/spielbericht/index/spielbericht/1121428
2011/12,28.10.2011,1.FC Union Berlin,FC St. Pauli,18432,Stadion An der Alten Försterei,https://www.transfermarkt.de/spielbericht/index/spielbericht/1121431
2011/12,28.10.2011,FC Hansa Rostock,FC Energie Cottbus,14700,Ostseestadion,https://www.transfermarkt.de/spielbericht/index/spielbericht/1121435
2011/12,29.10.2011,SC Paderborn 07,FC Erzgebirge Aue,7000,Home Deluxe Arena,https://www.transfermarkt.de/spielbericht/index/spielbericht/1121432
2011/12,29.10.2011,SG Dynamo Dresden,Karlsruher SC,23610,Rudolf-Harbig-Stadion,https://www.transfermarkt.de/spielbericht/index/spielbericht/1121436
2011/12,30.10.2011,MSV Duisburg,TSV 1860 München,11387,MSV-Arena,https://www.transfermarkt.de/spielbericht/index/spielbericht/1121430
2011/12,30.10.2011,FSV Frankfurt,Fortuna Düsseldorf,7719,PSD Bank Arena,https://www.transfermarkt.de/spielbericht/index/spielbericht/1121433
2011/12,30.10.2011,FC Ingolstadt 04,Eintracht Frankfurt,8000,Audi Sportpark,https://www.transfermarkt.de/spielbericht/index/spielbericht/1121434
2011/12,31.10.2011,SpVgg Greuther Fürth,Eintracht Braunschweig,10240,Sportpark Ronhof | Thomas Sommer,https://www.transfermarkt.de/spielbericht/index/spielbericht/1121429
2011/12,04.11.2011,Fortuna Düsseldorf,SG Dynamo Dresden,32300,MERKUR SPIEL-ARENA,https://www.transfermarkt.de/spielbericht/index/spielbericht/1121440
2011/12,04.11.2011,Karlsruher SC,FC Ingolstadt 04,13000,BBBank Wildpark,https://www.transfermarkt.de/spielbericht/index/spielbericht/1121444
2011/12,04.11.2011,Eintracht Braunschweig,1.FC Union Berlin,22355,EINTRACHT-Stadion,https://www.transfermarkt.de/spielbericht/index/spielbericht/1121445
2011/12,05.11.2011,FC St. Pauli,SpVgg Greuther Fürth,24487,Millerntor-Stadion,https://www.transfermarkt.de/spielbericht/index/spielbericht/1121437
2011/12,05.11.2011,TSV 1860 München,VfL Bochum,18300,Allianz Arena,https://www.transfermarkt.de/spielbericht/index/spielbericht/1121441
2011/12,06.11.2011,FC Energie Cottbus,SC Paderborn 07,8725,LEAG Energie Stadion,https://www.transfermarkt.de/spielbericht/index/spielbericht/1121439
2011/12,06.11.2011,Alemannia Aachen,MSV Duisburg,31180,Tivoli,https://www.transfermarkt.de/spielbericht/index/spielbericht/1121442
2011/12,06.11.2011,FSV Frankfurt,FC Hansa Rostock,5691,PSD Bank Arena,https://www.transfermarkt.de/spielbericht/index/spielbericht/1121443
2011/12,07.11.2011,FC Erzgebirge Aue,Eintracht Frankfurt,8600,eins Erzgebirgsstadion,https://www.transfermarkt.de/spielbericht/index/spielbericht/1121438
2011/12,18.11.2011,MSV Duisburg,Eintracht Braunschweig,11237,MSV-Arena,https://www.transfermarkt.de/spielbericht/index/spielbericht/1121449
2011/12,18.11.2011,SC Paderborn 07,Karlsruher SC,8058,Home Deluxe Arena,https://www.transfermarkt.de/spielbericht/index/spielbericht/1121451
2011/12,18.11.2011,FC Ingolstadt 04,TSV 1860 München,13850,Audi Sportpark,https://www.transfermarkt.de/spielbericht/index/spielbericht/1121452
2011/12,19.11.2011,1.FC Union Berlin,Fortuna Düsseldorf,18432,Stadion An der Alten Försterei,https://www.transfermarkt.de/spielbericht/index/spielbericht/1121450
2011/12,19.11.2011,FC Hansa Rostock,FC St. Pauli,24300,Ostseestadion,https://www.transfermarkt.de/spielbericht/index/spielbericht/1121453
2011/12,20.11.2011,Eintracht Frankfurt,Alemannia Aachen,38500,Deutsche Bank Park,https://www.transfermarkt.de/spielbericht/index/spielbericht/1121446
2011/12,20.11.2011,SpVgg Greuther Fürth,FSV Frankfurt,7030,Sportpark Ronhof | Thomas Sommer,https://www.transfermarkt.de/spielbericht/index/spielbericht/1121448
2011/12,20.11.2011,SG Dynamo Dresden,FC Erzgebirge Aue,29057,Rudolf-Harbig-Stadion,https://www.transfermarkt.de/spielbericht/index/spielbericht/1121454
2011/12,21.11.2011,VfL Bochum,FC Energie Cottbus,14000,Vonovia Ruhrstadion,https://www.transfermarkt.de/spielbericht/index/spielbericht/1121447
2011/12,25.11.2011,FC Erzgebirge Aue,MSV Duisburg,7300,eins Erzgebirgsstadion,https://www.transfermarkt.de/spielbericht/index/spielbericht/1121456
2011/12,25.11.2011,FSV Frankfurt,SC Paderborn 07,2826,PSD Bank Arena,https://www.transfermarkt.de/spielbericht/index/spielbericht/1121460
2011/12,25.11.2011,FC Hansa Rostock,1.FC Union Berlin,14000,Ostseestadion,https://www.transfermarkt.de/spielbericht/index/spielbericht/1121463
2011/12,26.11.2011,TSV 1860 München,Eintracht Frankfurt,30660,Allianz Arena,https://www.transfermarkt.de/spielbericht/index/spielbericht/1121459
2011/12,26.11.2011,Karlsruher SC,Alemannia Aachen,14000,BBBank Wildpark,https://www.transfermarkt.de/spielbericht/index/spielbericht/1121461
2011/12,27.11.2011,FC St. Pauli,SG Dynamo Dresden,24123,Millerntor-Stadion,https://www.transfermarkt.de/spielbericht/index/spielbericht/1121455
2011/12,27.11.2011,FC Energie Cottbus,FC Ingolstadt 04,7700,LEAG Energie Stadion,https://www.transfermarkt.de/spielbericht/index/spielbericht/1121457
2011/12,27.11.2011,Eintracht Braunschweig,VfL Bochum,20280,EINTRACHT-Stadion,https://www.transfermarkt.de/spielbericht/index/spielbericht/1121462
2011/12,28.11.2011,Fortuna Düsseldorf,SpVgg Greuther Fürth,33017,MERKUR SPIEL-ARENA,https://www.transfermarkt.de/spielbericht/index/spielbericht/1121458
2011/12,02.12.2011,1.FC Union Berlin,FC Energie Cottbus,17478,Stadion An der Alten Försterei,https://www.transfermarkt.de/spielbericht/index/spielbericht/1121469
2011/12,02.12.2011,SC Paderborn 07,FC St. Pauli,15001,Home Deluxe Arena,https://www.transfermarkt.de/spielbericht/index/spielbericht/1121470
2011/12,02.12.2011,FC Ingolstadt 04,Eintracht Braunschweig,4650,Audi Sportpark,https://www.transfermarkt.de/spielbericht/index/spielbericht/1121471
2011/12,03.12.2011,Eintracht Frankfurt,Karlsruher SC,37100,Deutsche Bank Park,https://www.transfermarkt.de/spielbericht/index/spielbericht/1121464
2011/12,03.12.2011,SpVgg Greuther Fürth,FC Hansa Rostock,7480,Sportpark Ronhof | Thomas Sommer,https://www.transfermarkt.de/spielbericht/index/spielbericht/1121466
2011/12,04.12.2011,VfL Bochum,FC Erzgebirge Aue,9661,Vonovia Ruhrstadion,https://www.transfermarkt.de/spielbericht/index/spielbericht/1121465
2011/12,04.12.2011,Alemannia Aachen,TSV 1860 München,17023,Tivoli,https://www.transfermarkt.de/spielbericht/index/spielbericht/1121468
2011/12,04.12.2011,SG Dynamo Dresden,FSV Frankfurt,19000,Rudolf-Harbig-Stadion,https://www.transfermarkt.de/spielbericht/index/spielbericht/1121472
2011/12,05.12.2011,MSV Duisburg,Fortuna Düsseldorf,23117,MSV-Arena,https://www.transfermarkt.de/spielbericht/index/spielbericht/1121467
2011/12,09.12.2011,SC Paderborn 07,FC Hansa Rostock,7658,Home Deluxe Arena,https://www.transfermarkt.de/spielbericht/index/spielbericht/1121477
2011/12,09.12.2011,TSV 1860 München,Eintracht Braunschweig,16400,Allianz Arena,https://www.transfermarkt.de/spielbericht/index/spielbericht/1121479
2011/12,09.12.2011,MSV Duisburg,Karlsruher SC,9147,MSV-Arena,https://www.transfermarkt.de/spielbericht/index/spielbericht/1121481
2011/12,10.12.2011,VfL Bochum,Fortuna Düsseldorf,17260,Vonovia Ruhrstadion,https://www.transfermarkt.de/spielbericht/index/spielbericht/1121475
2011/12,10.12.2011,1.FC Union Berlin,FSV Frankfurt,12721,Stadion An der Alten Försterei,https://www.transfermarkt.de/spielbericht/index/spielbericht/1121480
2011/12,11.12.2011,FC Ingolstadt 04,FC St. Pauli,8754,Audi Sportpark,https://www.transfermarkt.de/spielbericht/index/spielbericht/1121473
2011/12,11.12.2011,Alemannia Aachen,FC Erzgebirge Aue,14378,Tivoli,https://www.transfermarkt.de/spielbericht/index/spielbericht/1121476
2011/12,11.12.2011,SG Dynamo Dresden,FC Energie Cottbus,28315,Rudolf-Harbig-Stadion,https://www.transfermarkt.de/spielbericht/index/spielbericht/1121478
2011/12,12.12.2011,Eintracht Frankfurt,SpVgg Greuther Fürth,35500,Deutsche Bank Park,https://www.transfermarkt.de/spielbericht/index/spielbericht/1121474
2011/12,16.12.2011,SpVgg Greuther Fürth,1.FC Union Berlin,7130,Sportpark Ronhof | Thomas Sommer,https://www.transfermarkt.de/spielbericht/index/spielbericht/1121487
2011/12,16.12.2011,Fortuna Düsseldorf,SC Paderborn 07,28000,MERKUR SPIEL-ARENA,https://www.transfermarkt.de/spielbericht/index/spielbericht/1121488
2011/12,16.12.2011,FC Erzgebirge Aue,FC Ingolstadt 04,6500,eins Erzgebirgsstadion,https://www.transfermarkt.de/spielbericht/index/spielbericht/1121489
2011/12,17.12.2011,FSV Frankfurt,VfL Bochum,3396,PSD Bank Arena,https://www.transfermarkt.de/spielbericht/index/spielbericht/1121483
2011/12,17.12.2011,Karlsruher SC,TSV 1860 München,12640,BBBank Wildpark,https://www.transfermarkt.de/spielbericht/index/spielbericht/1121485
2011/12,18.12.2011,FC Energie Cottbus,MSV Duisburg,7500,LEAG Energie Stadion,https://www.transfermarkt.de/spielbericht/index/spielbericht/1121484
2011/12,18.12.2011,Eintracht Braunschweig,Alemannia Aachen,20000,EINTRACHT-Stadion,https://www.transfermarkt.de/spielbericht/index/spielbericht/1121486
2011/12,19.12.2011,FC St. Pauli,Eintracht Frankfurt,24487,Millerntor-Stadion,https://www.transfermarkt.de/spielbericht/index/spielbericht/1121482
2011/12,03.02.2012,SG Dynamo Dresden,SpVgg Greuther Fürth,23555,Rudolf-Harbig-Stadion,https://www.transfermarkt.de/spielbericht/index/spielbericht/1121492
2011/12,03.02.2012,SC Paderborn 07,1.FC Union Berlin,7549,Home Deluxe Arena,https://www.transfermarkt.de/spielbericht/index/spielbericht/1121496
2011/12,03.02.2012,MSV Duisburg,FSV Frankfurt,9577,MSV-Arena,https://www.transfermarkt.de/spielbericht/index/spielbericht/1121497
2011/12,04.02.2012,Alemannia Aachen,FC St. Pauli,22752,Tivoli,https://www.transfermarkt.de/spielbericht/index/spielbericht/1121491
2011/12,04.02.2012,FC Ingolstadt 04,Fortuna Düsseldorf,6585,Audi Sportpark,https://www.transfermarkt.de/spielbericht/index/spielbericht/1121495
2011/12,05.02.2012,Karlsruher SC,FC Erzgebirge Aue,11515,BBBank Wildpark,https://www.transfermarkt.de/spielbericht/index/spielbericht/1121493
2011/12,05.02.2012,Eintracht Frankfurt,Eintracht Braunschweig,36200,Deutsche Bank Park,https://www.transfermarkt.de/spielbericht/index/spielbericht/1121498
2011/12,05.02.2012,VfL Bochum,FC Hansa Rostock,12819,Vonovia Ruhrstadion,https://www.transfermarkt.de/spielbericht/index/spielbericht/1121499
2011/12,06.02.2012,TSV 1860 München,FC Energie Cottbus,14600,Allianz Arena,https://www.transfermarkt.de/spielbericht/index/spielbericht/1121494
2011/12,10.02.2012,FC Energie Cottbus,Alemannia Aachen,6280,LEAG Energie Stadion,https://www.transfermarkt.de/spielbericht/index/spielbericht/1121504
2011/12,10.02.2012,FSV Frankfurt,FC Ingolstadt 04,3027,PSD Bank Arena,https://www.transfermarkt.de/spielbericht/index/spielbericht/1121506
2011/12,11.02.2012,Eintracht Braunschweig,Karlsruher SC,19000,EINTRACHT-Stadion,https://www.transfermarkt.de/spielbericht/index/spielbericht/1121507
2011/12,11.02.2012,1.FC Union Berlin,SG Dynamo Dresden,18432,Stadion An der Alten Försterei,https://www.transfermarkt.de/spielbericht/index/spielbericht/1121508
2011/12,12.02.2012,FC St. Pauli,VfL Bochum,24257,Millerntor-Stadion,https://www.transfermarkt.de/spielbericht/index/spielbericht/1121501
2011/12,12.02.2012,FC Hansa Rostock,MSV Duisburg,9200,Ostseestadion,https://www.transfermarkt.de/spielbericht/index/spielbericht/1121502
2011/12,12.02.2012,SpVgg Greuther Fürth,SC Paderborn 07,9230,Sportpark Ronhof | Thomas Sommer,https://www.transfermarkt.de/spielbericht/index/spielbericht/1121505
2011/12,13.02.2012,Fortuna Düsseldorf,Eintracht Frankfurt,41213,MERKUR SPIEL-ARENA,https://www.transfermarkt.de/spielbericht/index/spielbericht/1121500
2011/12,14.03.2012,FC Erzgebirge Aue,TSV 1860 München,7500,eins Erzgebirgsstadion,https://www.transfermarkt.de/spielbericht/index/spielbericht/1121503
2011/12,17.02.2012,MSV Duisburg,FC St. Pauli,15117,MSV-Arena,https://www.transfermarkt.de/spielbericht/index/spielbericht/1121509
2011/12,17.02.2012,Karlsruher SC,FC Energie Cottbus,11880,BBBank Wildpark,https://www.transfermarkt.de/spielbericht/index/spielbericht/1121511
2011/12,17.02.2012,SC Paderborn 07,SG Dynamo Dresden,8066,Home Deluxe Arena,https://www.transfermarkt.de/spielbericht/index/spielbericht/1121517
2011/12,18.02.2012,VfL Bochum,1.FC Union Berlin,11501,Vonovia Ruhrstadion,https://www.transfermarkt.de/spielbericht/index/spielbericht/1121513
2011/12,18.02.2012,Eintracht Frankfurt,FSV Frankfurt,40700,Deutsche Bank Park,https://www.transfermarkt.de/spielbericht/index/spielbericht/1121514
2011/12,19.02.2012,FC Ingolstadt 04,SpVgg Greuther Fürth,7010,Audi Sportpark,https://www.transfermarkt.de/spielbericht/index/spielbericht/1121510
2011/12,19.02.2012,TSV 1860 München,Fortuna Düsseldorf,21400,Allianz Arena,https://www.transfermarkt.de/spielbericht/index/spielbericht/1121512
2011/12,19.02.2012,Alemannia Aachen,FC Hansa Rostock,14178,Tivoli,https://www.transfermarkt.de/spielbericht/index/spielbericht/1121516
2011/12,20.02.2012,FC Erzgebirge Aue,Eintracht Braunschweig,6200,eins Erzgebirgsstadion,https://www.transfermarkt.de/spielbericht/index/spielbericht/1121515
2011/12,24.02.2012,SG Dynamo Dresden,MSV Duisburg,22109,Rudolf-Harbig-Stadion,https://www.transfermarkt.de/spielbericht/index/spielbericht/1121521
2011/12,24.02.2012,FC Hansa Rostock,FC Ingolstadt 04,12800,Ostseestadion,https://www.transfermarkt.de/spielbericht/index/spielbericht/1121523
2011/12,24.02.2012,1.FC Union Berlin,TSV 1860 München,15723,Stadion An der Alten Försterei,https://www.transfermarkt.de/spielbericht/index/spielbericht/1121526
2011/12,25.02.2012,SpVgg Greuther Fürth,VfL Bochum,8630,Sportpark Ronhof | Thomas Sommer,https://www.transfermarkt.de/spielbericht/index/spielbericht/1121519
2011/12,25.02.2012,FC Energie Cottbus,FC Erzgebirge Aue,9442,LEAG Energie Stadion,https://www.transfermarkt.de/spielbericht/index/spielbericht/1121520
2011/12,26.02.2012,SC Paderborn 07,Eintracht Frankfurt,15001,Home Deluxe Arena,https://www.transfermarkt.de/spielbericht/index/spielbericht/1121518
2011/12,26.02.2012,FSV Frankfurt,Karlsruher SC,6089,PSD Bank Arena,https://www.transfermarkt.de/spielbericht/index/spielbericht/1121524
2011/12,26.02.2012,FC St. Pauli,Eintracht Braunschweig,24487,Millerntor-Stadion,https://www.transfermarkt.de/spielbericht/index/spielbericht/1121525
2011/12,27.02.2012,Fortuna Düsseldorf,Alemannia Aachen,28712,MERKUR SPIEL-ARENA,https://www.transfermarkt.de/spielbericht/index/spielbericht/1121522
2011/12,02.03.2012,MSV Duisburg,SpVgg Greuther Fürth,10077,MSV-Arena,https://www.transfermarkt.de/spielbericht/index/spielbericht/1121528
2011/12,02.03.2012,FC Ingolstadt 04,1.FC Union Berlin,6264,Audi Sportpark,https://www.transfermarkt.de/spielbericht/index/spielbericht/1121531
2011/12,02.03.2012,VfL Bochum,SG Dynamo Dresden,14498,Vonovia Ruhrstadion,https://www.transfermarkt.de/spielbericht/index/spielbericht/1121535
2011/12,03.03.2012,Karlsruher SC,Fortuna Düsseldorf,16419,BBBank Wildpark,https://www.transfermarkt.de/spielbericht/index/spielbericht/1121530
2011/12,03.03.2012,Alemannia Aachen,SC Paderborn 07,15079,Tivoli,https://www.transfermarkt.de/spielbericht/index/spielbericht/1121532
2011/12,04.03.2012,Eintracht Frankfurt,FC Energie Cottbus,28000,Deutsche Bank Park,https://www.transfermarkt.de/spielbericht/index/spielbericht/1121529
2011/12,04.03.2012,FC Erzgebirge Aue,FSV Frankfurt,9400,eins Erzgebirgsstadion,https://www.transfermarkt.de/spielbericht/index/spielbericht/1121533
2011/12,04.03.2012,Eintracht Braunschweig,FC Hansa Rostock,22990,EINTRACHT-Stadion,https://www.transfermarkt.de/spielbericht/index/spielbericht/1121534
2011/12,05.03.2012,TSV 1860 München,FC St. Pauli,31600,Allianz Arena,https://www.transfermarkt.de/spielbericht/index/spielbericht/1121527
2011/12,09.03.2012,SC Paderborn 07,VfL Bochum,13202,Home Deluxe Arena,https://www.transfermarkt.de/spielbericht/index/spielbericht/1121537
2011/12,09.03.2012,1.FC Union Berlin,MSV Duisburg,15076,Stadion An der Alten Försterei,https://www.transfermarkt.de/spielbericht/index/spielbericht/1121539
2011/12,09.03.2012,SpVgg Greuther Fürth,Alemannia Aachen,11310,Sportpark Ronhof | Thomas Sommer,https://www.transfermarkt.de/spielbericht/index/spielbericht/1121541
2011/12,10.03.2012,Fortuna Düsseldorf,FC Erzgebirge Aue,30237,MERKUR SPIEL-ARENA,https://www.transfermarkt.de/spielbericht/index/spielbericht/1121538
2011/12,10.03.2012,FSV Frankfurt,TSV 1860 München,6019,PSD Bank Arena,https://www.transfermarkt.de/spielbericht/index/spielbericht/1121540
2011/12,11.03.2012,FC Hansa Rostock,Eintracht Frankfurt,13300,Ostseestadion,https://www.transfermarkt.de/spielbericht/index/spielbericht/1121536
2011/12,11.03.2012,FC Energie Cottbus,Eintracht Braunschweig,8870,LEAG Energie Stadion,https://www.transfermarkt.de/spielbericht/index/spielbericht/1121544
2011/12,12.03.2012,FC St. Pauli,Karlsruher SC,23354,Millerntor-Stadion,https://www.transfermarkt.de/spielbericht/index/spielbericht/1121543
2011/12,16.03.2012,Alemannia Aachen,1.FC Union Berlin,15165,Tivoli,https://www.transfermarkt.de/spielbericht/index/spielbericht/1121549
2011/12,16.03.2012,Eintracht Braunschweig,FSV Frankfurt,19950,EINTRACHT-Stadion,https://www.transfermarkt.de/spielbericht/index/spielbericht/1121551
2011/12,16.03.2012,Eintracht Frankfurt,SG Dynamo Dresden,37100,Deutsche Bank Park,https://www.transfermarkt.de/spielbericht/index/spielbericht/1121553
2011/12,17.03.2012,TSV 1860 München,SpVgg Greuther Fürth,29600,Allianz Arena,https://www.transfermarkt.de/spielbericht/index/spielbericht/1121547
2011/12,17.03.2012,FC Ingolstadt 04,SC Paderborn 07,6500,Audi Sportpark,https://www.transfermarkt.de/spielbericht/index/spielbericht/1121550
2011/12,18.03.2012,FC Erzgebirge Aue,FC St. Pauli,11500,eins Erzgebirgsstadion,https://www.transfermarkt.de/spielbericht/index/spielbericht/1121545
2011/12,18.03.2012,MSV Duisburg,VfL Bochum,15727,MSV-Arena,https://www.transfermarkt.de/spielbericht/index/spielbericht/1121546
2011/12,18.03.2012,Karlsruher SC,FC Hansa Rostock,15055,BBBank Wildpark,https://www.transfermarkt.de/spielbericht/index/spielbericht/1121552
2011/12,19.03.2012,FC Energie Cottbus,Fortuna Düsseldorf,7819,LEAG Energie Stadion,https://www.transfermarkt.de/spielbericht/index/spielbericht/1121548
2011/12,23.03.2012,SG Dynamo Dresden,TSV 1860 München,29323,Rudolf-Harbig-Stadion,https://www.transfermarkt.de/spielbericht/index/spielbericht/1121558
2011/12,23.03.2012,FSV Frankfurt,Alemannia Aachen,4500,PSD Bank Arena,https://www.transfermarkt.de/spielbericht/index/spielbericht/1121559
2011/12,23.03.2012,VfL Bochum,FC Ingolstadt 04,12346,Vonovia Ruhrstadion,https://www.transfermarkt.de/spielbericht/index/spielbericht/1121560
2011/12,24.03.2012,SpVgg Greuther Fürth,Karlsruher SC,12760,Sportpark Ronhof | Thomas Sommer,https://www.transfermarkt.de/spielbericht/index/spielbericht/1121561
2011/12,24.03.2012,Fortuna Düsseldorf,Eintracht Braunschweig,35427,MERKUR SPIEL-ARENA,https://www.transfermarkt.de/spielbericht/index/spielbericht/1121562
2011/12,25.03.2012,FC Hansa Rostock,FC Erzgebirge Aue,13000,Ostseestadion,https://www.transfermarkt.de/spielbericht/index/spielbericht/1121555
2011/12,25.03.2012,FC St. Pauli,FC Energie Cottbus,23533,Millerntor-Stadion,https://www.transfermarkt.de/spielbericht/index/spielbericht/1121556
2011/12,25.03.2012,SC Paderborn 07,MSV Duisburg,12178,Home Deluxe Arena,https://www.transfermarkt.de/spielbericht/index/spielbericht/1121557
2011/12,26.03.2012,1.FC Union Berlin,Eintracht Frankfurt,16589,Stadion An der Alten Försterei,https://www.transfermarkt.de/spielbericht/index/spielbericht/1121554
2011/12,30.03.2012,Eintracht Frankfurt,VfL Bochum,40000,Deutsche Bank Park,https://www.transfermarkt.de/spielbericht/index/spielbericht/1121564
2011/12,30.03.2012,Eintracht Braunschweig,SC Paderborn 07,20350,EINTRACHT-Stadion,https://www.transfermarkt.de/spielbericht/index/spielbericht/1121568
2011/12,30.03.2012,Alemannia Aachen,SG Dynamo Dresden,18572,Tivoli,https://www.transfermarkt.de/spielbericht/index/spielbericht/1121571
2011/12,31.03.2012,FC Erzgebirge Aue,SpVgg Greuther Fürth,8700,eins Erzgebirgsstadion,https://www.transfermarkt.de/spielbericht/index/spielbericht/1121565
2011/12,31.03.2012,TSV 1860 München,FC Hansa Rostock,17700,Allianz Arena,https://www.transfermarkt.de/spielbericht/index/spielbericht/1121570
2011/12,01.04.2012,FC Ingolstadt 04,MSV Duisburg,7308,Audi Sportpark,https://www.transfermarkt.de/spielbericht/index/spielbericht/1121566
2011/12,01.04.2012,Karlsruher SC,1.FC Union Berlin,14588,BBBank Wildpark,https://www.transfermarkt.de/spielbericht/index/spielbericht/1121567
2011/12,01.04.2012,FC Energie Cottbus,FSV Frankfurt,6500,LEAG Energie Stadion,https://www.transfermarkt.de/spielbericht/index/spielbericht/1121569
2011/12,02.04.2012,Fortuna Düsseldorf,FC St. Pauli,47484,MERKUR SPIEL-ARENA,https://www.transfermarkt.de/spielbericht/index/spielbericht/1121563
2011/12,10.04.2012,Eintracht Braunschweig,SpVgg Greuther Fürth,20450,EINTRACHT-Stadion,https://www.transfermarkt.de/spielbericht/index/spielbericht/1121582
2011/12,10.04.2012,FC St. Pauli,1.FC Union Berlin,24487,Millerntor-Stadion,https://www.transfermarkt.de/spielbericht/index/spielbericht/1121584
2011/12,10.04.2012,Fortuna Düsseldorf,FSV Frankfurt,25107,MERKUR SPIEL-ARENA,https://www.transfermarkt.de/spielbericht/index/spielbericht/1121586
2011/12,10.04.2012,FC Energie Cottbus,FC Hansa Rostock,12100,LEAG Energie Stadion,https://www.transfermarkt.de/spielbericht/index/spielbericht/1121588
2011/12,11.04.2012,Alemannia Aachen,VfL Bochum,17505,Tivoli,https://www.transfermarkt.de/spielbericht/index/spielbericht/1121581
2011/12,11.04.2012,TSV 1860 München,MSV Duisburg,14400,Allianz Arena,https://www.transfermarkt.de/spielbericht/index/spielbericht/1121583
2011/12,11.04.2012,FC Erzgebirge Aue,SC Paderborn 07,7230,eins Erzgebirgsstadion,https://www.transfermarkt.de/spielbericht/index/spielbericht/1121585
2011/12,11.04.2012,Eintracht Frankfurt,FC Ingolstadt 04,38000,Deutsche Bank Park,https://www.transfermarkt.de/spielbericht/index/spielbericht/1121587
2011/12,11.04.2012,Karlsruher SC,SG Dynamo Dresden,17489,BBBank Wildpark,https://www.transfermarkt.de/spielbericht/index/spielbericht/1121589
2011/12,13.04.2012,SpVgg Greuther Fürth,FC St. Pauli,15500,Sportpark Ronhof | Thomas Sommer,https://www.transfermarkt.de/spielbericht/index/spielbericht/1121590
2011/12,13.04.2012,FC Hansa Rostock,FSV Frankfurt,16500,Ostseestadion,https://www.transfermarkt.de/spielbericht/index/spielbericht/1121596
2011/12,13.04.2012,1.FC Union Berlin,Eintracht Braunschweig,17028,Stadion An der Alten Försterei,https://www.transfermarkt.de/spielbericht/index/spielbericht/1121598
2011/12,14.04.2012,Eintracht Frankfurt,FC Erzgebirge Aue,46600,Deutsche Bank Park,https://www.transfermarkt.de/spielbericht/index/spielbericht/1121591
2011/12,14.04.2012,MSV Duisburg,Alemannia Aachen,15127,MSV-Arena,https://www.transfermarkt.de/spielbericht/index/spielbericht/1121595
2011/12,15.04.2012,SC Paderborn 07,FC Energie Cottbus,10363,Home Deluxe Arena,https://www.transfermarkt.de/spielbericht/index/spielbericht/1121592
2011/12,15.04.2012,VfL Bochum,TSV 1860 München,10132,Vonovia Ruhrstadion,https://www.transfermarkt.de/spielbericht/index/spielbericht/1121594
2011/12,15.04.2012,FC Ingolstadt 04,Karlsruher SC,8328,Audi Sportpark,https://www.transfermarkt.de/spielbericht/index/spielbericht/1121597
2011/12,16.04.2012,SG Dynamo Dresden,Fortuna Düsseldorf,26367,Rudolf-Harbig-Stadion,https://www.transfermarkt.de/spielbericht/index/spielbericht/1121593
2012/13,03.08.2012,FC Ingolstadt 04,FC Energie Cottbus,6517,Audi Sportpark,https://www.transfermarkt.de/spielbericht/index/spielbericht/2222532
2012/13,03.08.2012,FC Erzgebirge Aue,FC St. Pauli,12200,eins Erzgebirgsstadion,https://www.transfermarkt.de/spielbericht/index/spielbericht/2222533
2012/13,03.08.2012,Hertha BSC,SC Paderborn 07,23404,Olympiastadion Berlin,https://www.transfermarkt.de/spielbericht/index/spielbericht/2222526
2012/13,04.08.2012,TSV 1860 München,SSV Jahn Regensburg,45300,Allianz Arena,https://www.transfermarkt.de/spielbericht/index/spielbericht/2222528
2012/13,04.08.2012,VfL Bochum,SG Dynamo Dresden,16191,Vonovia Ruhrstadion,https://www.transfermarkt.de/spielbericht/index/spielbericht/2222531
2012/13,05.08.2012,MSV Duisburg,VfR Aalen,14377,MSV-Arena,https://www.transfermarkt.de/spielbericht/index/spielbericht/2222530
2012/13,05.08.2012,SV Sandhausen,FSV Frankfurt,4900,Stadion am Hardtwald,https://www.transfermarkt.de/spielbericht/index/spielbericht/2222534
2012/13,05.08.2012,Eintracht Braunschweig,1.FC Köln,21820,EINTRACHT-Stadion,https://www.transfermarkt.de/spielbericht/index/spielbericht/2222529
2012/13,06.08.2012,1.FC Kaiserslautern,1.FC Union Berlin,31618,Fritz-Walter-Stadion,https://www.transfermarkt.de/spielbericht/index/spielbericht/2222527
2012/13,10.08.2012,VfR Aalen,1.FC Kaiserslautern,12038,CENTUS Arena,https://www.transfermarkt.de/spielbericht/index/spielbericht/2231687
2012/13,10.08.2012,1.FC Köln,SV Sandhausen,22900,RheinEnergieSTADION,https://www.transfermarkt.de/spielbericht/index/spielbericht/2231698
2012/13,10.08.2012,FC Energie Cottbus,FC Erzgebirge Aue,12300,LEAG Energie Stadion,https://www.transfermarkt.de/spielbericht/index/spielbericht/2231686
2012/13,11.08.2012,SC Paderborn 07,VfL Bochum,10764,Home Deluxe Arena,https://www.transfermarkt.de/spielbericht/index/spielbericht/2231683
2012/13,11.08.2012,FC St. Pauli,FC Ingolstadt 04,18309,Millerntor-Stadion,https://www.transfermarkt.de/spielbericht/index/spielbericht/2231699
2012/13,12.08.2012,1.FC Union Berlin,Eintracht Braunschweig,16750,Stadion An der Alten Försterei,https://www.transfermarkt.de/spielbericht/index/spielbericht/2231685
2012/13,12.08.2012,SSV Jahn Regensburg,MSV Duisburg,7818,Jahnstadion,https://www.transfermarkt.de/spielbericht/index/spielbericht/2231688
2012/13,12.08.2012,FSV Frankfurt,Hertha BSC,6329,PSD Bank Arena,https://www.transfermarkt.de/spielbericht/index/spielbericht/2231682
2012/13,13.08.2012,SG Dynamo Dresden,TSV 1860 München,9772,Rudolf-Harbig-Stadion,https://www.transfermarkt.de/spielbericht/index/spielbericht/2231684
2012/13,24.08.2012,Eintracht Braunschweig,SC Paderborn 07,19500,EINTRACHT-Stadion,https://www.transfermarkt.de/spielbericht/index/spielbericht/2231691
2012/13,24.08.2012,Hertha BSC,SSV Jahn Regensburg,29886,Olympiastadion Berlin,https://www.transfermarkt.de/spielbericht/index/spielbericht/2231692
2012/13,24.08.2012,SV Sandhausen,1.FC Union Berlin,3500,Stadion am Hardtwald,https://www.transfermarkt.de/spielbericht/index/spielbericht/2231700
2012/13,25.08.2012,MSV Duisburg,SG Dynamo Dresden,10877,MSV-Arena,https://www.transfermarkt.de/spielbericht/index/spielbericht/2231689
2012/13,25.08.2012,FC Energie Cottbus,FC St. Pauli,11190,LEAG Energie Stadion,https://www.transfermarkt.de/spielbericht/index/spielbericht/2231694
2012/13,26.08.2012,VfL Bochum,VfR Aalen,11251,Vonovia Ruhrstadion,https://www.transfermarkt.de/spielbericht/index/spielbericht/2231690
2012/13,26.08.2012,1.FC Kaiserslautern,TSV 1860 München,37571,Fritz-Walter-Stadion,https://www.transfermarkt.de/spielbericht/index/spielbericht/2231693
2012/13,26.08.2012,FC Ingolstadt 04,FSV Frankfurt,5612,Audi Sportpark,https://www.transfermarkt.de/spielbericht/index/spielbericht/2231695
2012/13,27.08.2012,FC Erzgebirge Aue,1.FC Köln,10050,eins Erzgebirgsstadion,https://www.transfermarkt.de/spielbericht/index/spielbericht/2231696
2012/13,31.08.2012,1.FC Köln,FC Energie Cottbus,34000,RheinEnergieSTADION,https://www.transfermarkt.de/spielbericht/index/spielbericht/2231697
2012/13,31.08.2012,SG Dynamo Dresden,1.FC Kaiserslautern,29057,Rudolf-Harbig-Stadion,https://www.transfermarkt.de/spielbericht/index/spielbericht/2231703
2012/13,31.08.2012,TSV 1860 München,MSV Duisburg,22600,Allianz Arena,https://www.transfermarkt.de/spielbericht/index/spielbericht/2231708
2012/13,01.09.2012,VfR Aalen,Eintracht Braunschweig,6604,CENTUS Arena,https://www.transfermarkt.de/spielbericht/index/spielbericht/2231702
2012/13,01.09.2012,FC St. Pauli,SV Sandhausen,21045,Millerntor-Stadion,https://www.transfermarkt.de/spielbericht/index/spielbericht/2231706
2012/13,02.09.2012,SSV Jahn Regensburg,VfL Bochum,5912,Jahnstadion,https://www.transfermarkt.de/spielbericht/index/spielbericht/2231704
2012/13,02.09.2012,SC Paderborn 07,FC Ingolstadt 04,7729,Home Deluxe Arena,https://www.transfermarkt.de/spielbericht/index/spielbericht/2231705
2012/13,02.09.2012,FSV Frankfurt,FC Erzgebirge Aue,4012,PSD Bank Arena,https://www.transfermarkt.de/spielbericht/index/spielbericht/2231707
2012/13,03.09.2012,1.FC Union Berlin,Hertha BSC,16750,Stadion An der Alten Försterei,https://www.transfermarkt.de/spielbericht/index/spielbericht/2231701
2012/13,14.09.2012,VfL Bochum,TSV 1860 München,13098,Vonovia Ruhrstadion,https://www.transfermarkt.de/spielbericht/index/spielbericht/2231719
2012/13,14.09.2012,FC Energie Cottbus,FSV Frankfurt,10653,LEAG Energie Stadion,https://www.transfermarkt.de/spielbericht/index/spielbericht/2231724
2012/13,14.09.2012,FC Ingolstadt 04,1.FC Union Berlin,5251,Audi Sportpark,https://www.transfermarkt.de/spielbericht/index/spielbericht/2231726
2012/13,15.09.2012,Eintracht Braunschweig,SSV Jahn Regensburg,19670,EINTRACHT-Stadion,https://www.transfermarkt.de/spielbericht/index/spielbericht/2231720
2012/13,15.09.2012,SV Sandhausen,SG Dynamo Dresden,6400,Stadion am Hardtwald,https://www.transfermarkt.de/spielbericht/index/spielbericht/2231725
2012/13,16.09.2012,1.FC Kaiserslautern,MSV Duisburg,29869,Fritz-Walter-Stadion,https://www.transfermarkt.de/spielbericht/index/spielbericht/2231721
2012/13,16.09.2012,Hertha BSC,VfR Aalen,34712,Olympiastadion Berlin,https://www.transfermarkt.de/spielbericht/index/spielbericht/2231722
2012/13,16.09.2012,FC Erzgebirge Aue,SC Paderborn 07,8000,eins Erzgebirgsstadion,https://www.transfermarkt.de/spielbericht/index/spielbericht/2231723
2012/13,17.09.2012,1.FC Köln,FC St. Pauli,45200,RheinEnergieSTADION,https://www.transfermarkt.de/spielbericht/index/spielbericht/2231718
2012/13,21.09.2012,FSV Frankfurt,FC St. Pauli,8849,PSD Bank Arena,https://www.transfermarkt.de/spielbericht/index/spielbericht/2231729
2012/13,21.09.2012,1.FC Union Berlin,1.FC Köln,16750,Stadion An der Alten Försterei,https://www.transfermarkt.de/spielbericht/index/spielbericht/2231731
2012/13,21.09.2012,VfR Aalen,FC Erzgebirge Aue,5723,CENTUS Arena,https://www.transfermarkt.de/spielbericht/index/spielbericht/2231732
2012/13,22.09.2012,1.FC Kaiserslautern,Hertha BSC,31000,Fritz-Walter-Stadion,https://www.transfermarkt.de/spielbericht/index/spielbericht/2231727
2012/13,22.09.2012,SC Paderborn 07,SV Sandhausen,7000,Home Deluxe Arena,https://www.transfermarkt.de/spielbericht/index/spielbericht/2231728
2012/13,22.09.2012,SSV Jahn Regensburg,FC Energie Cottbus,5500,Jahnstadion,https://www.transfermarkt.de/spielbericht/index/spielbericht/2231739
2012/13,23.09.2012,TSV 1860 München,Eintracht Braunschweig,31600,Allianz Arena,https://www.transfermarkt.de/spielbericht/index/spielbericht/2231730
2012/13,23.09.2012,MSV Duisburg,VfL Bochum,15017,MSV-Arena,https://www.transfermarkt.de/spielbericht/index/spielbericht/2231733
2012/13,23.09.2012,SG Dynamo Dresden,FC Ingolstadt 04,24271,Rudolf-Harbig-Stadion,https://www.transfermarkt.de/spielbericht/index/spielbericht/2231735
2012/13,25.09.2012,FC St. Pauli,VfR Aalen,20932,Millerntor-Stadion,https://www.transfermarkt.de/spielbericht/index/spielbericht/2231737
2012/13,25.09.2012,1.FC Köln,FSV Frankfurt,32000,RheinEnergieSTADION,https://www.transfermarkt.de/spielbericht/index/spielbericht/2231738
2012/13,25.09.2012,SV Sandhausen,SSV Jahn Regensburg,2400,Stadion am Hardtwald,https://www.transfermarkt.de/spielbericht/index/spielbericht/2231742
2012/13,25.09.2012,FC Energie Cottbus,SC Paderborn 07,8419,LEAG Energie Stadion,https://www.transfermarkt.de/spielbericht/index/spielbericht/2231747
2012/13,26.09.2012,Hertha BSC,SG Dynamo Dresden,45747,Olympiastadion Berlin,https://www.transfermarkt.de/spielbericht/index/spielbericht/2231734
2012/13,26.09.2012,Eintracht Braunschweig,MSV Duisburg,19115,EINTRACHT-Stadion,https://www.transfermarkt.de/spielbericht/index/spielbericht/2231740
2012/13,26.09.2012,FC Ingolstadt 04,TSV 1860 München,14319,Audi Sportpark,https://www.transfermarkt.de/spielbericht/index/spielbericht/2231741
2012/13,26.09.2012,FC Erzgebirge Aue,1.FC Union Berlin,7500,eins Erzgebirgsstadion,https://www.transfermarkt.de/spielbericht/index/spielbericht/2231743
2012/13,27.09.2012,VfL Bochum,1.FC Kaiserslautern,13212,Vonovia Ruhrstadion,https://www.transfermarkt.de/spielbericht/index/spielbericht/2231736
2012/13,28.09.2012,SC Paderborn 07,1.FC Köln,15000,Home Deluxe Arena,https://www.transfermarkt.de/spielbericht/index/spielbericht/2231745
2012/13,28.09.2012,VfR Aalen,FSV Frankfurt,5841,CENTUS Arena,https://www.transfermarkt.de/spielbericht/index/spielbericht/2231750
2012/13,28.09.2012,SSV Jahn Regensburg,FC St. Pauli,10500,Jahnstadion,https://www.transfermarkt.de/spielbericht/index/spielbericht/2231752
2012/13,29.09.2012,TSV 1860 München,SV Sandhausen,19100,Allianz Arena,https://www.transfermarkt.de/spielbericht/index/spielbericht/2231746
2012/13,29.09.2012,1.FC Union Berlin,FC Energie Cottbus,16750,Stadion An der Alten Försterei,https://www.transfermarkt.de/spielbericht/index/spielbericht/2231749
2012/13,30.09.2012,1.FC Kaiserslautern,Eintracht Braunschweig,33025,Fritz-Walter-Stadion,https://www.transfermarkt.de/spielbericht/index/spielbericht/2231744
2012/13,30.09.2012,SG Dynamo Dresden,FC Erzgebirge Aue,29161,Rudolf-Harbig-Stadion,https://www.transfermarkt.de/spielbericht/index/spielbericht/2231748
2012/13,30.09.2012,VfL Bochum,FC Ingolstadt 04,12017,Vonovia Ruhrstadion,https://www.transfermarkt.de/spielbericht/index/spielbericht/2231753
2012/13,01.10.2012,MSV Duisburg,Hertha BSC,12177,MSV-Arena,https://www.transfermarkt.de/spielbericht/index/spielbericht/2231751
2012/13,05.10.2012,FSV Frankfurt,SC Paderborn 07,3185,PSD Bank Arena,https://www.transfermarkt.de/spielbericht/index/spielbericht/2231709
2012/13,05.10.2012,Hertha BSC,TSV 1860 München,32547,Olympiastadion Berlin,https://www.transfermarkt.de/spielbericht/index/spielbericht/2231714
2012/13,05.10.2012,FC St. Pauli,1.FC Union Berlin,22045,Millerntor-Stadion,https://www.transfermarkt.de/spielbericht/index/spielbericht/2231715
2012/13,06.10.2012,FC Energie Cottbus,MSV Duisburg,9276,LEAG Energie Stadion,https://www.transfermarkt.de/spielbericht/index/spielbericht/2231712
2012/13,06.10.2012,Eintracht Braunschweig,VfL Bochum,19875,EINTRACHT-Stadion,https://www.transfermarkt.de/spielbericht/index/spielbericht/2231717
2012/13,07.10.2012,FC Ingolstadt 04,1.FC Kaiserslautern,7011,Audi Sportpark,https://www.transfermarkt.de/spielbericht/index/spielbericht/2231710
2012/13,07.10.2012,FC Erzgebirge Aue,SSV Jahn Regensburg,7400,eins Erzgebirgsstadion,https://www.transfermarkt.de/spielbericht/index/spielbericht/2231711
2012/13,07.10.2012,SV Sandhausen,VfR Aalen,2800,Stadion am Hardtwald,https://www.transfermarkt.de/spielbericht/index/spielbericht/2231716
2012/13,08.10.2012,1.FC Köln,SG Dynamo Dresden,41800,RheinEnergieSTADION,https://www.transfermarkt.de/spielbericht/index/spielbericht/2231713
2012/13,19.10.2012,MSV Duisburg,FC Ingolstadt 04,11577,MSV-Arena,https://www.transfermarkt.de/spielbericht/index/spielbericht/2231755
2012/13,19.10.2012,1.FC Kaiserslautern,SV Sandhausen,27526,Fritz-Walter-Stadion,https://www.transfermarkt.de/spielbericht/index/spielbericht/2231756
2012/13,19.10.2012,VfL Bochum,Hertha BSC,13985,Vonovia Ruhrstadion,https://www.transfermarkt.de/spielbericht/index/spielbericht/2231758
2012/13,20.10.2012,SG Dynamo Dresden,Eintracht Braunschweig,27513,Rudolf-Harbig-Stadion,https://www.transfermarkt.de/spielbericht/index/spielbericht/2231757
2012/13,20.10.2012,SSV Jahn Regensburg,1.FC Köln,11465,Jahnstadion,https://www.transfermarkt.de/spielbericht/index/spielbericht/2231764
2012/13,21.10.2012,SC Paderborn 07,FC St. Pauli,15000,Home Deluxe Arena,https://www.transfermarkt.de/spielbericht/index/spielbericht/2231754
2012/13,21.10.2012,1.FC Union Berlin,FSV Frankfurt,15701,Stadion An der Alten Försterei,https://www.transfermarkt.de/spielbericht/index/spielbericht/2231759
2012/13,21.10.2012,VfR Aalen,FC Energie Cottbus,6407,CENTUS Arena,https://www.transfermarkt.de/spielbericht/index/spielbericht/2231761
2012/13,22.10.2012,TSV 1860 München,FC Erzgebirge Aue,17600,Allianz Arena,https://www.transfermarkt.de/spielbericht/index/spielbericht/2231763
2012/13,26.10.2012,FC Ingolstadt 04,VfR Aalen,5812,Audi Sportpark,https://www.transfermarkt.de/spielbericht/index/spielbericht/2231766
2012/13,26.10.2012,1.FC Köln,1.FC Kaiserslautern,46056,RheinEnergieSTADION,https://www.transfermarkt.de/spielbericht/index/spielbericht/2231767
2012/13,26.10.2012,FC Energie Cottbus,TSV 1860 München,8820,LEAG Energie Stadion,https://www.transfermarkt.de/spielbericht/index/spielbericht/2231775
2012/13,27.10.2012,Eintracht Braunschweig,Hertha BSC,21645,EINTRACHT-Stadion,https://www.transfermarkt.de/spielbericht/index/spielbericht/2231768
2012/13,27.10.2012,FC Erzgebirge Aue,VfL Bochum,6500,eins Erzgebirgsstadion,https://www.transfermarkt.de/spielbericht/index/spielbericht/2231774
2012/13,27.10.2012,SV Sandhausen,MSV Duisburg,3500,Stadion am Hardtwald,https://www.transfermarkt.de/spielbericht/index/spielbericht/2231776
2012/13,28.10.2012,FC St. Pauli,SG Dynamo Dresden,21045,Millerntor-Stadion,https://www.transfermarkt.de/spielbericht/index/spielbericht/2231760
2012/13,28.10.2012,FSV Frankfurt,SSV Jahn Regensburg,3301,PSD Bank Arena,https://www.transfermarkt.de/spielbericht/index/spielbericht/2231762
2012/13,28.10.2012,1.FC Union Berlin,SC Paderborn 07,15738,Stadion An der Alten Försterei,https://www.transfermarkt.de/spielbericht/index/spielbericht/2231765
2012/13,02.11.2012,Hertha BSC,FC Ingolstadt 04,33156,Olympiastadion Berlin,https://www.transfermarkt.de/spielbericht/index/spielbericht/2231772
2012/13,02.11.2012,Eintracht Braunschweig,SV Sandhausen,18900,EINTRACHT-Stadion,https://www.transfermarkt.de/spielbericht/index/spielbericht/2231773
2012/13,02.11.2012,SSV Jahn Regensburg,SC Paderborn 07,5410,Jahnstadion,https://www.transfermarkt.de/spielbericht/index/spielbericht/2231782
2012/13,03.11.2012,TSV 1860 München,FC St. Pauli,31500,Allianz Arena,https://www.transfermarkt.de/spielbericht/index/spielbericht/2231769
2012/13,03.11.2012,MSV Duisburg,FSV Frankfurt,8617,MSV-Arena,https://www.transfermarkt.de/spielbericht/index/spielbericht/2231779
2012/13,04.11.2012,SG Dynamo Dresden,1.FC Union Berlin,29452,Rudolf-Harbig-Stadion,https://www.transfermarkt.de/spielbericht/index/spielbericht/2231770
2012/13,04.11.2012,VfR Aalen,1.FC Köln,10091,CENTUS Arena,https://www.transfermarkt.de/spielbericht/index/spielbericht/2231783
2012/13,04.11.2012,VfL Bochum,FC Energie Cottbus,9571,Vonovia Ruhrstadion,https://www.transfermarkt.de/spielbericht/index/spielbericht/2231784
2012/13,05.11.2012,1.FC Kaiserslautern,FC Erzgebirge Aue,23372,Fritz-Walter-Stadion,https://www.transfermarkt.de/spielbericht/index/spielbericht/2231771
2012/13,09.11.2012,1.FC Köln,MSV Duisburg,39900,RheinEnergieSTADION,https://www.transfermarkt.de/spielbericht/index/spielbericht/2231780
2012/13,09.11.2012,SV Sandhausen,Hertha BSC,8300,Stadion am Hardtwald,https://www.transfermarkt.de/spielbericht/index/spielbericht/2231786
2012/13,09.11.2012,FC Erzgebirge Aue,Eintracht Braunschweig,7600,eins Erzgebirgsstadion,https://www.transfermarkt.de/spielbericht/index/spielbericht/2231791
2012/13,10.11.2012,SC Paderborn 07,1.FC Kaiserslautern,11471,Home Deluxe Arena,https://www.transfermarkt.de/spielbericht/index/spielbericht/2231777
2012/13,10.11.2012,1.FC Union Berlin,VfR Aalen,15102,Stadion An der Alten Försterei,https://www.transfermarkt.de/spielbericht/index/spielbericht/2231781
2012/13,11.11.2012,FC Energie Cottbus,SG Dynamo Dresden,20500,LEAG Energie Stadion,https://www.transfermarkt.de/spielbericht/index/spielbericht/2231785
2012/13,11.11.2012,FSV Frankfurt,TSV 1860 München,5188,PSD Bank Arena,https://www.transfermarkt.de/spielbericht/index/spielbericht/2231790
2012/13,11.11.2012,FC Ingolstadt 04,SSV Jahn Regensburg,9473,Audi Sportpark,https://www.transfermarkt.de/spielbericht/index/spielbericht/2231792
2012/13,12.11.2012,FC St. Pauli,VfL Bochum,20788,Millerntor-Stadion,https://www.transfermarkt.de/spielbericht/index/spielbericht/2231778
2012/13,16.11.2012,1.FC Kaiserslautern,FC Energie Cottbus,29622,Fritz-Walter-Stadion,https://www.transfermarkt.de/spielbericht/index/spielbericht/2231787
2012/13,16.11.2012,SG Dynamo Dresden,FSV Frankfurt,20133,Rudolf-Harbig-Stadion,https://www.transfermarkt.de/spielbericht/index/spielbericht/2231798
2012/13,16.11.2012,TSV 1860 München,1.FC Köln,25800,Allianz Arena,https://www.transfermarkt.de/spielbericht/index/spielbericht/2231789
2012/13,17.11.2012,VfR Aalen,SC Paderborn 07,5412,CENTUS Arena,https://www.transfermarkt.de/spielbericht/index/spielbericht/2231796
2012/13,17.11.2012,Eintracht Braunschweig,FC Ingolstadt 04,19430,EINTRACHT-Stadion,https://www.transfermarkt.de/spielbericht/index/spielbericht/2231801
2012/13,18.11.2012,SSV Jahn Regensburg,1.FC Union Berlin,5553,Jahnstadion,https://www.transfermarkt.de/spielbericht/index/spielbericht/2231795
2012/13,18.11.2012,VfL Bochum,SV Sandhausen,9795,Vonovia Ruhrstadion,https://www.transfermarkt.de/spielbericht/index/spielbericht/2231797
2012/13,18.11.2012,MSV Duisburg,FC Erzgebirge Aue,10136,MSV-Arena,https://www.transfermarkt.de/spielbericht/index/spielbericht/2231799
2012/13,19.11.2012,Hertha BSC,FC St. Pauli,39127,Olympiastadion Berlin,https://www.transfermarkt.de/spielbericht/index/spielbericht/2231788
2012/13,23.11.2012,1.FC Köln,VfL Bochum,40000,RheinEnergieSTADION,https://www.transfermarkt.de/spielbericht/index/spielbericht/2231794
2012/13,23.11.2012,SSV Jahn Regensburg,VfR Aalen,5100,Jahnstadion,https://www.transfermarkt.de/spielbericht/index/spielbericht/2231802
2012/13,23.11.2012,SC Paderborn 07,SG Dynamo Dresden,9127,Home Deluxe Arena,https://www.transfermarkt.de/spielbericht/index/spielbericht/2231807
2012/13,24.11.2012,FSV Frankfurt,1.FC Kaiserslautern,10470,PSD Bank Arena,https://www.transfermarkt.de/spielbericht/index/spielbericht/2231803
2012/13,24.11.2012,FC Energie Cottbus,Eintracht Braunschweig,11740,LEAG Energie Stadion,https://www.transfermarkt.de/spielbericht/index/spielbericht/2231805
2012/13,24.11.2012,1.FC Union Berlin,TSV 1860 München,16750,Stadion An der Alten Försterei,https://www.transfermarkt.de/spielbericht/index/spielbericht/2231808
2012/13,25.11.2012,FC St. Pauli,MSV Duisburg,21054,Millerntor-Stadion,https://www.transfermarkt.de/spielbericht/index/spielbericht/2231793
2012/13,25.11.2012,FC Erzgebirge Aue,Hertha BSC,11150,eins Erzgebirgsstadion,https://www.transfermarkt.de/spielbericht/index/spielbericht/2231804
2012/13,25.11.2012,FC Ingolstadt 04,SV Sandhausen,6547,Audi Sportpark,https://www.transfermarkt.de/spielbericht/index/spielbericht/2231806
2012/13,27.11.2012,TSV 1860 München,SC Paderborn 07,13300,Allianz Arena,https://www.transfermarkt.de/spielbericht/index/spielbericht/2231818
2012/13,27.11.2012,SG Dynamo Dresden,VfR Aalen,18758,Rudolf-Harbig-Stadion,https://www.transfermarkt.de/spielbericht/index/spielbericht/2231820
2012/13,27.11.2012,1.FC Kaiserslautern,SSV Jahn Regensburg,24729,Fritz-Walter-Stadion,https://www.transfermarkt.de/spielbericht/index/spielbericht/2231821
2012/13,27.11.2012,VfL Bochum,FSV Frankfurt,8365,Vonovia Ruhrstadion,https://www.transfermarkt.de/spielbericht/index/spielbericht/2231824
2012/13,28.11.2012,Eintracht Braunschweig,FC St. Pauli,21400,EINTRACHT-Stadion,https://www.transfermarkt.de/spielbericht/index/spielbericht/2231819
2012/13,28.11.2012,SV Sandhausen,FC Energie Cottbus,2650,Stadion am Hardtwald,https://www.transfermarkt.de/spielbericht/index/spielbericht/2231822
2012/13,28.11.2012,MSV Duisburg,1.FC Union Berlin,8585,MSV-Arena,https://www.transfermarkt.de/spielbericht/index/spielbericht/2231823
2012/13,28.11.2012,FC Ingolstadt 04,FC Erzgebirge Aue,4305,Audi Sportpark,https://www.transfermarkt.de/spielbericht/index/spielbericht/2231825
2012/13,29.11.2012,Hertha BSC,1.FC Köln,34307,Olympiastadion Berlin,https://www.transfermarkt.de/spielbericht/index/spielbericht/2231800
2012/13,30.11.2012,SSV Jahn Regensburg,SG Dynamo Dresden,6500,Jahnstadion,https://www.transfermarkt.de/spielbericht/index/spielbericht/2231810
2012/13,30.11.2012,VfR Aalen,TSV 1860 München,9342,CENTUS Arena,https://www.transfermarkt.de/spielbericht/index/spielbericht/2231813
2012/13,01.12.2012,1.FC Union Berlin,VfL Bochum,14373,Stadion An der Alten Försterei,https://www.transfermarkt.de/spielbericht/index/spielbericht/2231809
2012/13,01.12.2012,FC St. Pauli,1.FC Kaiserslautern,21054,Millerntor-Stadion,https://www.transfermarkt.de/spielbericht/index/spielbericht/2231812
2012/13,01.12.2012,FC Erzgebirge Aue,SV Sandhausen,6150,eins Erzgebirgsstadion,https://www.transfermarkt.de/spielbericht/index/spielbericht/2231817
2012/13,02.12.2012,SC Paderborn 07,MSV Duisburg,7431,Home Deluxe Arena,https://www.transfermarkt.de/spielbericht/index/spielbericht/2231811
2012/13,02.12.2012,1.FC Köln,FC Ingolstadt 04,38500,RheinEnergieSTADION,https://www.transfermarkt.de/spielbericht/index/spielbericht/2231814
2012/13,02.12.2012,FSV Frankfurt,Eintracht Braunschweig,4748,PSD Bank Arena,https://www.transfermarkt.de/spielbericht/index/spielbericht/2231816
2012/13,03.12.2012,FC Energie Cottbus,Hertha BSC,13070,LEAG Energie Stadion,https://www.transfermarkt.de/spielbericht/index/spielbericht/2231815
2012/13,07.12.2012,VfR Aalen,MSV Duisburg,4555,CENTUS Arena,https://www.transfermarkt.de/spielbericht/index/spielbericht/2231826
2012/13,07.12.2012,1.FC Union Berlin,1.FC Kaiserslautern,16750,Stadion An der Alten Försterei,https://www.transfermarkt.de/spielbericht/index/spielbericht/2231833
2012/13,07.12.2012,FSV Frankfurt,SV Sandhausen,2612,PSD Bank Arena,https://www.transfermarkt.de/spielbericht/index/spielbericht/2231834
2012/13,08.12.2012,SC Paderborn 07,Hertha BSC,9416,Home Deluxe Arena,https://www.transfermarkt.de/spielbericht/index/spielbericht/2231829
2012/13,08.12.2012,SG Dynamo Dresden,VfL Bochum,20660,Rudolf-Harbig-Stadion,https://www.transfermarkt.de/spielbericht/index/spielbericht/2231832
2012/13,09.12.2012,SSV Jahn Regensburg,TSV 1860 München,12500,Jahnstadion,https://www.transfermarkt.de/spielbericht/index/spielbericht/2231827
2012/13,09.12.2012,FC St. Pauli,FC Erzgebirge Aue,20740,Millerntor-Stadion,https://www.transfermarkt.de/spielbericht/index/spielbericht/2231830
2012/13,09.12.2012,FC Energie Cottbus,FC Ingolstadt 04,6745,LEAG Energie Stadion,https://www.transfermarkt.de/spielbericht/index/spielbericht/2231831
2012/13,10.12.2012,1.FC Köln,Eintracht Braunschweig,38000,RheinEnergieSTADION,https://www.transfermarkt.de/spielbericht/index/spielbericht/2231828
2012/13,14.12.2012,FC Erzgebirge Aue,FC Energie Cottbus,7050,eins Erzgebirgsstadion,https://www.transfermarkt.de/spielbericht/index/spielbericht/2231835
2012/13,14.12.2012,1.FC Kaiserslautern,VfR Aalen,23006,Fritz-Walter-Stadion,https://www.transfermarkt.de/spielbericht/index/spielbericht/2231837
2012/13,14.12.2012,SV Sandhausen,1.FC Köln,6200,Stadion am Hardtwald,https://www.transfermarkt.de/spielbericht/index/spielbericht/2231839
2012/13,15.12.2012,Hertha BSC,FSV Frankfurt,29851,Olympiastadion Berlin,https://www.transfermarkt.de/spielbericht/index/spielbericht/2231836
2012/13,15.12.2012,FC Ingolstadt 04,FC St. Pauli,6648,Audi Sportpark,https://www.transfermarkt.de/spielbericht/index/spielbericht/2231842
2012/13,16.12.2012,MSV Duisburg,SSV Jahn Regensburg,10741,MSV-Arena,https://www.transfermarkt.de/spielbericht/index/spielbericht/2231838
2012/13,16.12.2012,VfL Bochum,SC Paderborn 07,10250,Vonovia Ruhrstadion,https://www.transfermarkt.de/spielbericht/index/spielbericht/2231841
2012/13,16.12.2012,TSV 1860 München,SG Dynamo Dresden,22200,Allianz Arena,https://www.transfermarkt.de/spielbericht/index/spielbericht/2231843
2012/13,17.12.2012,Eintracht Braunschweig,1.FC Union Berlin,21200,EINTRACHT-Stadion,https://www.transfermarkt.de/spielbericht/index/spielbericht/2231840
2012/13,01.02.2013,SG Dynamo Dresden,MSV Duisburg,23353,Rudolf-Harbig-Stadion,https://www.transfermarkt.de/spielbericht/index/spielbericht/2231851
2012/13,01.02.2013,VfR Aalen,VfL Bochum,5211,CENTUS Arena,https://www.transfermarkt.de/spielbericht/index/spielbericht/2231853
2012/13,01.02.2013,1.FC Union Berlin,SV Sandhausen,17532,Stadion An der Alten Försterei,https://www.transfermarkt.de/spielbericht/index/spielbericht/2231854
2012/13,02.02.2013,1.FC Köln,FC Erzgebirge Aue,41800,RheinEnergieSTADION,https://www.transfermarkt.de/spielbericht/index/spielbericht/2231855
2012/13,02.02.2013,SC Paderborn 07,Eintracht Braunschweig,10709,Home Deluxe Arena,https://www.transfermarkt.de/spielbericht/index/spielbericht/2231859
2012/13,03.02.2013,FSV Frankfurt,FC Ingolstadt 04,3056,PSD Bank Arena,https://www.transfermarkt.de/spielbericht/index/spielbericht/2231846
2012/13,03.02.2013,SSV Jahn Regensburg,Hertha BSC,10212,Jahnstadion,https://www.transfermarkt.de/spielbericht/index/spielbericht/2231847
2012/13,03.02.2013,FC St. Pauli,FC Energie Cottbus,26578,Millerntor-Stadion,https://www.transfermarkt.de/spielbericht/index/spielbericht/2231856
2012/13,04.02.2013,TSV 1860 München,1.FC Kaiserslautern,19100,Allianz Arena,https://www.transfermarkt.de/spielbericht/index/spielbericht/2231861
2012/13,08.02.2013,FC Erzgebirge Aue,FSV Frankfurt,6000,eins Erzgebirgsstadion,https://www.transfermarkt.de/spielbericht/index/spielbericht/2231844
2012/13,08.02.2013,Eintracht Braunschweig,VfR Aalen,19850,EINTRACHT-Stadion,https://www.transfermarkt.de/spielbericht/index/spielbericht/2231857
2012/13,08.02.2013,1.FC Kaiserslautern,SG Dynamo Dresden,32925,Fritz-Walter-Stadion,https://www.transfermarkt.de/spielbericht/index/spielbericht/2231852
2012/13,09.02.2013,FC Energie Cottbus,1.FC Köln,10201,LEAG Energie Stadion,https://www.transfermarkt.de/spielbericht/index/spielbericht/2231849
2012/13,09.02.2013,MSV Duisburg,TSV 1860 München,11027,MSV-Arena,https://www.transfermarkt.de/spielbericht/index/spielbericht/2231860
2012/13,10.02.2013,VfL Bochum,SSV Jahn Regensburg,10685,Vonovia Ruhrstadion,https://www.transfermarkt.de/spielbericht/index/spielbericht/2231845
2012/13,10.02.2013,SV Sandhausen,FC St. Pauli,7600,Stadion am Hardtwald,https://www.transfermarkt.de/spielbericht/index/spielbericht/2231848
2012/13,10.02.2013,FC Ingolstadt 04,SC Paderborn 07,4089,Audi Sportpark,https://www.transfermarkt.de/spielbericht/index/spielbericht/2231850
2012/13,11.02.2013,Hertha BSC,1.FC Union Berlin,74244,Olympiastadion Berlin,https://www.transfermarkt.de/spielbericht/index/spielbericht/2231858
2012/13,15.02.2013,SSV Jahn Regensburg,Eintracht Braunschweig,6289,Jahnstadion,https://www.transfermarkt.de/spielbericht/index/spielbericht/2231867
2012/13,15.02.2013,SC Paderborn 07,FC Erzgebirge Aue,5617,Home Deluxe Arena,https://www.transfermarkt.de/spielbericht/index/spielbericht/2231869
2012/13,15.02.2013,TSV 1860 München,VfL Bochum,14100,Allianz Arena,https://www.transfermarkt.de/spielbericht/index/spielbericht/2231870
2012/13,16.02.2013,1.FC Union Berlin,FC Ingolstadt 04,15461,Stadion An der Alten Försterei,https://www.transfermarkt.de/spielbericht/index/spielbericht/2231862
2012/13,16.02.2013,VfR Aalen,Hertha BSC,8119,CENTUS Arena,https://www.transfermarkt.de/spielbericht/index/spielbericht/2231865
2012/13,17.02.2013,MSV Duisburg,1.FC Kaiserslautern,13725,MSV-Arena,https://www.transfermarkt.de/spielbericht/index/spielbericht/2231863
2012/13,17.02.2013,SG Dynamo Dresden,SV Sandhausen,19444,Rudolf-Harbig-Stadion,https://www.transfermarkt.de/spielbericht/index/spielbericht/2231864
2012/13,17.02.2013,FSV Frankfurt,FC Energie Cottbus,3383,PSD Bank Arena,https://www.transfermarkt.de/spielbericht/index/spielbericht/2231866
2012/13,18.02.2013,FC St. Pauli,1.FC Köln,29063,Millerntor-Stadion,https://www.transfermarkt.de/spielbericht/index/spielbericht/2231868
2012/13,22.02.2013,FC St. Pauli,FSV Frankfurt,26398,Millerntor-Stadion,https://www.transfermarkt.de/spielbericht/index/spielbericht/2231883
2012/13,22.02.2013,FC Erzgebirge Aue,VfR Aalen,5500,eins Erzgebirgsstadion,https://www.transfermarkt.de/spielbericht/index/spielbericht/2231884
2012/13,22.02.2013,VfL Bochum,MSV Duisburg,14127,Vonovia Ruhrstadion,https://www.transfermarkt.de/spielbericht/index/spielbericht/2231888
2012/13,23.02.2013,1.FC Köln,1.FC Union Berlin,42000,RheinEnergieSTADION,https://www.transfermarkt.de/spielbericht/index/spielbericht/2231872
2012/13,23.02.2013,FC Ingolstadt 04,SG Dynamo Dresden,6300,Audi Sportpark,https://www.transfermarkt.de/spielbericht/index/spielbericht/2231885
2012/13,24.02.2013,SV Sandhausen,SC Paderborn 07,2300,Stadion am Hardtwald,https://www.transfermarkt.de/spielbericht/index/spielbericht/2231882
2012/13,24.02.2013,FC Energie Cottbus,SSV Jahn Regensburg,6492,LEAG Energie Stadion,https://www.transfermarkt.de/spielbericht/index/spielbericht/2231886
2012/13,24.02.2013,Eintracht Braunschweig,TSV 1860 München,20455,EINTRACHT-Stadion,https://www.transfermarkt.de/spielbericht/index/spielbericht/2231887
2012/13,25.02.2013,Hertha BSC,1.FC Kaiserslautern,37347,Olympiastadion Berlin,https://www.transfermarkt.de/spielbericht/index/spielbericht/2231871
2012/13,01.03.2013,SSV Jahn Regensburg,SV Sandhausen,6123,Jahnstadion,https://www.transfermarkt.de/spielbericht/index/spielbericht/2231873
2012/13,01.03.2013,1.FC Union Berlin,FC Erzgebirge Aue,17284,Stadion An der Alten Försterei,https://www.transfermarkt.de/spielbericht/index/spielbericht/2231878
2012/13,01.03.2013,SC Paderborn 07,FC Energie Cottbus,6535,Home Deluxe Arena,https://www.transfermarkt.de/spielbericht/index/spielbericht/2231880
2012/13,02.03.2013,SG Dynamo Dresden,Hertha BSC,29174,Rudolf-Harbig-Stadion,https://www.transfermarkt.de/spielbericht/index/spielbericht/2231877
2012/13,02.03.2013,1.FC Kaiserslautern,VfL Bochum,26896,Fritz-Walter-Stadion,https://www.transfermarkt.de/spielbericht/index/spielbericht/2231881
2012/13,03.03.2013,VfR Aalen,FC St. Pauli,11185,CENTUS Arena,https://www.transfermarkt.de/spielbericht/index/spielbericht/2231874
2012/13,03.03.2013,FSV Frankfurt,1.FC Köln,10470,PSD Bank Arena,https://www.transfermarkt.de/spielbericht/index/spielbericht/2231875
2012/13,03.03.2013,TSV 1860 München,FC Ingolstadt 04,24000,Allianz Arena,https://www.transfermarkt.de/spielbericht/index/spielbericht/2231876
2012/13,04.03.2013,MSV Duisburg,Eintracht Braunschweig,11770,MSV-Arena,https://www.transfermarkt.de/spielbericht/index/spielbericht/2231879
2012/13,08.03.2013,FC St. Pauli,SSV Jahn Regensburg,27074,Millerntor-Stadion,https://www.transfermarkt.de/spielbericht/index/spielbericht/2231891
2012/13,08.03.2013,FSV Frankfurt,VfR Aalen,3000,PSD Bank Arena,https://www.transfermarkt.de/spielbericht/index/spielbericht/2231893
2012/13,08.03.2013,SV Sandhausen,TSV 1860 München,6200,Stadion am Hardtwald,https://www.transfermarkt.de/spielbericht/index/spielbericht/2231900
2012/13,09.03.2013,FC Energie Cottbus,1.FC Union Berlin,14212,LEAG Energie Stadion,https://www.transfermarkt.de/spielbericht/index/spielbericht/2231889
2012/13,09.03.2013,1.FC Köln,SC Paderborn 07,42700,RheinEnergieSTADION,https://www.transfermarkt.de/spielbericht/index/spielbericht/2231895
2012/13,10.03.2013,FC Ingolstadt 04,VfL Bochum,6101,Audi Sportpark,https://www.transfermarkt.de/spielbericht/index/spielbericht/2231892
2012/13,10.03.2013,FC Erzgebirge Aue,SG Dynamo Dresden,14150,eins Erzgebirgsstadion,https://www.transfermarkt.de/spielbericht/index/spielbericht/2231894
2012/13,10.03.2013,Hertha BSC,MSV Duisburg,31635,Olympiastadion Berlin,https://www.transfermarkt.de/spielbericht/index/spielbericht/2231897
2012/13,11.03.2013,Eintracht Braunschweig,1.FC Kaiserslautern,22630,EINTRACHT-Stadion,https://www.transfermarkt.de/spielbericht/index/spielbericht/2231890
2012/13,15.03.2013,MSV Duisburg,FC Energie Cottbus,9547,MSV-Arena,https://www.transfermarkt.de/spielbericht/index/spielbericht/2231896
2012/13,15.03.2013,1.FC Union Berlin,FC St. Pauli,21410,Stadion An der Alten Försterei,https://www.transfermarkt.de/spielbericht/index/spielbericht/2231902
2012/13,15.03.2013,SC Paderborn 07,FSV Frankfurt,5397,Home Deluxe Arena,https://www.transfermarkt.de/spielbericht/index/spielbericht/2231907
2012/13,16.03.2013,VfL Bochum,Eintracht Braunschweig,12371,Vonovia Ruhrstadion,https://www.transfermarkt.de/spielbericht/index/spielbericht/2231901
2012/13,16.03.2013,TSV 1860 München,Hertha BSC,25400,Allianz Arena,https://www.transfermarkt.de/spielbericht/index/spielbericht/2231912
2012/13,17.03.2013,1.FC Kaiserslautern,FC Ingolstadt 04,24353,Fritz-Walter-Stadion,https://www.transfermarkt.de/spielbericht/index/spielbericht/2231911
2012/13,17.03.2013,VfR Aalen,SV Sandhausen,6277,CENTUS Arena,https://www.transfermarkt.de/spielbericht/index/spielbericht/2231941
2012/13,17.03.2013,SSV Jahn Regensburg,FC Erzgebirge Aue,6771,Jahnstadion,https://www.transfermarkt.de/spielbericht/index/spielbericht/2231942
2012/13,18.03.2013,SG Dynamo Dresden,1.FC Köln,27284,Rudolf-Harbig-Stadion,https://www.transfermarkt.de/spielbericht/index/spielbericht/2231906
2012/13,28.03.2013,FC Energie Cottbus,VfR Aalen,7770,LEAG Energie Stadion,https://www.transfermarkt.de/spielbericht/index/spielbericht/2231934
2012/13,28.03.2013,FC Erzgebirge Aue,TSV 1860 München,9300,eins Erzgebirgsstadion,https://www.transfermarkt.de/spielbericht/index/spielbericht/2231936
2012/13,28.03.2013,Eintracht Braunschweig,SG Dynamo Dresden,21175,EINTRACHT-Stadion,https://www.transfermarkt.de/spielbericht/index/spielbericht/2231932
2012/13,30.03.2013,FC Ingolstadt 04,MSV Duisburg,5546,Audi Sportpark,https://www.transfermarkt.de/spielbericht/index/spielbericht/2231940
2012/13,30.03.2013,Hertha BSC,VfL Bochum,34802,Olympiastadion Berlin,https://www.transfermarkt.de/spielbericht/index/spielbericht/2231943
2012/13,31.03.2013,SV Sandhausen,1.FC Kaiserslautern,12100,Stadion am Hardtwald,https://www.transfermarkt.de/spielbericht/index/spielbericht/2231929
2012/13,31.03.2013,1.FC Köln,SSV Jahn Regensburg,45600,RheinEnergieSTADION,https://www.transfermarkt.de/spielbericht/index/spielbericht/2231937
2012/13,31.03.2013,FSV Frankfurt,1.FC Union Berlin,4842,PSD Bank Arena,https://www.transfermarkt.de/spielbericht/index/spielbericht/2231944
2012/13,01.04.2013,FC St. Pauli,SC Paderborn 07,28278,Millerntor-Stadion,https://www.transfermarkt.de/spielbericht/index/spielbericht/2231928
2012/13,05.04.2013,VfR Aalen,FC Ingolstadt 04,10784,CENTUS Arena,https://www.transfermarkt.de/spielbericht/index/spielbericht/2231916
2012/13,05.04.2013,VfL Bochum,FC Erzgebirge Aue,13133,Vonovia Ruhrstadion,https://www.transfermarkt.de/spielbericht/index/spielbericht/2231918
2012/13,05.04.2013,1.FC Kaiserslautern,1.FC Köln,49780,Fritz-Walter-Stadion,https://www.transfermarkt.de/spielbericht/index/spielbericht/2231920
2012/13,06.04.2013,SSV Jahn Regensburg,FSV Frankfurt,7300,Jahnstadion,https://www.transfermarkt.de/spielbericht/index/spielbericht/2231922
2012/13,06.04.2013,SG Dynamo Dresden,FC St. Pauli,29139,Rudolf-Harbig-Stadion,https://www.transfermarkt.de/spielbericht/index/spielbericht/2231925
2012/13,07.04.2013,SC Paderborn 07,1.FC Union Berlin,7590,Home Deluxe Arena,https://www.transfermarkt.de/spielbericht/index/spielbericht/2231919
2012/13,07.04.2013,MSV Duisburg,SV Sandhausen,12000,MSV-Arena,https://www.transfermarkt.de/spielbericht/index/spielbericht/2231924
2012/13,07.04.2013,TSV 1860 München,FC Energie Cottbus,18200,Allianz Arena,https://www.transfermarkt.de/spielbericht/index/spielbericht/2231933
2012/13,08.04.2013,Hertha BSC,Eintracht Braunschweig,51029,Olympiastadion Berlin,https://www.transfermarkt.de/spielbericht/index/spielbericht/2231930
2012/13,12.04.2013,SV Sandhausen,Eintracht Braunschweig,6300,Stadion am Hardtwald,https://www.transfermarkt.de/spielbericht/index/spielbericht/2231898
2012/13,12.04.2013,FC Ingolstadt 04,Hertha BSC,9167,Audi Sportpark,https://www.transfermarkt.de/spielbericht/index/spielbericht/2231910
2012/13,12.04.2013,1.FC Union Berlin,SG Dynamo Dresden,21224,Stadion An der Alten Försterei,https://www.transfermarkt.de/spielbericht/index/spielbericht/2231921
2012/13,13.04.2013,FSV Frankfurt,MSV Duisburg,4500,PSD Bank Arena,https://www.transfermarkt.de/spielbericht/index/spielbericht/2231908
2012/13,13.04.2013,FC St. Pauli,TSV 1860 München,28892,Millerntor-Stadion,https://www.transfermarkt.de/spielbericht/index/spielbericht/2231915
2012/13,14.04.2013,FC Energie Cottbus,VfL Bochum,8555,LEAG Energie Stadion,https://www.transfermarkt.de/spielbericht/index/spielbericht/2231904
2012/13,14.04.2013,SC Paderborn 07,SSV Jahn Regensburg,6290,Home Deluxe Arena,https://www.transfermarkt.de/spielbericht/index/spielbericht/2231913
2012/13,14.04.2013,1.FC Köln,VfR Aalen,44100,RheinEnergieSTADION,https://www.transfermarkt.de/spielbericht/index/spielbericht/2231914
2012/13,15.04.2013,FC Erzgebirge Aue,1.FC Kaiserslautern,8300,eins Erzgebirgsstadion,https://www.transfermarkt.de/spielbericht/index/spielbericht/2231909
2012/13,19.04.2013,VfL Bochum,FC St. Pauli,26072,Vonovia Ruhrstadion,https://www.transfermarkt.de/spielbericht/index/spielbericht/2231923
2012/13,19.04.2013,SSV Jahn Regensburg,FC Ingolstadt 04,5322,Jahnstadion,https://www.transfermarkt.de/spielbericht/index/spielbericht/2231931
2012/13,19.04.2013,VfR Aalen,1.FC Union Berlin,6620,CENTUS Arena,https://www.transfermarkt.de/spielbericht/index/spielbericht/2231935
2012/13,20.04.2013,1.FC Kaiserslautern,SC Paderborn 07,28702,Fritz-Walter-Stadion,https://www.transfermarkt.de/spielbericht/index/spielbericht/2231903
2012/13,20.04.2013,TSV 1860 München,FSV Frankfurt,14200,Allianz Arena,https://www.transfermarkt.de/spielbericht/index/spielbericht/2231905
2012/13,21.04.2013,Hertha BSC,SV Sandhausen,52135,Olympiastadion Berlin,https://www.transfermarkt.de/spielbericht/index/spielbericht/2231899
2012/13,21.04.2013,Eintracht Braunschweig,FC Erzgebirge Aue,20500,EINTRACHT-Stadion,https://www.transfermarkt.de/spielbericht/index/spielbericht/2231926
2012/13,21.04.2013,SG Dynamo Dresden,FC Energie Cottbus,29153,Rudolf-Harbig-Stadion,https://www.transfermarkt.de/spielbericht/index/spielbericht/2231927
2012/13,22.04.2013,MSV Duisburg,1.FC Köln,27000,MSV-Arena,https://www.transfermarkt.de/spielbericht/index/spielbericht/2231917
2012/13,26.04.2013,1.FC Union Berlin,SSV Jahn Regensburg,16857,Stadion An der Alten Försterei,https://www.transfermarkt.de/spielbericht/index/spielbericht/2231681
2012/13,26.04.2013,FC Ingolstadt 04,Eintracht Braunschweig,9471,Audi Sportpark,https://www.transfermarkt.de/spielbericht/index/spielbericht/2231938
2012/13,26.04.2013,SV Sandhausen,VfL Bochum,4400,Stadion am Hardtwald,https://www.transfermarkt.de/spielbericht/index/spielbericht/2231947
2012/13,27.04.2013,FSV Frankfurt,SG Dynamo Dresden,6075,PSD Bank Arena,https://www.transfermarkt.de/spielbericht/index/spielbericht/2231939
2012/13,27.04.2013,FC Erzgebirge Aue,MSV Duisburg,9000,eins Erzgebirgsstadion,https://www.transfermarkt.de/spielbericht/index/spielbericht/2231952
2012/13,28.04.2013,1.FC Köln,TSV 1860 München,49100,RheinEnergieSTADION,https://www.transfermarkt.de/spielbericht/index/spielbericht/2231945
2012/13,28.04.2013,SC Paderborn 07,VfR Aalen,5729,Home Deluxe Arena,https://www.transfermarkt.de/spielbericht/index/spielbericht/2231946
2012/13,28.04.2013,FC St. Pauli,Hertha BSC,29063,Millerntor-Stadion,https://www.transfermarkt.de/spielbericht/index/spielbericht/2231948
2012/13,29.04.2013,FC Energie Cottbus,1.FC Kaiserslautern,7545,LEAG Energie Stadion,https://www.transfermarkt.de/spielbericht/index/spielbericht/2231951
2012/13,03.05.2013,VfR Aalen,SSV Jahn Regensburg,5632,CENTUS Arena,https://www.transfermarkt.de/spielbericht/index/spielbericht/2231953
2012/13,03.05.2013,SG Dynamo Dresden,SC Paderborn 07,28315,Rudolf-Harbig-Stadion,https://www.transfermarkt.de/spielbericht/index/spielbericht/2231955
2012/13,03.05.2013,Hertha BSC,FC Erzgebirge Aue,33157,Olympiastadion Berlin,https://www.transfermarkt.de/spielbericht/index/spielbericht/2231977
2012/13,04.05.2013,SV Sandhausen,FC Ingolstadt 04,2850,Stadion am Hardtwald,https://www.transfermarkt.de/spielbericht/index/spielbericht/2231956
2012/13,04.05.2013,VfL Bochum,1.FC Köln,28400,Vonovia Ruhrstadion,https://www.transfermarkt.de/spielbericht/index/spielbericht/2231958
2012/13,05.05.2013,1.FC Kaiserslautern,FSV Frankfurt,38792,Fritz-Walter-Stadion,https://www.transfermarkt.de/spielbericht/index/spielbericht/2231949
2012/13,05.05.2013,TSV 1860 München,1.FC Union Berlin,18100,Allianz Arena,https://www.transfermarkt.de/spielbericht/index/spielbericht/2231954
2012/13,05.05.2013,MSV Duisburg,FC St. Pauli,18239,MSV-Arena,https://www.transfermarkt.de/spielbericht/index/spielbericht/2231957
2012/13,06.05.2013,Eintracht Braunschweig,FC Energie Cottbus,20445,EINTRACHT-Stadion,https://www.transfermarkt.de/spielbericht/index/spielbericht/2231950
2012/13,12.05.2013,1.FC Union Berlin,MSV Duisburg,19556,Stadion An der Alten Försterei,https://www.transfermarkt.de/spielbericht/index/spielbericht/2231959
2012/13,12.05.2013,FC St. Pauli,Eintracht Braunschweig,29063,Millerntor-Stadion,https://www.transfermarkt.de/spielbericht/index/spielbericht/2231960
2012/13,12.05.2013,SC Paderborn 07,TSV 1860 München,9160,Home Deluxe Arena,https://www.transfermarkt.de/spielbericht/index/spielbericht/2231961
2012/13,12.05.2013,1.FC Köln,Hertha BSC,49500,RheinEnergieSTADION,https://www.transfermarkt.de/spielbericht/index/spielbericht/2231962
2012/13,12.05.2013,FSV Frankfurt,VfL Bochum,7000,PSD Bank Arena,https://www.transfermarkt.de/spielbericht/index/spielbericht/2231963
2012/13,12.05.2013,FC Energie Cottbus,SV Sandhausen,9407,LEAG Energie Stadion,https://www.transfermarkt.de/spielbericht/index/spielbericht/2231966
2012/13,12.05.2013,VfR Aalen,SG Dynamo Dresden,11116,CENTUS Arena,https://www.transfermarkt.de/spielbericht/index/spielbericht/2231969
2012/13,12.05.2013,FC Erzgebirge Aue,FC Ingolstadt 04,11800,eins Erzgebirgsstadion,https://www.transfermarkt.de/spielbericht/index/spielbericht/2231970
2012/13,12.05.2013,SSV Jahn Regensburg,1.FC Kaiserslautern,8105,Jahnstadion,https://www.transfermarkt.de/spielbericht/index/spielbericht/2231971
2012/13,19.05.2013,Hertha BSC,FC Energie Cottbus,63267,Olympiastadion Berlin,https://www.transfermarkt.de/spielbericht/index/spielbericht/2231964
2012/13,19.05.2013,1.FC Kaiserslautern,FC St. Pauli,46460,Fritz-Walter-Stadion,https://www.transfermarkt.de/spielbericht/index/spielbericht/2231965
2012/13,19.05.2013,TSV 1860 München,VfR Aalen,34400,Allianz Arena,https://www.transfermarkt.de/spielbericht/index/spielbericht/2231967
2012/13,19.05.2013,Eintracht Braunschweig,FSV Frankfurt,22100,EINTRACHT-Stadion,https://www.transfermarkt.de/spielbericht/index/spielbericht/2231968
2012/13,19.05.2013,FC Ingolstadt 04,1.FC Köln,12520,Audi Sportpark,https://www.transfermarkt.de/spielbericht/index/spielbericht/2231972
2012/13,19.05.2013,SV Sandhausen,FC Erzgebirge Aue,5250,Stadion am Hardtwald,https://www.transfermarkt.de/spielbericht/index/spielbericht/2231973
2012/13,19.05.2013,VfL Bochum,1.FC Union Berlin,24244,Vonovia Ruhrstadion,https://www.transfermarkt.de/spielbericht/index/spielbericht/2231974
2012/13,19.05.2013,SG Dynamo Dresden,SSV Jahn Regensburg,29703,Rudolf-Harbig-Stadion,https://www.transfermarkt.de/spielbericht/index/spielbericht/2231975
2012/13,19.05.2013,MSV Duisburg,SC Paderborn 07,13472,MSV-Arena,https://www.transfermarkt.de/spielbericht/index/spielbericht/2231976
2013/14,26.07.2013,VfR Aalen,SpVgg Greuther Fürth,6402,CENTUS Arena,https://www.transfermarkt.de/spielbericht/index/spielbericht/2321094
2013/14,26.07.2013,Arminia Bielefeld,1.FC Union Berlin,15488,SchücoArena,https://www.transfermarkt.de/spielbericht/index/spielbericht/2321098
2013/14,26.07.2013,1.FC Kaiserslautern,FC Ingolstadt 04,28817,Fritz-Walter-Stadion,https://www.transfermarkt.de/spielbericht/index/spielbericht/2321090
2013/14,27.07.2013,FC Erzgebirge Aue,SV Sandhausen,8200,eins Erzgebirgsstadion,https://www.transfermarkt.de/spielbericht/index/spielbericht/2321096
2013/14,27.07.2013,Karlsruher SC,FC St. Pauli,17667,BBBank Wildpark,https://www.transfermarkt.de/spielbericht/index/spielbericht/2321097
2013/14,28.07.2013,TSV 1860 München,FSV Frankfurt,16500,Allianz Arena,https://www.transfermarkt.de/spielbericht/index/spielbericht/2321092
2013/14,28.07.2013,FC Energie Cottbus,SC Paderborn 07,7105,LEAG Energie Stadion,https://www.transfermarkt.de/spielbericht/index/spielbericht/2321093
2013/14,28.07.2013,1.FC Köln,Fortuna Düsseldorf,49959,RheinEnergieSTADION,https://www.transfermarkt.de/spielbericht/index/spielbericht/2321091
2013/14,29.07.2013,VfL Bochum,SG Dynamo Dresden,20195,Vonovia Ruhrstadion,https://www.transfermarkt.de/spielbericht/index/spielbericht/2321095
2013/14,09.08.2013,Fortuna Düsseldorf,TSV 1860 München,34626,MERKUR SPIEL-ARENA,https://www.transfermarkt.de/spielbericht/index/spielbericht/2321099
2013/14,09.08.2013,FSV Frankfurt,VfL Bochum,4839,PSD Bank Arena,https://www.transfermarkt.de/spielbericht/index/spielbericht/2321101
2013/14,09.08.2013,SG Dynamo Dresden,1.FC Union Berlin,29223,Rudolf-Harbig-Stadion,https://www.transfermarkt.de/spielbericht/index/spielbericht/2321107
2013/14,10.08.2013,SC Paderborn 07,1.FC Köln,12397,Home Deluxe Arena,https://www.transfermarkt.de/spielbericht/index/spielbericht/2321104
2013/14,10.08.2013,FC Ingolstadt 04,Karlsruher SC,5687,Audi Sportpark,https://www.transfermarkt.de/spielbericht/index/spielbericht/2321105
2013/14,11.08.2013,FC St. Pauli,Arminia Bielefeld,28528,Millerntor-Stadion,https://www.transfermarkt.de/spielbericht/index/spielbericht/2321102
2013/14,11.08.2013,SV Sandhausen,FC Energie Cottbus,3200,Stadion am Hardtwald,https://www.transfermarkt.de/spielbericht/index/spielbericht/2321103
2013/14,11.08.2013,FC Erzgebirge Aue,VfR Aalen,8750,eins Erzgebirgsstadion,https://www.transfermarkt.de/spielbericht/index/spielbericht/2321106
2013/14,12.08.2013,SpVgg Greuther Fürth,1.FC Kaiserslautern,14030,Sportpark Ronhof | Thomas Sommer,https://www.transfermarkt.de/spielbericht/index/spielbericht/2321100
2013/14,16.08.2013,Karlsruher SC,SpVgg Greuther Fürth,18877,BBBank Wildpark,https://www.transfermarkt.de/spielbericht/index/spielbericht/2321438
2013/14,16.08.2013,Arminia Bielefeld,SC Paderborn 07,24106,SchücoArena,https://www.transfermarkt.de/spielbericht/index/spielbericht/2321439
2013/14,16.08.2013,VfL Bochum,FC St. Pauli,23028,Vonovia Ruhrstadion,https://www.transfermarkt.de/spielbericht/index/spielbericht/2321436
2013/14,17.08.2013,1.FC Kaiserslautern,FC Erzgebirge Aue,25565,Fritz-Walter-Stadion,https://www.transfermarkt.de/spielbericht/index/spielbericht/2321431
2013/14,17.08.2013,1.FC Köln,SV Sandhausen,39000,RheinEnergieSTADION,https://www.transfermarkt.de/spielbericht/index/spielbericht/2321432
2013/14,18.08.2013,TSV 1860 München,FC Ingolstadt 04,24200,Allianz Arena,https://www.transfermarkt.de/spielbericht/index/spielbericht/2321433
2013/14,18.08.2013,FC Energie Cottbus,VfR Aalen,9112,LEAG Energie Stadion,https://www.transfermarkt.de/spielbericht/index/spielbericht/2321435
2013/14,18.08.2013,SG Dynamo Dresden,FSV Frankfurt,24144,Rudolf-Harbig-Stadion,https://www.transfermarkt.de/spielbericht/index/spielbericht/2321437
2013/14,19.08.2013,1.FC Union Berlin,Fortuna Düsseldorf,20846,Stadion An der Alten Försterei,https://www.transfermarkt.de/spielbericht/index/spielbericht/2321434
2013/14,23.08.2013,SV Sandhausen,Karlsruher SC,10600,Stadion am Hardtwald,https://www.transfermarkt.de/spielbericht/index/spielbericht/2321495
2013/14,23.08.2013,FC Ingolstadt 04,Arminia Bielefeld,4744,Audi Sportpark,https://www.transfermarkt.de/spielbericht/index/spielbericht/2321498
2013/14,23.08.2013,FC Erzgebirge Aue,FC Energie Cottbus,9550,eins Erzgebirgsstadion,https://www.transfermarkt.de/spielbericht/index/spielbericht/2321499
2013/14,24.08.2013,SpVgg Greuther Fürth,1.FC Köln,13770,Sportpark Ronhof | Thomas Sommer,https://www.transfermarkt.de/spielbericht/index/spielbericht/2321491
2013/14,24.08.2013,VfR Aalen,1.FC Kaiserslautern,9837,CENTUS Arena,https://www.transfermarkt.de/spielbericht/index/spielbericht/2321493
2013/14,25.08.2013,Fortuna Düsseldorf,VfL Bochum,37233,MERKUR SPIEL-ARENA,https://www.transfermarkt.de/spielbericht/index/spielbericht/2321489
2013/14,25.08.2013,FSV Frankfurt,1.FC Union Berlin,4436,PSD Bank Arena,https://www.transfermarkt.de/spielbericht/index/spielbericht/2321492
2013/14,25.08.2013,SC Paderborn 07,TSV 1860 München,7411,Home Deluxe Arena,https://www.transfermarkt.de/spielbericht/index/spielbericht/2321497
2013/14,26.08.2013,FC St. Pauli,SG Dynamo Dresden,28587,Millerntor-Stadion,https://www.transfermarkt.de/spielbericht/index/spielbericht/2321494
2013/14,20.09.2013,1.FC Köln,1.FC Kaiserslautern,50000,RheinEnergieSTADION,https://www.transfermarkt.de/spielbericht/index/spielbericht/2321568
2013/14,20.09.2013,1.FC Union Berlin,SpVgg Greuther Fürth,19707,Stadion An der Alten Försterei,https://www.transfermarkt.de/spielbericht/index/spielbericht/2321570
2013/14,20.09.2013,Karlsruher SC,FC Energie Cottbus,11592,BBBank Wildpark,https://www.transfermarkt.de/spielbericht/index/spielbericht/2321574
2013/14,21.09.2013,TSV 1860 München,FC Erzgebirge Aue,14300,Allianz Arena,https://www.transfermarkt.de/spielbericht/index/spielbericht/2321569
2013/14,21.09.2013,VfL Bochum,VfR Aalen,15051,Vonovia Ruhrstadion,https://www.transfermarkt.de/spielbericht/index/spielbericht/2321572
2013/14,21.09.2013,Arminia Bielefeld,SV Sandhausen,11037,SchücoArena,https://www.transfermarkt.de/spielbericht/index/spielbericht/2321575
2013/14,22.09.2013,FSV Frankfurt,FC Ingolstadt 04,3451,PSD Bank Arena,https://www.transfermarkt.de/spielbericht/index/spielbericht/2321567
2013/14,22.09.2013,SG Dynamo Dresden,SC Paderborn 07,22746,Rudolf-Harbig-Stadion,https://www.transfermarkt.de/spielbericht/index/spielbericht/2321573
2013/14,23.09.2013,FC St. Pauli,Fortuna Düsseldorf,29063,Millerntor-Stadion,https://www.transfermarkt.de/spielbericht/index/spielbericht/2321571
2013/14,27.09.2013,FC Energie Cottbus,Arminia Bielefeld,7028,LEAG Energie Stadion,https://www.transfermarkt.de/spielbericht/index/spielbericht/2321579
2013/14,27.09.2013,VfR Aalen,1.FC Köln,8718,CENTUS Arena,https://www.transfermarkt.de/spielbericht/index/spielbericht/2321580
2013/14,27.09.2013,FC Erzgebirge Aue,Karlsruher SC,7050,eins Erzgebirgsstadion,https://www.transfermarkt.de/spielbericht/index/spielbericht/2321584
2013/14,28.09.2013,Fortuna Düsseldorf,FSV Frankfurt,30254,MERKUR SPIEL-ARENA,https://www.transfermarkt.de/spielbericht/index/spielbericht/2321576
2013/14,28.09.2013,SC Paderborn 07,1.FC Union Berlin,7512,Home Deluxe Arena,https://www.transfermarkt.de/spielbericht/index/spielbericht/2321582
2013/14,29.09.2013,1.FC Kaiserslautern,TSV 1860 München,31637,Fritz-Walter-Stadion,https://www.transfermarkt.de/spielbericht/index/spielbericht/2321578
2013/14,29.09.2013,SV Sandhausen,VfL Bochum,4700,Stadion am Hardtwald,https://www.transfermarkt.de/spielbericht/index/spielbericht/2321581
2013/14,29.09.2013,FC Ingolstadt 04,FC St. Pauli,7688,Audi Sportpark,https://www.transfermarkt.de/spielbericht/index/spielbericht/2321583
2013/14,30.09.2013,SpVgg Greuther Fürth,SG Dynamo Dresden,12520,Sportpark Ronhof | Thomas Sommer,https://www.transfermarkt.de/spielbericht/index/spielbericht/2321577
2013/14,04.10.2013,1.FC Union Berlin,SV Sandhausen,18756,Stadion An der Alten Försterei,https://www.transfermarkt.de/spielbericht/index/spielbericht/2321588
2013/14,04.10.2013,FC St. Pauli,SC Paderborn 07,28022,Millerntor-Stadion,https://www.transfermarkt.de/spielbericht/index/spielbericht/2321589
2013/14,04.10.2013,Arminia Bielefeld,1.FC Kaiserslautern,18274,SchücoArena,https://www.transfermarkt.de/spielbericht/index/spielbericht/2321593
2013/14,05.10.2013,SG Dynamo Dresden,VfR Aalen,21709,Rudolf-Harbig-Stadion,https://www.transfermarkt.de/spielbericht/index/spielbericht/2321591
2013/14,05.10.2013,Karlsruher SC,1.FC Köln,20000,BBBank Wildpark,https://www.transfermarkt.de/spielbericht/index/spielbericht/2321592
2013/14,06.10.2013,FSV Frankfurt,FC Erzgebirge Aue,3455,PSD Bank Arena,https://www.transfermarkt.de/spielbericht/index/spielbericht/2321586
2013/14,06.10.2013,TSV 1860 München,FC Energie Cottbus,16100,Allianz Arena,https://www.transfermarkt.de/spielbericht/index/spielbericht/2321587
2013/14,06.10.2013,VfL Bochum,FC Ingolstadt 04,14465,Vonovia Ruhrstadion,https://www.transfermarkt.de/spielbericht/index/spielbericht/2321590
2013/14,07.10.2013,Fortuna Düsseldorf,SpVgg Greuther Fürth,30412,MERKUR SPIEL-ARENA,https://www.transfermarkt.de/spielbericht/index/spielbericht/2321585
2013/14,18.10.2013,FC Energie Cottbus,1.FC Union Berlin,16491,LEAG Energie Stadion,https://www.transfermarkt.de/spielbericht/index/spielbericht/2321597
2013/14,18.10.2013,VfR Aalen,Arminia Bielefeld,5904,CENTUS Arena,https://www.transfermarkt.de/spielbericht/index/spielbericht/2321598
2013/14,18.10.2013,SC Paderborn 07,FSV Frankfurt,6523,Home Deluxe Arena,https://www.transfermarkt.de/spielbericht/index/spielbericht/2321600
2013/14,19.10.2013,SV Sandhausen,SG Dynamo Dresden,6500,Stadion am Hardtwald,https://www.transfermarkt.de/spielbericht/index/spielbericht/2321599
2013/14,19.10.2013,FC Erzgebirge Aue,VfL Bochum,8800,eins Erzgebirgsstadion,https://www.transfermarkt.de/spielbericht/index/spielbericht/2321602
2013/14,20.10.2013,SpVgg Greuther Fürth,FC St. Pauli,14110,Sportpark Ronhof | Thomas Sommer,https://www.transfermarkt.de/spielbericht/index/spielbericht/2321594
2013/14,20.10.2013,1.FC Kaiserslautern,Karlsruher SC,45293,Fritz-Walter-Stadion,https://www.transfermarkt.de/spielbericht/index/spielbericht/2321595
2013/14,20.10.2013,FC Ingolstadt 04,Fortuna Düsseldorf,6380,Audi Sportpark,https://www.transfermarkt.de/spielbericht/index/spielbericht/2321601
2013/14,21.10.2013,1.FC Köln,TSV 1860 München,48300,RheinEnergieSTADION,https://www.transfermarkt.de/spielbericht/index/spielbericht/2321596
2013/14,01.11.2013,FC Energie Cottbus,VfL Bochum,9219,LEAG Energie Stadion,https://www.transfermarkt.de/spielbericht/index/spielbericht/2321615
2013/14,01.11.2013,VfR Aalen,Fortuna Düsseldorf,9278,CENTUS Arena,https://www.transfermarkt.de/spielbericht/index/spielbericht/2321616
2013/14,01.11.2013,SC Paderborn 07,FC Ingolstadt 04,10506,Home Deluxe Arena,https://www.transfermarkt.de/spielbericht/index/spielbericht/2321618
2013/14,02.11.2013,1.FC Kaiserslautern,FC St. Pauli,35313,Fritz-Walter-Stadion,https://www.transfermarkt.de/spielbericht/index/spielbericht/2321612
2013/14,02.11.2013,FC Erzgebirge Aue,SpVgg Greuther Fürth,8750,eins Erzgebirgsstadion,https://www.transfermarkt.de/spielbericht/index/spielbericht/2321619
2013/14,03.11.2013,TSV 1860 München,SG Dynamo Dresden,23500,Allianz Arena,https://www.transfermarkt.de/spielbericht/index/spielbericht/2321614
2013/14,03.11.2013,SV Sandhausen,FSV Frankfurt,3550,Stadion am Hardtwald,https://www.transfermarkt.de/spielbericht/index/spielbericht/2321617
2013/14,03.11.2013,Karlsruher SC,Arminia Bielefeld,12445,BBBank Wildpark,https://www.transfermarkt.de/spielbericht/index/spielbericht/2321620
2013/14,04.11.2013,1.FC Köln,1.FC Union Berlin,45000,RheinEnergieSTADION,https://www.transfermarkt.de/spielbericht/index/spielbericht/2321613
2013/14,22.11.2013,FC Energie Cottbus,FSV Frankfurt,7384,LEAG Energie Stadion,https://www.transfermarkt.de/spielbericht/index/spielbericht/2321633
2013/14,22.11.2013,SV Sandhausen,SC Paderborn 07,3000,Stadion am Hardtwald,https://www.transfermarkt.de/spielbericht/index/spielbericht/2321635
2013/14,22.11.2013,Arminia Bielefeld,VfL Bochum,16731,SchücoArena,https://www.transfermarkt.de/spielbericht/index/spielbericht/2321638
2013/14,23.11.2013,1.FC Kaiserslautern,1.FC Union Berlin,33284,Fritz-Walter-Stadion,https://www.transfermarkt.de/spielbericht/index/spielbericht/2321630
2013/14,23.11.2013,1.FC Köln,FC Ingolstadt 04,47000,RheinEnergieSTADION,https://www.transfermarkt.de/spielbericht/index/spielbericht/2321631
2013/14,24.11.2013,VfR Aalen,FC St. Pauli,10480,CENTUS Arena,https://www.transfermarkt.de/spielbericht/index/spielbericht/2321634
2013/14,24.11.2013,FC Erzgebirge Aue,Fortuna Düsseldorf,8300,eins Erzgebirgsstadion,https://www.transfermarkt.de/spielbericht/index/spielbericht/2321636
2013/14,24.11.2013,Karlsruher SC,SG Dynamo Dresden,16520,BBBank Wildpark,https://www.transfermarkt.de/spielbericht/index/spielbericht/2321637
2013/14,25.11.2013,TSV 1860 München,SpVgg Greuther Fürth,15500,Allianz Arena,https://www.transfermarkt.de/spielbericht/index/spielbericht/2321632
2013/14,06.12.2013,FC Erzgebirge Aue,FC St. Pauli,8700,eins Erzgebirgsstadion,https://www.transfermarkt.de/spielbericht/index/spielbericht/2321654
2013/14,06.12.2013,Karlsruher SC,VfL Bochum,13278,BBBank Wildpark,https://www.transfermarkt.de/spielbericht/index/spielbericht/2321655
2013/14,06.12.2013,Arminia Bielefeld,SG Dynamo Dresden,14587,SchücoArena,https://www.transfermarkt.de/spielbericht/index/spielbericht/2321656
2013/14,07.12.2013,1.FC Köln,FSV Frankfurt,43300,RheinEnergieSTADION,https://www.transfermarkt.de/spielbericht/index/spielbericht/2321649
2013/14,07.12.2013,TSV 1860 München,1.FC Union Berlin,18400,Allianz Arena,https://www.transfermarkt.de/spielbericht/index/spielbericht/2321650
2013/14,08.12.2013,FC Energie Cottbus,FC Ingolstadt 04,7406,LEAG Energie Stadion,https://www.transfermarkt.de/spielbericht/index/spielbericht/2321651
2013/14,08.12.2013,VfR Aalen,SC Paderborn 07,4761,CENTUS Arena,https://www.transfermarkt.de/spielbericht/index/spielbericht/2321652
2013/14,08.12.2013,SV Sandhausen,SpVgg Greuther Fürth,4000,Stadion am Hardtwald,https://www.transfermarkt.de/spielbericht/index/spielbericht/2321653
2013/14,09.12.2013,1.FC Kaiserslautern,Fortuna Düsseldorf,29570,Fritz-Walter-Stadion,https://www.transfermarkt.de/spielbericht/index/spielbericht/2321648
2013/14,13.12.2013,1.FC Kaiserslautern,SC Paderborn 07,23794,Fritz-Walter-Stadion,https://www.transfermarkt.de/spielbericht/index/spielbericht/2321666
2013/14,13.12.2013,1.FC Köln,SG Dynamo Dresden,45000,RheinEnergieSTADION,https://www.transfermarkt.de/spielbericht/index/spielbericht/2321667
2013/14,13.12.2013,VfR Aalen,SV Sandhausen,4781,CENTUS Arena,https://www.transfermarkt.de/spielbericht/index/spielbericht/2321670
2013/14,14.12.2013,FC Energie Cottbus,Fortuna Düsseldorf,7056,LEAG Energie Stadion,https://www.transfermarkt.de/spielbericht/index/spielbericht/2321669
2013/14,14.12.2013,VfL Bochum,1.FC Union Berlin,13117,Vonovia Ruhrstadion,https://www.transfermarkt.de/spielbericht/index/spielbericht/2321671
2013/14,15.12.2013,FC Erzgebirge Aue,FC Ingolstadt 04,7200,eins Erzgebirgsstadion,https://www.transfermarkt.de/spielbericht/index/spielbericht/2321672
2013/14,15.12.2013,Karlsruher SC,FSV Frankfurt,13500,BBBank Wildpark,https://www.transfermarkt.de/spielbericht/index/spielbericht/2321673
2013/14,15.12.2013,Arminia Bielefeld,SpVgg Greuther Fürth,11313,SchücoArena,https://www.transfermarkt.de/spielbericht/index/spielbericht/2321674
2013/14,16.12.2013,TSV 1860 München,FC St. Pauli,23700,Allianz Arena,https://www.transfermarkt.de/spielbericht/index/spielbericht/2321668
2013/14,20.12.2013,FC St. Pauli,Karlsruher SC,29063,Millerntor-Stadion,https://www.transfermarkt.de/spielbericht/index/spielbericht/2321686
2013/14,20.12.2013,SV Sandhausen,FC Erzgebirge Aue,3310,Stadion am Hardtwald,https://www.transfermarkt.de/spielbericht/index/spielbericht/2321687
2013/14,20.12.2013,SG Dynamo Dresden,VfL Bochum,27872,Rudolf-Harbig-Stadion,https://www.transfermarkt.de/spielbericht/index/spielbericht/2321690
2013/14,21.12.2013,FSV Frankfurt,TSV 1860 München,5814,PSD Bank Arena,https://www.transfermarkt.de/spielbericht/index/spielbericht/2321684
2013/14,21.12.2013,1.FC Union Berlin,Arminia Bielefeld,20314,Stadion An der Alten Försterei,https://www.transfermarkt.de/spielbericht/index/spielbericht/2321685
2013/14,22.12.2013,Fortuna Düsseldorf,1.FC Köln,52500,MERKUR SPIEL-ARENA,https://www.transfermarkt.de/spielbericht/index/spielbericht/2321682
2013/14,22.12.2013,SpVgg Greuther Fürth,VfR Aalen,10170,Sportpark Ronhof | Thomas Sommer,https://www.transfermarkt.de/spielbericht/index/spielbericht/2321683
2013/14,22.12.2013,SC Paderborn 07,FC Energie Cottbus,8578,Home Deluxe Arena,https://www.transfermarkt.de/spielbericht/index/spielbericht/2321688
2013/14,23.12.2013,FC Ingolstadt 04,1.FC Kaiserslautern,10354,Audi Sportpark,https://www.transfermarkt.de/spielbericht/index/spielbericht/2321689
2013/14,07.02.2014,FC Energie Cottbus,SV Sandhausen,10986,LEAG Energie Stadion,https://www.transfermarkt.de/spielbericht/index/spielbericht/2321695
2013/14,07.02.2014,VfR Aalen,FC Erzgebirge Aue,5512,CENTUS Arena,https://www.transfermarkt.de/spielbericht/index/spielbericht/2321696
2013/14,07.02.2014,VfL Bochum,FSV Frankfurt,12811,Vonovia Ruhrstadion,https://www.transfermarkt.de/spielbericht/index/spielbericht/2321697
2013/14,08.02.2014,1.FC Kaiserslautern,SpVgg Greuther Fürth,32966,Fritz-Walter-Stadion,https://www.transfermarkt.de/spielbericht/index/spielbericht/2321691
2013/14,08.02.2014,1.FC Union Berlin,SG Dynamo Dresden,21717,Stadion An der Alten Försterei,https://www.transfermarkt.de/spielbericht/index/spielbericht/2321694
2013/14,09.02.2014,1.FC Köln,SC Paderborn 07,48100,RheinEnergieSTADION,https://www.transfermarkt.de/spielbericht/index/spielbericht/2321692
2013/14,09.02.2014,Karlsruher SC,FC Ingolstadt 04,14010,BBBank Wildpark,https://www.transfermarkt.de/spielbericht/index/spielbericht/2321698
2013/14,09.02.2014,Arminia Bielefeld,FC St. Pauli,23828,SchücoArena,https://www.transfermarkt.de/spielbericht/index/spielbericht/2321699
2013/14,10.02.2014,TSV 1860 München,Fortuna Düsseldorf,20100,Allianz Arena,https://www.transfermarkt.de/spielbericht/index/spielbericht/2321693
2013/14,14.02.2014,Fortuna Düsseldorf,1.FC Union Berlin,30678,MERKUR SPIEL-ARENA,https://www.transfermarkt.de/spielbericht/index/spielbericht/2321701
2013/14,14.02.2014,SpVgg Greuther Fürth,Karlsruher SC,11235,Sportpark Ronhof | Thomas Sommer,https://www.transfermarkt.de/spielbericht/index/spielbericht/2321702
2013/14,14.02.2014,FC Ingolstadt 04,TSV 1860 München,13734,Audi Sportpark,https://www.transfermarkt.de/spielbericht/index/spielbericht/2321708
2013/14,15.02.2014,FSV Frankfurt,SG Dynamo Dresden,6229,PSD Bank Arena,https://www.transfermarkt.de/spielbericht/index/spielbericht/2321703
2013/14,15.02.2014,FC St. Pauli,VfL Bochum,29063,Millerntor-Stadion,https://www.transfermarkt.de/spielbericht/index/spielbericht/2321705
2013/14,16.02.2014,VfR Aalen,FC Energie Cottbus,5571,CENTUS Arena,https://www.transfermarkt.de/spielbericht/index/spielbericht/2321704
2013/14,16.02.2014,SV Sandhausen,1.FC Köln,9800,Stadion am Hardtwald,https://www.transfermarkt.de/spielbericht/index/spielbericht/2321706
2013/14,16.02.2014,SC Paderborn 07,Arminia Bielefeld,15000,Home Deluxe Arena,https://www.transfermarkt.de/spielbericht/index/spielbericht/2321707
2013/14,17.02.2014,FC Erzgebirge Aue,1.FC Kaiserslautern,8600,eins Erzgebirgsstadion,https://www.transfermarkt.de/spielbericht/index/spielbericht/2321709
2013/14,21.02.2014,1.FC Union Berlin,FSV Frankfurt,17082,Stadion An der Alten Försterei,https://www.transfermarkt.de/spielbericht/index/spielbericht/2321713
2013/14,21.02.2014,FC Energie Cottbus,FC Erzgebirge Aue,9485,LEAG Energie Stadion,https://www.transfermarkt.de/spielbericht/index/spielbericht/2321714
2013/14,21.02.2014,Arminia Bielefeld,FC Ingolstadt 04,12200,SchücoArena,https://www.transfermarkt.de/spielbericht/index/spielbericht/2321718
2013/14,22.02.2014,TSV 1860 München,SC Paderborn 07,13800,Allianz Arena,https://www.transfermarkt.de/spielbericht/index/spielbericht/2321712
2013/14,22.02.2014,Karlsruher SC,SV Sandhausen,13322,BBBank Wildpark,https://www.transfermarkt.de/spielbericht/index/spielbericht/2321717
2013/14,23.02.2014,1.FC Kaiserslautern,VfR Aalen,25430,Fritz-Walter-Stadion,https://www.transfermarkt.de/spielbericht/index/spielbericht/2321710
2013/14,23.02.2014,VfL Bochum,Fortuna Düsseldorf,23145,Vonovia Ruhrstadion,https://www.transfermarkt.de/spielbericht/index/spielbericht/2321715
2013/14,23.02.2014,SG Dynamo Dresden,FC St. Pauli,29622,Rudolf-Harbig-Stadion,https://www.transfermarkt.de/spielbericht/index/spielbericht/2321716
2013/14,24.02.2014,1.FC Köln,SpVgg Greuther Fürth,45500,RheinEnergieSTADION,https://www.transfermarkt.de/spielbericht/index/spielbericht/2321711
2013/14,28.02.2014,Fortuna Düsseldorf,Arminia Bielefeld,33478,MERKUR SPIEL-ARENA,https://www.transfermarkt.de/spielbericht/index/spielbericht/2321719
2013/14,28.02.2014,FC Energie Cottbus,1.FC Kaiserslautern,8522,LEAG Energie Stadion,https://www.transfermarkt.de/spielbericht/index/spielbericht/2321721
2013/14,28.02.2014,SC Paderborn 07,VfL Bochum,12135,Home Deluxe Arena,https://www.transfermarkt.de/spielbericht/index/spielbericht/2321725
2013/14,01.03.2014,SV Sandhausen,TSV 1860 München,5300,Stadion am Hardtwald,https://www.transfermarkt.de/spielbericht/index/spielbericht/2321724
2013/14,01.03.2014,FC Erzgebirge Aue,1.FC Köln,13050,eins Erzgebirgsstadion,https://www.transfermarkt.de/spielbericht/index/spielbericht/2321727
2013/14,02.03.2014,SpVgg Greuther Fürth,FSV Frankfurt,10055,Sportpark Ronhof | Thomas Sommer,https://www.transfermarkt.de/spielbericht/index/spielbericht/2321720
2013/14,02.03.2014,VfR Aalen,Karlsruher SC,8729,CENTUS Arena,https://www.transfermarkt.de/spielbericht/index/spielbericht/2321722
2013/14,02.03.2014,FC Ingolstadt 04,SG Dynamo Dresden,8533,Audi Sportpark,https://www.transfermarkt.de/spielbericht/index/spielbericht/2321726
2013/14,03.03.2014,FC St. Pauli,1.FC Union Berlin,29063,Millerntor-Stadion,https://www.transfermarkt.de/spielbericht/index/spielbericht/2321723
2013/14,07.03.2014,1.FC Kaiserslautern,SV Sandhausen,24584,Fritz-Walter-Stadion,https://www.transfermarkt.de/spielbericht/index/spielbericht/2321728
2013/14,07.03.2014,TSV 1860 München,VfR Aalen,14100,Allianz Arena,https://www.transfermarkt.de/spielbericht/index/spielbericht/2321731
2013/14,07.03.2014,1.FC Köln,FC Energie Cottbus,42400,RheinEnergieSTADION,https://www.transfermarkt.de/spielbericht/index/spielbericht/2321730
2013/14,08.03.2014,1.FC Union Berlin,FC Ingolstadt 04,18412,Stadion An der Alten Försterei,https://www.transfermarkt.de/spielbericht/index/spielbericht/2321732
2013/14,08.03.2014,Arminia Bielefeld,FC Erzgebirge Aue,13079,SchücoArena,https://www.transfermarkt.de/spielbericht/index/spielbericht/2321736
2013/14,09.03.2014,FSV Frankfurt,FC St. Pauli,11103,PSD Bank Arena,https://www.transfermarkt.de/spielbericht/index/spielbericht/2321729
2013/14,09.03.2014,SG Dynamo Dresden,Fortuna Düsseldorf,27530,Rudolf-Harbig-Stadion,https://www.transfermarkt.de/spielbericht/index/spielbericht/2321734
2013/14,09.03.2014,Karlsruher SC,SC Paderborn 07,15601,BBBank Wildpark,https://www.transfermarkt.de/spielbericht/index/spielbericht/2321735
2013/14,10.03.2014,VfL Bochum,SpVgg Greuther Fürth,10833,Vonovia Ruhrstadion,https://www.transfermarkt.de/spielbericht/index/spielbericht/2321733
2013/14,14.03.2014,VfR Aalen,VfL Bochum,5911,CENTUS Arena,https://www.transfermarkt.de/spielbericht/index/spielbericht/2321741
2013/14,14.03.2014,SC Paderborn 07,SG Dynamo Dresden,10750,Home Deluxe Arena,https://www.transfermarkt.de/spielbericht/index/spielbericht/2321743
2013/14,14.03.2014,FC Ingolstadt 04,FSV Frankfurt,4213,Audi Sportpark,https://www.transfermarkt.de/spielbericht/index/spielbericht/2321744
2013/14,15.03.2014,FC Energie Cottbus,Karlsruher SC,8366,LEAG Energie Stadion,https://www.transfermarkt.de/spielbericht/index/spielbericht/2321740
2013/14,15.03.2014,FC Erzgebirge Aue,TSV 1860 München,8750,eins Erzgebirgsstadion,https://www.transfermarkt.de/spielbericht/index/spielbericht/2321745
2013/14,16.03.2014,Fortuna Düsseldorf,FC St. Pauli,41357,MERKUR SPIEL-ARENA,https://www.transfermarkt.de/spielbericht/index/spielbericht/2321737
2013/14,16.03.2014,SpVgg Greuther Fürth,1.FC Union Berlin,11545,Sportpark Ronhof | Thomas Sommer,https://www.transfermarkt.de/spielbericht/index/spielbericht/2321738
2013/14,16.03.2014,SV Sandhausen,Arminia Bielefeld,4100,Stadion am Hardtwald,https://www.transfermarkt.de/spielbericht/index/spielbericht/2321742
2013/14,17.03.2014,1.FC Kaiserslautern,1.FC Köln,41315,Fritz-Walter-Stadion,https://www.transfermarkt.de/spielbericht/index/spielbericht/2321739
2013/14,21.03.2014,1.FC Union Berlin,SC Paderborn 07,18820,Stadion An der Alten Försterei,https://www.transfermarkt.de/spielbericht/index/spielbericht/2321749
2013/14,21.03.2014,VfL Bochum,SV Sandhausen,11332,Vonovia Ruhrstadion,https://www.transfermarkt.de/spielbericht/index/spielbericht/2321751
2013/14,21.03.2014,SG Dynamo Dresden,SpVgg Greuther Fürth,25115,Rudolf-Harbig-Stadion,https://www.transfermarkt.de/spielbericht/index/spielbericht/2321752
2013/14,22.03.2014,FSV Frankfurt,Fortuna Düsseldorf,7712,PSD Bank Arena,https://www.transfermarkt.de/spielbericht/index/spielbericht/2321746
2013/14,22.03.2014,1.FC Köln,VfR Aalen,45700,RheinEnergieSTADION,https://www.transfermarkt.de/spielbericht/index/spielbericht/2321747
2013/14,22.03.2014,FC St. Pauli,FC Ingolstadt 04,28301,Millerntor-Stadion,https://www.transfermarkt.de/spielbericht/index/spielbericht/2321750
2013/14,23.03.2014,TSV 1860 München,1.FC Kaiserslautern,24600,Allianz Arena,https://www.transfermarkt.de/spielbericht/index/spielbericht/2321748
2013/14,23.03.2014,Karlsruher SC,FC Erzgebirge Aue,12782,BBBank Wildpark,https://www.transfermarkt.de/spielbericht/index/spielbericht/2321753
2013/14,23.03.2014,Arminia Bielefeld,FC Energie Cottbus,15474,SchücoArena,https://www.transfermarkt.de/spielbericht/index/spielbericht/2321754
2013/14,25.03.2014,SpVgg Greuther Fürth,Fortuna Düsseldorf,10875,Sportpark Ronhof | Thomas Sommer,https://www.transfermarkt.de/spielbericht/index/spielbericht/2321755
2013/14,25.03.2014,VfR Aalen,SG Dynamo Dresden,6683,CENTUS Arena,https://www.transfermarkt.de/spielbericht/index/spielbericht/2321759
2013/14,25.03.2014,SV Sandhausen,1.FC Union Berlin,4050,Stadion am Hardtwald,https://www.transfermarkt.de/spielbericht/index/spielbericht/2321760
2013/14,25.03.2014,SC Paderborn 07,FC St. Pauli,14411,Home Deluxe Arena,https://www.transfermarkt.de/spielbericht/index/spielbericht/2321761
2013/14,25.03.2014,FC Ingolstadt 04,VfL Bochum,3708,Audi Sportpark,https://www.transfermarkt.de/spielbericht/index/spielbericht/2321762
2013/14,26.03.2014,1.FC Kaiserslautern,Arminia Bielefeld,22689,Fritz-Walter-Stadion,https://www.transfermarkt.de/spielbericht/index/spielbericht/2321756
2013/14,26.03.2014,1.FC Köln,Karlsruher SC,46700,RheinEnergieSTADION,https://www.transfermarkt.de/spielbericht/index/spielbericht/2321757
2013/14,26.03.2014,FC Energie Cottbus,TSV 1860 München,10021,LEAG Energie Stadion,https://www.transfermarkt.de/spielbericht/index/spielbericht/2321758
2013/14,26.03.2014,FC Erzgebirge Aue,FSV Frankfurt,7200,eins Erzgebirgsstadion,https://www.transfermarkt.de/spielbericht/index/spielbericht/2321763
2013/14,28.03.2014,Fortuna Düsseldorf,FC Ingolstadt 04,27351,MERKUR SPIEL-ARENA,https://www.transfermarkt.de/spielbericht/index/spielbericht/2321764
2013/14,28.03.2014,FC St. Pauli,SpVgg Greuther Fürth,28087,Millerntor-Stadion,https://www.transfermarkt.de/spielbericht/index/spielbericht/2321768
2013/14,28.03.2014,SG Dynamo Dresden,SV Sandhausen,24000,Rudolf-Harbig-Stadion,https://www.transfermarkt.de/spielbericht/index/spielbericht/2321770
2013/14,29.03.2014,VfL Bochum,FC Erzgebirge Aue,10255,Vonovia Ruhrstadion,https://www.transfermarkt.de/spielbericht/index/spielbericht/2321769
2013/14,29.03.2014,Karlsruher SC,1.FC Kaiserslautern,27600,BBBank Wildpark,https://www.transfermarkt.de/spielbericht/index/spielbericht/2321771
2013/14,30.03.2014,FSV Frankfurt,SC Paderborn 07,4532,PSD Bank Arena,https://www.transfermarkt.de/spielbericht/index/spielbericht/2321765
2013/14,30.03.2014,TSV 1860 München,1.FC Köln,33600,Allianz Arena,https://www.transfermarkt.de/spielbericht/index/spielbericht/2321766
2013/14,30.03.2014,Arminia Bielefeld,VfR Aalen,13137,SchücoArena,https://www.transfermarkt.de/spielbericht/index/spielbericht/2321772
2013/14,31.03.2014,1.FC Union Berlin,FC Energie Cottbus,20766,Stadion An der Alten Försterei,https://www.transfermarkt.de/spielbericht/index/spielbericht/2321767
2013/14,04.04.2014,FC Energie Cottbus,SG Dynamo Dresden,18500,LEAG Energie Stadion,https://www.transfermarkt.de/spielbericht/index/spielbericht/2321776
2013/14,04.04.2014,VfR Aalen,FSV Frankfurt,10500,CENTUS Arena,https://www.transfermarkt.de/spielbericht/index/spielbericht/2321777
2013/14,04.04.2014,SC Paderborn 07,Fortuna Düsseldorf,14788,Home Deluxe Arena,https://www.transfermarkt.de/spielbericht/index/spielbericht/2321779
2013/14,05.04.2014,1.FC Köln,Arminia Bielefeld,48900,RheinEnergieSTADION,https://www.transfermarkt.de/spielbericht/index/spielbericht/2321774
2013/14,05.04.2014,SV Sandhausen,FC St. Pauli,8050,Stadion am Hardtwald,https://www.transfermarkt.de/spielbericht/index/spielbericht/2321778
2013/14,06.04.2014,1.FC Kaiserslautern,VfL Bochum,26916,Fritz-Walter-Stadion,https://www.transfermarkt.de/spielbericht/index/spielbericht/2321773
2013/14,06.04.2014,TSV 1860 München,Karlsruher SC,19100,Allianz Arena,https://www.transfermarkt.de/spielbericht/index/spielbericht/2321775
2013/14,06.04.2014,FC Erzgebirge Aue,1.FC Union Berlin,12000,eins Erzgebirgsstadion,https://www.transfermarkt.de/spielbericht/index/spielbericht/2321781
2013/14,07.04.2014,FC Ingolstadt 04,SpVgg Greuther Fürth,7236,Audi Sportpark,https://www.transfermarkt.de/spielbericht/index/spielbericht/2321780
2013/14,11.04.2014,1.FC Union Berlin,1.FC Köln,21717,Stadion An der Alten Försterei,https://www.transfermarkt.de/spielbericht/index/spielbericht/2321785
2013/14,11.04.2014,FC St. Pauli,1.FC Kaiserslautern,29063,Millerntor-Stadion,https://www.transfermarkt.de/spielbericht/index/spielbericht/2321786
2013/14,11.04.2014,FC Ingolstadt 04,SC Paderborn 07,4536,Audi Sportpark,https://www.transfermarkt.de/spielbericht/index/spielbericht/2321787
2013/14,12.04.2014,SpVgg Greuther Fürth,FC Erzgebirge Aue,12310,Sportpark Ronhof | Thomas Sommer,https://www.transfermarkt.de/spielbericht/index/spielbericht/2321783
2013/14,12.04.2014,Arminia Bielefeld,Karlsruher SC,14349,SchücoArena,https://www.transfermarkt.de/spielbericht/index/spielbericht/2321790
2013/14,13.04.2014,Fortuna Düsseldorf,VfR Aalen,28377,MERKUR SPIEL-ARENA,https://www.transfermarkt.de/spielbericht/index/spielbericht/2321782
2013/14,13.04.2014,FSV Frankfurt,SV Sandhausen,6847,PSD Bank Arena,https://www.transfermarkt.de/spielbericht/index/spielbericht/2321784
2013/14,13.04.2014,VfL Bochum,FC Energie Cottbus,11779,Vonovia Ruhrstadion,https://www.transfermarkt.de/spielbericht/index/spielbericht/2321788
2013/14,14.04.2014,SG Dynamo Dresden,TSV 1860 München,27344,Rudolf-Harbig-Stadion,https://www.transfermarkt.de/spielbericht/index/spielbericht/2321789
2013/14,17.04.2014,FC Energie Cottbus,FC St. Pauli,9142,LEAG Energie Stadion,https://www.transfermarkt.de/spielbericht/index/spielbericht/2321794
2013/14,17.04.2014,SV Sandhausen,Fortuna Düsseldorf,5750,Stadion am Hardtwald,https://www.transfermarkt.de/spielbericht/index/spielbericht/2321796
2013/14,17.04.2014,FC Erzgebirge Aue,SG Dynamo Dresden,15000,eins Erzgebirgsstadion,https://www.transfermarkt.de/spielbericht/index/spielbericht/2321798
2013/14,19.04.2014,TSV 1860 München,Arminia Bielefeld,15100,Allianz Arena,https://www.transfermarkt.de/spielbericht/index/spielbericht/2321793
2013/14,19.04.2014,Karlsruher SC,1.FC Union Berlin,15557,BBBank Wildpark,https://www.transfermarkt.de/spielbericht/index/spielbericht/2321799
2013/14,20.04.2014,1.FC Kaiserslautern,FSV Frankfurt,22000,Fritz-Walter-Stadion,https://www.transfermarkt.de/spielbericht/index/spielbericht/2321791
2013/14,20.04.2014,VfR Aalen,FC Ingolstadt 04,6029,CENTUS Arena,https://www.transfermarkt.de/spielbericht/index/spielbericht/2321795
2013/14,20.04.2014,SC Paderborn 07,SpVgg Greuther Fürth,14293,Home Deluxe Arena,https://www.transfermarkt.de/spielbericht/index/spielbericht/2321797
2013/14,21.04.2014,1.FC Köln,VfL Bochum,49959,RheinEnergieSTADION,https://www.transfermarkt.de/spielbericht/index/spielbericht/2321792
2013/14,25.04.2014,SpVgg Greuther Fürth,TSV 1860 München,16140,Sportpark Ronhof | Thomas Sommer,https://www.transfermarkt.de/spielbericht/index/spielbericht/2321801
2013/14,25.04.2014,FC Ingolstadt 04,1.FC Köln,11120,Audi Sportpark,https://www.transfermarkt.de/spielbericht/index/spielbericht/2321806
2013/14,25.04.2014,VfL Bochum,Arminia Bielefeld,19166,Vonovia Ruhrstadion,https://www.transfermarkt.de/spielbericht/index/spielbericht/2321807
2013/14,26.04.2014,Fortuna Düsseldorf,FC Erzgebirge Aue,28731,MERKUR SPIEL-ARENA,https://www.transfermarkt.de/spielbericht/index/spielbericht/2321800
2013/14,26.04.2014,FSV Frankfurt,FC Energie Cottbus,4527,PSD Bank Arena,https://www.transfermarkt.de/spielbericht/index/spielbericht/2321802
2013/14,27.04.2014,FC St. Pauli,VfR Aalen,27497,Millerntor-Stadion,https://www.transfermarkt.de/spielbericht/index/spielbericht/2321804
2013/14,27.04.2014,SC Paderborn 07,SV Sandhausen,14718,Home Deluxe Arena,https://www.transfermarkt.de/spielbericht/index/spielbericht/2321805
2013/14,27.04.2014,SG Dynamo Dresden,Karlsruher SC,28963,Rudolf-Harbig-Stadion,https://www.transfermarkt.de/spielbericht/index/spielbericht/2321808
2013/14,28.04.2014,1.FC Union Berlin,1.FC Kaiserslautern,19185,Stadion An der Alten Försterei,https://www.transfermarkt.de/spielbericht/index/spielbericht/2321803
2013/14,04.05.2014,1.FC Kaiserslautern,SG Dynamo Dresden,30360,Fritz-Walter-Stadion,https://www.transfermarkt.de/spielbericht/index/spielbericht/2321809
2013/14,04.05.2014,1.FC Köln,FC St. Pauli,50000,RheinEnergieSTADION,https://www.transfermarkt.de/spielbericht/index/spielbericht/2321810
2013/14,04.05.2014,TSV 1860 München,VfL Bochum,20600,Allianz Arena,https://www.transfermarkt.de/spielbericht/index/spielbericht/2321811
2013/14,04.05.2014,FC Energie Cottbus,SpVgg Greuther Fürth,8427,LEAG Energie Stadion,https://www.transfermarkt.de/spielbericht/index/spielbericht/2321812
2013/14,04.05.2014,VfR Aalen,1.FC Union Berlin,7579,CENTUS Arena,https://www.transfermarkt.de/spielbericht/index/spielbericht/2321813
2013/14,04.05.2014,SV Sandhausen,FC Ingolstadt 04,5450,Stadion am Hardtwald,https://www.transfermarkt.de/spielbericht/index/spielbericht/2321814
2013/14,04.05.2014,FC Erzgebirge Aue,SC Paderborn 07,12350,eins Erzgebirgsstadion,https://www.transfermarkt.de/spielbericht/index/spielbericht/2321815
2013/14,04.05.2014,Karlsruher SC,Fortuna Düsseldorf,21907,BBBank Wildpark,https://www.transfermarkt.de/spielbericht/index/spielbericht/2321816
2013/14,04.05.2014,Arminia Bielefeld,FSV Frankfurt,22191,SchücoArena,https://www.transfermarkt.de/spielbericht/index/spielbericht/2321817
2013/14,11.05.2014,Fortuna Düsseldorf,1.FC Kaiserslautern,45077,MERKUR SPIEL-ARENA,https://www.transfermarkt.de/spielbericht/index/spielbericht/2321818
2013/14,11.05.2014,SpVgg Greuther Fürth,SV Sandhausen,16165,Sportpark Ronhof | Thomas Sommer,https://www.transfermarkt.de/spielbericht/index/spielbericht/2321819
2013/14,11.05.2014,FSV Frankfurt,1.FC Köln,12542,PSD Bank Arena,https://www.transfermarkt.de/spielbericht/index/spielbericht/2321820
2013/14,11.05.2014,1.FC Union Berlin,TSV 1860 München,21717,Stadion An der Alten Försterei,https://www.transfermarkt.de/spielbericht/index/spielbericht/2321821
2013/14,11.05.2014,FC St. Pauli,FC Erzgebirge Aue,27856,Millerntor-Stadion,https://www.transfermarkt.de/spielbericht/index/spielbericht/2321822
2013/14,11.05.2014,SC Paderborn 07,VfR Aalen,15000,Home Deluxe Arena,https://www.transfermarkt.de/spielbericht/index/spielbericht/2321823
2013/14,11.05.2014,FC Ingolstadt 04,FC Energie Cottbus,5866,Audi Sportpark,https://www.transfermarkt.de/spielbericht/index/spielbericht/2321824
2013/14,11.05.2014,VfL Bochum,Karlsruher SC,14282,Vonovia Ruhrstadion,https://www.transfermarkt.de/spielbericht/index/spielbericht/2321825
2013/14,11.05.2014,SG Dynamo Dresden,Arminia Bielefeld,29608,Rudolf-Harbig-Stadion,https://www.transfermarkt.de/spielbericht/index/spielbericht/2321826
2014/15,01.08.2014,Fortuna Düsseldorf,Eintracht Braunschweig,41667,MERKUR SPIEL-ARENA,https://www.transfermarkt.de/spielbericht/index/spielbericht/2460932
2014/15,02.08.2014,RB Leipzig,VfR Aalen,21354,Red Bull Arena,https://www.transfermarkt.de/spielbericht/index/spielbericht/2460939
2014/15,02.08.2014,FC St. Pauli,FC Ingolstadt 04,26664,Millerntor-Stadion,https://www.transfermarkt.de/spielbericht/index/spielbericht/2460936
2014/15,02.08.2014,VfL Bochum,SpVgg Greuther Fürth,18146,Vonovia Ruhrstadion,https://www.transfermarkt.de/spielbericht/index/spielbericht/2460937
2014/15,03.08.2014,1.FC Heidenheim 1846,FSV Frankfurt,11000,Voith-Arena,https://www.transfermarkt.de/spielbericht/index/spielbericht/2460938
2014/15,03.08.2014,1.FC Nürnberg,FC Erzgebirge Aue,37116,Max-Morlock-Stadion,https://www.transfermarkt.de/spielbericht/index/spielbericht/2460933
2014/15,03.08.2014,Karlsruher SC,1.FC Union Berlin,18489,BBBank Wildpark,https://www.transfermarkt.de/spielbericht/index/spielbericht/2460935
2014/15,03.08.2014,SV Darmstadt 98,SV Sandhausen,13400,Merck-Stadion am Böllenfalltor,https://www.transfermarkt.de/spielbericht/index/spielbericht/2460940
2014/15,04.08.2014,1.FC Kaiserslautern,TSV 1860 München,41092,Fritz-Walter-Stadion,https://www.transfermarkt.de/spielbericht/index/spielbericht/2460934
2014/15,08.08.2014,VfR Aalen,FC St. Pauli,9583,CENTUS Arena,https://www.transfermarkt.de/spielbericht/index/spielbericht/2460946
2014/15,08.08.2014,FSV Frankfurt,Karlsruher SC,6738,PSD Bank Arena,https://www.transfermarkt.de/spielbericht/index/spielbericht/2460948
2014/15,08.08.2014,1.FC Union Berlin,Fortuna Düsseldorf,20562,Stadion An der Alten Försterei,https://www.transfermarkt.de/spielbericht/index/spielbericht/2460944
2014/15,09.08.2014,Eintracht Braunschweig,1.FC Heidenheim 1846,21430,EINTRACHT-Stadion,https://www.transfermarkt.de/spielbericht/index/spielbericht/2460941
2014/15,09.08.2014,FC Erzgebirge Aue,VfL Bochum,8850,eins Erzgebirgsstadion,https://www.transfermarkt.de/spielbericht/index/spielbericht/2460949
2014/15,10.08.2014,FC Ingolstadt 04,SV Darmstadt 98,9000,Audi Sportpark,https://www.transfermarkt.de/spielbericht/index/spielbericht/2460945
2014/15,10.08.2014,TSV 1860 München,RB Leipzig,32000,Allianz Arena,https://www.transfermarkt.de/spielbericht/index/spielbericht/2460943
2014/15,10.08.2014,SV Sandhausen,1.FC Kaiserslautern,11100,Stadion am Hardtwald,https://www.transfermarkt.de/spielbericht/index/spielbericht/2460947
2014/15,11.08.2014,SpVgg Greuther Fürth,1.FC Nürnberg,17200,Sportpark Ronhof | Thomas Sommer,https://www.transfermarkt.de/spielbericht/index/spielbericht/2460942
2014/15,22.08.2014,FC St. Pauli,SV Sandhausen,26581,Millerntor-Stadion,https://www.transfermarkt.de/spielbericht/index/spielbericht/2460955
2014/15,22.08.2014,1.FC Heidenheim 1846,TSV 1860 München,13000,Voith-Arena,https://www.transfermarkt.de/spielbericht/index/spielbericht/2460958
2014/15,22.08.2014,RB Leipzig,FC Erzgebirge Aue,34273,Red Bull Arena,https://www.transfermarkt.de/spielbericht/index/spielbericht/2460959
2014/15,23.08.2014,1.FC Nürnberg,FSV Frankfurt,27568,Max-Morlock-Stadion,https://www.transfermarkt.de/spielbericht/index/spielbericht/2460952
2014/15,23.08.2014,Fortuna Düsseldorf,Karlsruher SC,30278,MERKUR SPIEL-ARENA,https://www.transfermarkt.de/spielbericht/index/spielbericht/2460954
2014/15,24.08.2014,1.FC Kaiserslautern,Eintracht Braunschweig,33289,Fritz-Walter-Stadion,https://www.transfermarkt.de/spielbericht/index/spielbericht/2460953
2014/15,24.08.2014,FC Ingolstadt 04,SpVgg Greuther Fürth,8021,Audi Sportpark,https://www.transfermarkt.de/spielbericht/index/spielbericht/2460956
2014/15,24.08.2014,SV Darmstadt 98,VfR Aalen,9200,Merck-Stadion am Böllenfalltor,https://www.transfermarkt.de/spielbericht/index/spielbericht/2460960
2014/15,25.08.2014,VfL Bochum,1.FC Union Berlin,16307,Vonovia Ruhrstadion,https://www.transfermarkt.de/spielbericht/index/spielbericht/2460957
2014/15,29.08.2014,1.FC Union Berlin,1.FC Nürnberg,20200,Stadion An der Alten Försterei,https://www.transfermarkt.de/spielbericht/index/spielbericht/2460965
2014/15,29.08.2014,VfR Aalen,1.FC Kaiserslautern,8306,CENTUS Arena,https://www.transfermarkt.de/spielbericht/index/spielbericht/2460966
2014/15,29.08.2014,FSV Frankfurt,RB Leipzig,6041,PSD Bank Arena,https://www.transfermarkt.de/spielbericht/index/spielbericht/2460968
2014/15,30.08.2014,Karlsruher SC,1.FC Heidenheim 1846,15541,BBBank Wildpark,https://www.transfermarkt.de/spielbericht/index/spielbericht/2460963
2014/15,30.08.2014,FC Erzgebirge Aue,Fortuna Düsseldorf,7700,eins Erzgebirgsstadion,https://www.transfermarkt.de/spielbericht/index/spielbericht/2460969
2014/15,31.08.2014,Eintracht Braunschweig,VfL Bochum,22275,EINTRACHT-Stadion,https://www.transfermarkt.de/spielbericht/index/spielbericht/2460961
2014/15,31.08.2014,TSV 1860 München,SV Darmstadt 98,19300,Allianz Arena,https://www.transfermarkt.de/spielbericht/index/spielbericht/2460964
2014/15,31.08.2014,SV Sandhausen,FC Ingolstadt 04,4000,Stadion am Hardtwald,https://www.transfermarkt.de/spielbericht/index/spielbericht/2460967
2014/15,01.09.2014,SpVgg Greuther Fürth,FC St. Pauli,14035,Sportpark Ronhof | Thomas Sommer,https://www.transfermarkt.de/spielbericht/index/spielbericht/2460962
2014/15,12.09.2014,1.FC Kaiserslautern,FSV Frankfurt,27275,Fritz-Walter-Stadion,https://www.transfermarkt.de/spielbericht/index/spielbericht/2460971
2014/15,12.09.2014,FC Ingolstadt 04,VfR Aalen,6100,Audi Sportpark,https://www.transfermarkt.de/spielbericht/index/spielbericht/2460973
2014/15,12.09.2014,VfL Bochum,Karlsruher SC,21168,Vonovia Ruhrstadion,https://www.transfermarkt.de/spielbericht/index/spielbericht/2460975
2014/15,13.09.2014,RB Leipzig,Eintracht Braunschweig,24969,Red Bull Arena,https://www.transfermarkt.de/spielbericht/index/spielbericht/2460977
2014/15,13.09.2014,SV Darmstadt 98,FC Erzgebirge Aue,11100,Merck-Stadion am Böllenfalltor,https://www.transfermarkt.de/spielbericht/index/spielbericht/2460978
2014/15,14.09.2014,FC St. Pauli,TSV 1860 München,27892,Millerntor-Stadion,https://www.transfermarkt.de/spielbericht/index/spielbericht/2460972
2014/15,14.09.2014,SV Sandhausen,SpVgg Greuther Fürth,4608,Stadion am Hardtwald,https://www.transfermarkt.de/spielbericht/index/spielbericht/2460974
2014/15,14.09.2014,1.FC Heidenheim 1846,1.FC Union Berlin,11000,Voith-Arena,https://www.transfermarkt.de/spielbericht/index/spielbericht/2460976
2014/15,15.09.2014,1.FC Nürnberg,Fortuna Düsseldorf,26558,Max-Morlock-Stadion,https://www.transfermarkt.de/spielbericht/index/spielbericht/2460970
2014/15,19.09.2014,Eintracht Braunschweig,SV Darmstadt 98,21805,EINTRACHT-Stadion,https://www.transfermarkt.de/spielbericht/index/spielbericht/2460979
2014/15,19.09.2014,VfR Aalen,SV Sandhausen,5000,CENTUS Arena,https://www.transfermarkt.de/spielbericht/index/spielbericht/2460985
2014/15,19.09.2014,FC Erzgebirge Aue,FC St. Pauli,9400,eins Erzgebirgsstadion,https://www.transfermarkt.de/spielbericht/index/spielbericht/2460987
2014/15,20.09.2014,SpVgg Greuther Fürth,1.FC Kaiserslautern,13015,Sportpark Ronhof | Thomas Sommer,https://www.transfermarkt.de/spielbericht/index/spielbericht/2460980
2014/15,20.09.2014,TSV 1860 München,FC Ingolstadt 04,21800,Allianz Arena,https://www.transfermarkt.de/spielbericht/index/spielbericht/2460983
2014/15,20.09.2014,FSV Frankfurt,VfL Bochum,5677,PSD Bank Arena,https://www.transfermarkt.de/spielbericht/index/spielbericht/2460986
2014/15,21.09.2014,Karlsruher SC,1.FC Nürnberg,19944,BBBank Wildpark,https://www.transfermarkt.de/spielbericht/index/spielbericht/2460981
2014/15,21.09.2014,Fortuna Düsseldorf,1.FC Heidenheim 1846,27681,MERKUR SPIEL-ARENA,https://www.transfermarkt.de/spielbericht/index/spielbericht/2460982
2014/15,21.09.2014,1.FC Union Berlin,RB Leipzig,21366,Stadion An der Alten Försterei,https://www.transfermarkt.de/spielbericht/index/spielbericht/2460984
2014/15,23.09.2014,SpVgg Greuther Fürth,VfR Aalen,9045,Sportpark Ronhof | Thomas Sommer,https://www.transfermarkt.de/spielbericht/index/spielbericht/2460988
2014/15,23.09.2014,FC St. Pauli,Eintracht Braunschweig,27013,Millerntor-Stadion,https://www.transfermarkt.de/spielbericht/index/spielbericht/2460990
2014/15,23.09.2014,FC Ingolstadt 04,FC Erzgebirge Aue,4814,Audi Sportpark,https://www.transfermarkt.de/spielbericht/index/spielbericht/2460991
2014/15,23.09.2014,SV Sandhausen,TSV 1860 München,5083,Stadion am Hardtwald,https://www.transfermarkt.de/spielbericht/index/spielbericht/2460992
2014/15,24.09.2014,1.FC Kaiserslautern,1.FC Union Berlin,31384,Fritz-Walter-Stadion,https://www.transfermarkt.de/spielbericht/index/spielbericht/2460989
2014/15,24.09.2014,1.FC Heidenheim 1846,1.FC Nürnberg,13000,Voith-Arena,https://www.transfermarkt.de/spielbericht/index/spielbericht/2460993
2014/15,24.09.2014,RB Leipzig,Karlsruher SC,18235,Red Bull Arena,https://www.transfermarkt.de/spielbericht/index/spielbericht/2460995
2014/15,24.09.2014,SV Darmstadt 98,FSV Frankfurt,12400,Merck-Stadion am Böllenfalltor,https://www.transfermarkt.de/spielbericht/index/spielbericht/2460996
2014/15,25.09.2014,VfL Bochum,Fortuna Düsseldorf,24500,Vonovia Ruhrstadion,https://www.transfermarkt.de/spielbericht/index/spielbericht/2460994
2014/15,26.09.2014,Eintracht Braunschweig,SV Sandhausen,20680,EINTRACHT-Stadion,https://www.transfermarkt.de/spielbericht/index/spielbericht/2460998
2014/15,26.09.2014,TSV 1860 München,SpVgg Greuther Fürth,18300,Allianz Arena,https://www.transfermarkt.de/spielbericht/index/spielbericht/2461001
2014/15,26.09.2014,FC Erzgebirge Aue,VfR Aalen,7000,eins Erzgebirgsstadion,https://www.transfermarkt.de/spielbericht/index/spielbericht/2461004
2014/15,27.09.2014,Karlsruher SC,FC Ingolstadt 04,11462,BBBank Wildpark,https://www.transfermarkt.de/spielbericht/index/spielbericht/2460999
2014/15,27.09.2014,1.FC Union Berlin,SV Darmstadt 98,18124,Stadion An der Alten Försterei,https://www.transfermarkt.de/spielbericht/index/spielbericht/2461002
2014/15,28.09.2014,Fortuna Düsseldorf,RB Leipzig,30477,MERKUR SPIEL-ARENA,https://www.transfermarkt.de/spielbericht/index/spielbericht/2461000
2014/15,28.09.2014,FSV Frankfurt,FC St. Pauli,8106,PSD Bank Arena,https://www.transfermarkt.de/spielbericht/index/spielbericht/2461003
2014/15,28.09.2014,1.FC Heidenheim 1846,VfL Bochum,11500,Voith-Arena,https://www.transfermarkt.de/spielbericht/index/spielbericht/2461005
2014/15,29.09.2014,1.FC Nürnberg,1.FC Kaiserslautern,25130,Max-Morlock-Stadion,https://www.transfermarkt.de/spielbericht/index/spielbericht/2460997
2014/15,03.10.2014,SpVgg Greuther Fürth,FC Erzgebirge Aue,12690,Sportpark Ronhof | Thomas Sommer,https://www.transfermarkt.de/spielbericht/index/spielbericht/2461006
2014/15,03.10.2014,VfR Aalen,TSV 1860 München,9226,CENTUS Arena,https://www.transfermarkt.de/spielbericht/index/spielbericht/2461010
2014/15,03.10.2014,VfL Bochum,1.FC Nürnberg,25092,Vonovia Ruhrstadion,https://www.transfermarkt.de/spielbericht/index/spielbericht/2461012
2014/15,04.10.2014,1.FC Kaiserslautern,Karlsruher SC,39079,Fritz-Walter-Stadion,https://www.transfermarkt.de/spielbericht/index/spielbericht/2461007
2014/15,04.10.2014,FC St. Pauli,1.FC Union Berlin,29063,Millerntor-Stadion,https://www.transfermarkt.de/spielbericht/index/spielbericht/2461008
2014/15,05.10.2014,FC Ingolstadt 04,Eintracht Braunschweig,7750,Audi Sportpark,https://www.transfermarkt.de/spielbericht/index/spielbericht/2461009
2014/15,05.10.2014,SV Sandhausen,FSV Frankfurt,5012,Stadion am Hardtwald,https://www.transfermarkt.de/spielbericht/index/spielbericht/2461011
2014/15,05.10.2014,SV Darmstadt 98,Fortuna Düsseldorf,16150,Merck-Stadion am Böllenfalltor,https://www.transfermarkt.de/spielbericht/index/spielbericht/2461014
2014/15,06.10.2014,RB Leipzig,1.FC Heidenheim 1846,18820,Red Bull Arena,https://www.transfermarkt.de/spielbericht/index/spielbericht/2461013
2014/15,17.10.2014,VfL Bochum,SV Darmstadt 98,19618,Vonovia Ruhrstadion,https://www.transfermarkt.de/spielbericht/index/spielbericht/2461022
2014/15,17.10.2014,1.FC Heidenheim 1846,1.FC Kaiserslautern,13000,Voith-Arena,https://www.transfermarkt.de/spielbericht/index/spielbericht/2461023
2014/15,17.10.2014,1.FC Nürnberg,RB Leipzig,28571,Max-Morlock-Stadion,https://www.transfermarkt.de/spielbericht/index/spielbericht/2461015
2014/15,18.10.2014,Eintracht Braunschweig,SpVgg Greuther Fürth,21200,EINTRACHT-Stadion,https://www.transfermarkt.de/spielbericht/index/spielbericht/2461016
2014/15,18.10.2014,1.FC Union Berlin,SV Sandhausen,17106,Stadion An der Alten Försterei,https://www.transfermarkt.de/spielbericht/index/spielbericht/2461019
2014/15,19.10.2014,Karlsruher SC,VfR Aalen,12494,BBBank Wildpark,https://www.transfermarkt.de/spielbericht/index/spielbericht/2461017
2014/15,19.10.2014,FSV Frankfurt,FC Ingolstadt 04,4160,PSD Bank Arena,https://www.transfermarkt.de/spielbericht/index/spielbericht/2461020
2014/15,19.10.2014,FC Erzgebirge Aue,TSV 1860 München,10000,eins Erzgebirgsstadion,https://www.transfermarkt.de/spielbericht/index/spielbericht/2461021
2014/15,20.10.2014,Fortuna Düsseldorf,FC St. Pauli,36255,MERKUR SPIEL-ARENA,https://www.transfermarkt.de/spielbericht/index/spielbericht/2461018
2014/15,24.10.2014,SpVgg Greuther Fürth,FSV Frankfurt,9805,Sportpark Ronhof | Thomas Sommer,https://www.transfermarkt.de/spielbericht/index/spielbericht/2461024
2014/15,24.10.2014,VfR Aalen,1.FC Union Berlin,5435,CENTUS Arena,https://www.transfermarkt.de/spielbericht/index/spielbericht/2461029
2014/15,24.10.2014,RB Leipzig,VfL Bochum,30194,Red Bull Arena,https://www.transfermarkt.de/spielbericht/index/spielbericht/2461031
2014/15,25.10.2014,1.FC Kaiserslautern,Fortuna Düsseldorf,36000,Fritz-Walter-Stadion,https://www.transfermarkt.de/spielbericht/index/spielbericht/2461025
2014/15,25.10.2014,FC St. Pauli,Karlsruher SC,28093,Millerntor-Stadion,https://www.transfermarkt.de/spielbericht/index/spielbericht/2461027
2014/15,26.10.2014,TSV 1860 München,Eintracht Braunschweig,20300,Allianz Arena,https://www.transfermarkt.de/spielbericht/index/spielbericht/2461026
2014/15,26.10.2014,FC Ingolstadt 04,1.FC Heidenheim 1846,9156,Audi Sportpark,https://www.transfermarkt.de/spielbericht/index/spielbericht/2461028
2014/15,26.10.2014,SV Sandhausen,FC Erzgebirge Aue,4066,Stadion am Hardtwald,https://www.transfermarkt.de/spielbericht/index/spielbericht/2461030
2014/15,27.10.2014,SV Darmstadt 98,1.FC Nürnberg,16500,Merck-Stadion am Böllenfalltor,https://www.transfermarkt.de/spielbericht/index/spielbericht/2461032
2014/15,31.10.2014,Karlsruher SC,SV Sandhausen,13203,BBBank Wildpark,https://www.transfermarkt.de/spielbericht/index/spielbericht/2461035
2014/15,31.10.2014,Fortuna Düsseldorf,FC Ingolstadt 04,35000,MERKUR SPIEL-ARENA,https://www.transfermarkt.de/spielbericht/index/spielbericht/2461036
2014/15,31.10.2014,1.FC Union Berlin,SpVgg Greuther Fürth,18702,Stadion An der Alten Försterei,https://www.transfermarkt.de/spielbericht/index/spielbericht/2461037
2014/15,01.11.2014,1.FC Nürnberg,FC St. Pauli,37033,Max-Morlock-Stadion,https://www.transfermarkt.de/spielbericht/index/spielbericht/2461033
2014/15,01.11.2014,1.FC Heidenheim 1846,SV Darmstadt 98,12000,Voith-Arena,https://www.transfermarkt.de/spielbericht/index/spielbericht/2461040
2014/15,02.11.2014,Eintracht Braunschweig,VfR Aalen,21140,EINTRACHT-Stadion,https://www.transfermarkt.de/spielbericht/index/spielbericht/2461034
2014/15,02.11.2014,FSV Frankfurt,FC Erzgebirge Aue,4056,PSD Bank Arena,https://www.transfermarkt.de/spielbericht/index/spielbericht/2461038
2014/15,02.11.2014,VfL Bochum,TSV 1860 München,15607,Vonovia Ruhrstadion,https://www.transfermarkt.de/spielbericht/index/spielbericht/2461039
2014/15,03.11.2014,RB Leipzig,1.FC Kaiserslautern,25637,Red Bull Arena,https://www.transfermarkt.de/spielbericht/index/spielbericht/2461041
2014/15,07.11.2014,1.FC Kaiserslautern,VfL Bochum,24708,Fritz-Walter-Stadion,https://www.transfermarkt.de/spielbericht/index/spielbericht/2461043
2014/15,07.11.2014,VfR Aalen,FSV Frankfurt,5388,CENTUS Arena,https://www.transfermarkt.de/spielbericht/index/spielbericht/2461047
2014/15,07.11.2014,SV Sandhausen,1.FC Nürnberg,6436,Stadion am Hardtwald,https://www.transfermarkt.de/spielbericht/index/spielbericht/2461048
2014/15,08.11.2014,FC St. Pauli,1.FC Heidenheim 1846,22884,Millerntor-Stadion,https://www.transfermarkt.de/spielbericht/index/spielbericht/2461045
2014/15,08.11.2014,SV Darmstadt 98,RB Leipzig,14400,Merck-Stadion am Böllenfalltor,https://www.transfermarkt.de/spielbericht/index/spielbericht/2461050
2014/15,09.11.2014,SpVgg Greuther Fürth,Karlsruher SC,11485,Sportpark Ronhof | Thomas Sommer,https://www.transfermarkt.de/spielbericht/index/spielbericht/2461042
2014/15,09.11.2014,FC Ingolstadt 04,1.FC Union Berlin,8008,Audi Sportpark,https://www.transfermarkt.de/spielbericht/index/spielbericht/2461046
2014/15,09.11.2014,FC Erzgebirge Aue,Eintracht Braunschweig,10050,eins Erzgebirgsstadion,https://www.transfermarkt.de/spielbericht/index/spielbericht/2461049
2014/15,10.11.2014,TSV 1860 München,Fortuna Düsseldorf,19300,Allianz Arena,https://www.transfermarkt.de/spielbericht/index/spielbericht/2461044
2014/15,21.11.2014,VfL Bochum,VfR Aalen,11709,Vonovia Ruhrstadion,https://www.transfermarkt.de/spielbericht/index/spielbericht/2461057
2014/15,21.11.2014,1.FC Heidenheim 1846,SV Sandhausen,11000,Voith-Arena,https://www.transfermarkt.de/spielbericht/index/spielbericht/2461058
2014/15,21.11.2014,1.FC Kaiserslautern,SV Darmstadt 98,36013,Fritz-Walter-Stadion,https://www.transfermarkt.de/spielbericht/index/spielbericht/2461052
2014/15,22.11.2014,1.FC Union Berlin,TSV 1860 München,19026,Stadion An der Alten Försterei,https://www.transfermarkt.de/spielbericht/index/spielbericht/2461055
2014/15,22.11.2014,FSV Frankfurt,Eintracht Braunschweig,5423,PSD Bank Arena,https://www.transfermarkt.de/spielbericht/index/spielbericht/2461056
2014/15,23.11.2014,1.FC Nürnberg,FC Ingolstadt 04,32065,Max-Morlock-Stadion,https://www.transfermarkt.de/spielbericht/index/spielbericht/2461051
2014/15,23.11.2014,Karlsruher SC,FC Erzgebirge Aue,12064,BBBank Wildpark,https://www.transfermarkt.de/spielbericht/index/spielbericht/2461053
2014/15,23.11.2014,RB Leipzig,FC St. Pauli,38660,Red Bull Arena,https://www.transfermarkt.de/spielbericht/index/spielbericht/2461059
2014/15,24.11.2014,Fortuna Düsseldorf,SpVgg Greuther Fürth,28791,MERKUR SPIEL-ARENA,https://www.transfermarkt.de/spielbericht/index/spielbericht/2461054
2014/15,28.11.2014,SpVgg Greuther Fürth,1.FC Heidenheim 1846,10130,Sportpark Ronhof | Thomas Sommer,https://www.transfermarkt.de/spielbericht/index/spielbericht/2461061
2014/15,28.11.2014,FC Erzgebirge Aue,1.FC Union Berlin,9100,eins Erzgebirgsstadion,https://www.transfermarkt.de/spielbericht/index/spielbericht/2461067
2014/15,28.11.2014,SV Darmstadt 98,Karlsruher SC,15200,Merck-Stadion am Böllenfalltor,https://www.transfermarkt.de/spielbericht/index/spielbericht/2461068
2014/15,29.11.2014,FC Ingolstadt 04,VfL Bochum,8000,Audi Sportpark,https://www.transfermarkt.de/spielbericht/index/spielbericht/2461064
2014/15,29.11.2014,VfR Aalen,Fortuna Düsseldorf,6500,CENTUS Arena,https://www.transfermarkt.de/spielbericht/index/spielbericht/2461066
2014/15,30.11.2014,TSV 1860 München,FSV Frankfurt,13800,Allianz Arena,https://www.transfermarkt.de/spielbericht/index/spielbericht/2461062
2014/15,30.11.2014,FC St. Pauli,1.FC Kaiserslautern,23584,Millerntor-Stadion,https://www.transfermarkt.de/spielbericht/index/spielbericht/2461063
2014/15,30.11.2014,SV Sandhausen,RB Leipzig,4518,Stadion am Hardtwald,https://www.transfermarkt.de/spielbericht/index/spielbericht/2461065
2014/15,01.12.2014,Eintracht Braunschweig,1.FC Nürnberg,23000,EINTRACHT-Stadion,https://www.transfermarkt.de/spielbericht/index/spielbericht/2461060
2014/15,05.12.2014,Fortuna Düsseldorf,SV Sandhausen,27274,MERKUR SPIEL-ARENA,https://www.transfermarkt.de/spielbericht/index/spielbericht/2461072
2014/15,05.12.2014,VfL Bochum,FC St. Pauli,17134,Vonovia Ruhrstadion,https://www.transfermarkt.de/spielbericht/index/spielbericht/2461074
2014/15,05.12.2014,1.FC Heidenheim 1846,VfR Aalen,13000,Voith-Arena,https://www.transfermarkt.de/spielbericht/index/spielbericht/2461075
2014/15,06.12.2014,1.FC Kaiserslautern,FC Erzgebirge Aue,23418,Fritz-Walter-Stadion,https://www.transfermarkt.de/spielbericht/index/spielbericht/2461070
2014/15,06.12.2014,SV Darmstadt 98,SpVgg Greuther Fürth,11200,Merck-Stadion am Böllenfalltor,https://www.transfermarkt.de/spielbericht/index/spielbericht/2461077
2014/15,07.12.2014,Karlsruher SC,Eintracht Braunschweig,13113,BBBank Wildpark,https://www.transfermarkt.de/spielbericht/index/spielbericht/2461071
2014/15,07.12.2014,1.FC Union Berlin,FSV Frankfurt,15802,Stadion An der Alten Försterei,https://www.transfermarkt.de/spielbericht/index/spielbericht/2461073
2014/15,07.12.2014,RB Leipzig,FC Ingolstadt 04,23985,Red Bull Arena,https://www.transfermarkt.de/spielbericht/index/spielbericht/2461076
2014/15,08.12.2014,1.FC Nürnberg,TSV 1860 München,31079,Max-Morlock-Stadion,https://www.transfermarkt.de/spielbericht/index/spielbericht/2461069
2014/15,12.12.2014,SpVgg Greuther Fürth,RB Leipzig,10225,Sportpark Ronhof | Thomas Sommer,https://www.transfermarkt.de/spielbericht/index/spielbericht/2461079
2014/15,12.12.2014,SV Sandhausen,VfL Bochum,4023,Stadion am Hardtwald,https://www.transfermarkt.de/spielbericht/index/spielbericht/2461084
2014/15,12.12.2014,FC Erzgebirge Aue,1.FC Heidenheim 1846,5600,eins Erzgebirgsstadion,https://www.transfermarkt.de/spielbericht/index/spielbericht/2461086
2014/15,13.12.2014,Eintracht Braunschweig,1.FC Union Berlin,23050,EINTRACHT-Stadion,https://www.transfermarkt.de/spielbericht/index/spielbericht/2461078
2014/15,13.12.2014,TSV 1860 München,Karlsruher SC,16400,Allianz Arena,https://www.transfermarkt.de/spielbericht/index/spielbericht/2461080
2014/15,13.12.2014,FSV Frankfurt,Fortuna Düsseldorf,7021,PSD Bank Arena,https://www.transfermarkt.de/spielbericht/index/spielbericht/2461085
2014/15,14.12.2014,FC St. Pauli,SV Darmstadt 98,22500,Millerntor-Stadion,https://www.transfermarkt.de/spielbericht/index/spielbericht/2461081
2014/15,14.12.2014,FC Ingolstadt 04,1.FC Kaiserslautern,13359,Audi Sportpark,https://www.transfermarkt.de/spielbericht/index/spielbericht/2461082
2014/15,14.12.2014,VfR Aalen,1.FC Nürnberg,11184,CENTUS Arena,https://www.transfermarkt.de/spielbericht/index/spielbericht/2461083
2014/15,16.12.2014,Eintracht Braunschweig,Fortuna Düsseldorf,21410,EINTRACHT-Stadion,https://www.transfermarkt.de/spielbericht/index/spielbericht/2461087
2014/15,16.12.2014,SpVgg Greuther Fürth,VfL Bochum,8750,Sportpark Ronhof | Thomas Sommer,https://www.transfermarkt.de/spielbericht/index/spielbericht/2461088
2014/15,16.12.2014,1.FC Union Berlin,Karlsruher SC,17084,Stadion An der Alten Försterei,https://www.transfermarkt.de/spielbericht/index/spielbericht/2461090
2014/15,16.12.2014,FSV Frankfurt,1.FC Heidenheim 1846,5147,PSD Bank Arena,https://www.transfermarkt.de/spielbericht/index/spielbericht/2461094
2014/15,17.12.2014,TSV 1860 München,1.FC Kaiserslautern,13800,Allianz Arena,https://www.transfermarkt.de/spielbericht/index/spielbericht/2461089
2014/15,17.12.2014,FC Ingolstadt 04,FC St. Pauli,9550,Audi Sportpark,https://www.transfermarkt.de/spielbericht/index/spielbericht/2461091
2014/15,17.12.2014,VfR Aalen,RB Leipzig,5015,CENTUS Arena,https://www.transfermarkt.de/spielbericht/index/spielbericht/2461092
2014/15,17.12.2014,SV Sandhausen,SV Darmstadt 98,5096,Stadion am Hardtwald,https://www.transfermarkt.de/spielbericht/index/spielbericht/2461093
2014/15,17.12.2014,FC Erzgebirge Aue,1.FC Nürnberg,8200,eins Erzgebirgsstadion,https://www.transfermarkt.de/spielbericht/index/spielbericht/2461095
2014/15,19.12.2014,Karlsruher SC,FSV Frankfurt,12117,BBBank Wildpark,https://www.transfermarkt.de/spielbericht/index/spielbericht/2461098
2014/15,19.12.2014,Fortuna Düsseldorf,1.FC Union Berlin,28256,MERKUR SPIEL-ARENA,https://www.transfermarkt.de/spielbericht/index/spielbericht/2461099
2014/15,19.12.2014,1.FC Heidenheim 1846,Eintracht Braunschweig,11800,Voith-Arena,https://www.transfermarkt.de/spielbericht/index/spielbericht/2461102
2014/15,20.12.2014,1.FC Nürnberg,SpVgg Greuther Fürth,47501,Max-Morlock-Stadion,https://www.transfermarkt.de/spielbericht/index/spielbericht/2461096
2014/15,20.12.2014,FC St. Pauli,VfR Aalen,21712,Millerntor-Stadion,https://www.transfermarkt.de/spielbericht/index/spielbericht/2461100
2014/15,21.12.2014,1.FC Kaiserslautern,SV Sandhausen,27818,Fritz-Walter-Stadion,https://www.transfermarkt.de/spielbericht/index/spielbericht/2461097
2014/15,21.12.2014,VfL Bochum,FC Erzgebirge Aue,12025,Vonovia Ruhrstadion,https://www.transfermarkt.de/spielbericht/index/spielbericht/2461101
2014/15,21.12.2014,SV Darmstadt 98,FC Ingolstadt 04,14300,Merck-Stadion am Böllenfalltor,https://www.transfermarkt.de/spielbericht/index/spielbericht/2461104
2014/15,22.12.2014,RB Leipzig,TSV 1860 München,27370,Red Bull Arena,https://www.transfermarkt.de/spielbericht/index/spielbericht/2461103
2014/15,06.02.2015,SpVgg Greuther Fürth,FC Ingolstadt 04,10620,Sportpark Ronhof | Thomas Sommer,https://www.transfermarkt.de/spielbericht/index/spielbericht/2461105
2014/15,06.02.2015,VfR Aalen,SV Darmstadt 98,5287,CENTUS Arena,https://www.transfermarkt.de/spielbericht/index/spielbericht/2461109
2014/15,06.02.2015,FC Erzgebirge Aue,RB Leipzig,13600,eins Erzgebirgsstadion,https://www.transfermarkt.de/spielbericht/index/spielbericht/2461112
2014/15,07.02.2015,1.FC Union Berlin,VfL Bochum,19015,Stadion An der Alten Försterei,https://www.transfermarkt.de/spielbericht/index/spielbericht/2461108
2014/15,07.02.2015,SV Sandhausen,FC St. Pauli,7364,Stadion am Hardtwald,https://www.transfermarkt.de/spielbericht/index/spielbericht/2461110
2014/15,08.02.2015,Karlsruher SC,Fortuna Düsseldorf,15806,BBBank Wildpark,https://www.transfermarkt.de/spielbericht/index/spielbericht/2461106
2014/15,08.02.2015,FSV Frankfurt,1.FC Nürnberg,9152,PSD Bank Arena,https://www.transfermarkt.de/spielbericht/index/spielbericht/2461111
2014/15,08.02.2015,Eintracht Braunschweig,1.FC Kaiserslautern,22775,EINTRACHT-Stadion,https://www.transfermarkt.de/spielbericht/index/spielbericht/2461239
2014/15,09.02.2015,TSV 1860 München,1.FC Heidenheim 1846,15100,Allianz Arena,https://www.transfermarkt.de/spielbericht/index/spielbericht/2461107
2014/15,13.02.2015,Fortuna Düsseldorf,FC Erzgebirge Aue,27257,MERKUR SPIEL-ARENA,https://www.transfermarkt.de/spielbericht/index/spielbericht/2461115
2014/15,13.02.2015,VfL Bochum,Eintracht Braunschweig,13778,Vonovia Ruhrstadion,https://www.transfermarkt.de/spielbericht/index/spielbericht/2461118
2014/15,13.02.2015,1.FC Heidenheim 1846,Karlsruher SC,12500,Voith-Arena,https://www.transfermarkt.de/spielbericht/index/spielbericht/2461119
2014/15,14.02.2015,1.FC Kaiserslautern,VfR Aalen,23147,Fritz-Walter-Stadion,https://www.transfermarkt.de/spielbericht/index/spielbericht/2461114
2014/15,14.02.2015,FC Ingolstadt 04,SV Sandhausen,8023,Audi Sportpark,https://www.transfermarkt.de/spielbericht/index/spielbericht/2461117
2014/15,15.02.2015,1.FC Nürnberg,1.FC Union Berlin,29166,Max-Morlock-Stadion,https://www.transfermarkt.de/spielbericht/index/spielbericht/2461113
2014/15,15.02.2015,RB Leipzig,FSV Frankfurt,18237,Red Bull Arena,https://www.transfermarkt.de/spielbericht/index/spielbericht/2461120
2014/15,15.02.2015,SV Darmstadt 98,TSV 1860 München,15600,Merck-Stadion am Böllenfalltor,https://www.transfermarkt.de/spielbericht/index/spielbericht/2461121
2014/15,16.02.2015,FC St. Pauli,SpVgg Greuther Fürth,23383,Millerntor-Stadion,https://www.transfermarkt.de/spielbericht/index/spielbericht/2461116
2014/15,20.02.2015,SpVgg Greuther Fürth,SV Sandhausen,9135,Sportpark Ronhof | Thomas Sommer,https://www.transfermarkt.de/spielbericht/index/spielbericht/2461123
2014/15,20.02.2015,VfR Aalen,FC Ingolstadt 04,5048,CENTUS Arena,https://www.transfermarkt.de/spielbericht/index/spielbericht/2461128
2014/15,20.02.2015,FC Erzgebirge Aue,SV Darmstadt 98,9000,eins Erzgebirgsstadion,https://www.transfermarkt.de/spielbericht/index/spielbericht/2461130
2014/15,21.02.2015,Karlsruher SC,VfL Bochum,11989,BBBank Wildpark,https://www.transfermarkt.de/spielbericht/index/spielbericht/2461124
2014/15,21.02.2015,TSV 1860 München,FC St. Pauli,25100,Allianz Arena,https://www.transfermarkt.de/spielbericht/index/spielbericht/2461126
2014/15,22.02.2015,Fortuna Düsseldorf,1.FC Nürnberg,30213,MERKUR SPIEL-ARENA,https://www.transfermarkt.de/spielbericht/index/spielbericht/2461125
2014/15,22.02.2015,1.FC Union Berlin,1.FC Heidenheim 1846,16512,Stadion An der Alten Försterei,https://www.transfermarkt.de/spielbericht/index/spielbericht/2461127
2014/15,22.02.2015,FSV Frankfurt,1.FC Kaiserslautern,10153,PSD Bank Arena,https://www.transfermarkt.de/spielbericht/index/spielbericht/2461129
2014/15,23.02.2015,Eintracht Braunschweig,RB Leipzig,20650,EINTRACHT-Stadion,https://www.transfermarkt.de/spielbericht/index/spielbericht/2461122
2014/15,27.02.2015,1.FC Kaiserslautern,SpVgg Greuther Fürth,23796,Fritz-Walter-Stadion,https://www.transfermarkt.de/spielbericht/index/spielbericht/2461132
2014/15,27.02.2015,VfL Bochum,FSV Frankfurt,11594,Vonovia Ruhrstadion,https://www.transfermarkt.de/spielbericht/index/spielbericht/2461136
2014/15,27.02.2015,SV Darmstadt 98,Eintracht Braunschweig,13600,Merck-Stadion am Böllenfalltor,https://www.transfermarkt.de/spielbericht/index/spielbericht/2461139
2014/15,28.02.2015,1.FC Nürnberg,Karlsruher SC,30458,Max-Morlock-Stadion,https://www.transfermarkt.de/spielbericht/index/spielbericht/2461131
2014/15,28.02.2015,SV Sandhausen,VfR Aalen,5112,Stadion am Hardtwald,https://www.transfermarkt.de/spielbericht/index/spielbericht/2461135
2014/15,01.03.2015,FC St. Pauli,FC Erzgebirge Aue,22590,Millerntor-Stadion,https://www.transfermarkt.de/spielbericht/index/spielbericht/2461133
2014/15,01.03.2015,1.FC Heidenheim 1846,Fortuna Düsseldorf,11800,Voith-Arena,https://www.transfermarkt.de/spielbericht/index/spielbericht/2461137
2014/15,01.03.2015,RB Leipzig,1.FC Union Berlin,24780,Red Bull Arena,https://www.transfermarkt.de/spielbericht/index/spielbericht/2461138
2014/15,02.03.2015,FC Ingolstadt 04,TSV 1860 München,15000,Audi Sportpark,https://www.transfermarkt.de/spielbericht/index/spielbericht/2461134
2014/15,06.03.2015,1.FC Nürnberg,1.FC Heidenheim 1846,31263,Max-Morlock-Stadion,https://www.transfermarkt.de/spielbericht/index/spielbericht/2461140
2014/15,06.03.2015,Fortuna Düsseldorf,VfL Bochum,33481,MERKUR SPIEL-ARENA,https://www.transfermarkt.de/spielbericht/index/spielbericht/2461143
2014/15,06.03.2015,FC Erzgebirge Aue,FC Ingolstadt 04,7500,eins Erzgebirgsstadion,https://www.transfermarkt.de/spielbericht/index/spielbericht/2461148
2014/15,07.03.2015,Eintracht Braunschweig,FC St. Pauli,23325,EINTRACHT-Stadion,https://www.transfermarkt.de/spielbericht/index/spielbericht/2461141
2014/15,07.03.2015,VfR Aalen,SpVgg Greuther Fürth,6012,CENTUS Arena,https://www.transfermarkt.de/spielbericht/index/spielbericht/2461146
2014/15,08.03.2015,TSV 1860 München,SV Sandhausen,17100,Allianz Arena,https://www.transfermarkt.de/spielbericht/index/spielbericht/2461144
2014/15,08.03.2015,1.FC Union Berlin,1.FC Kaiserslautern,20842,Stadion An der Alten Försterei,https://www.transfermarkt.de/spielbericht/index/spielbericht/2461145
2014/15,08.03.2015,FSV Frankfurt,SV Darmstadt 98,12542,PSD Bank Arena,https://www.transfermarkt.de/spielbericht/index/spielbericht/2461147
2014/15,09.03.2015,Karlsruher SC,RB Leipzig,17829,BBBank Wildpark,https://www.transfermarkt.de/spielbericht/index/spielbericht/2461142
2014/15,13.03.2015,SpVgg Greuther Fürth,TSV 1860 München,13370,Sportpark Ronhof | Thomas Sommer,https://www.transfermarkt.de/spielbericht/index/spielbericht/2461149
2014/15,13.03.2015,VfL Bochum,1.FC Heidenheim 1846,14639,Vonovia Ruhrstadion,https://www.transfermarkt.de/spielbericht/index/spielbericht/2461155
2014/15,13.03.2015,SV Darmstadt 98,1.FC Union Berlin,15000,Merck-Stadion am Böllenfalltor,https://www.transfermarkt.de/spielbericht/index/spielbericht/2461157
2014/15,14.03.2015,1.FC Kaiserslautern,1.FC Nürnberg,35830,Fritz-Walter-Stadion,https://www.transfermarkt.de/spielbericht/index/spielbericht/2461150
2014/15,14.03.2015,FC St. Pauli,FSV Frankfurt,22884,Millerntor-Stadion,https://www.transfermarkt.de/spielbericht/index/spielbericht/2461151
2014/15,15.03.2015,FC Ingolstadt 04,Karlsruher SC,12156,Audi Sportpark,https://www.transfermarkt.de/spielbericht/index/spielbericht/2461152
2014/15,15.03.2015,SV Sandhausen,Eintracht Braunschweig,5831,Stadion am Hardtwald,https://www.transfermarkt.de/spielbericht/index/spielbericht/2461153
2014/15,15.03.2015,VfR Aalen,FC Erzgebirge Aue,7421,CENTUS Arena,https://www.transfermarkt.de/spielbericht/index/spielbericht/2461154
2014/15,16.03.2015,RB Leipzig,Fortuna Düsseldorf,17087,Red Bull Arena,https://www.transfermarkt.de/spielbericht/index/spielbericht/2461156
2014/15,04.04.2015,SpVgg Greuther Fürth,Eintracht Braunschweig,10280,Sportpark Ronhof | Thomas Sommer,https://www.transfermarkt.de/spielbericht/index/spielbericht/2461167
2014/15,04.04.2015,1.FC Kaiserslautern,1.FC Heidenheim 1846,32135,Fritz-Walter-Stadion,https://www.transfermarkt.de/spielbericht/index/spielbericht/2461168
2014/15,05.04.2015,TSV 1860 München,FC Erzgebirge Aue,20300,Allianz Arena,https://www.transfermarkt.de/spielbericht/index/spielbericht/2461169
2014/15,05.04.2015,FC Ingolstadt 04,FSV Frankfurt,9926,Audi Sportpark,https://www.transfermarkt.de/spielbericht/index/spielbericht/2461171
2014/15,05.04.2015,VfR Aalen,Karlsruher SC,8774,CENTUS Arena,https://www.transfermarkt.de/spielbericht/index/spielbericht/2461172
2014/15,05.04.2015,SV Sandhausen,1.FC Union Berlin,5318,Stadion am Hardtwald,https://www.transfermarkt.de/spielbericht/index/spielbericht/2461173
2014/15,05.04.2015,RB Leipzig,1.FC Nürnberg,30479,Red Bull Arena,https://www.transfermarkt.de/spielbericht/index/spielbericht/2461174
2014/15,05.04.2015,SV Darmstadt 98,VfL Bochum,16000,Merck-Stadion am Böllenfalltor,https://www.transfermarkt.de/spielbericht/index/spielbericht/2461175
2014/15,06.04.2015,FC St. Pauli,Fortuna Düsseldorf,22854,Millerntor-Stadion,https://www.transfermarkt.de/spielbericht/index/spielbericht/2461170
2014/15,10.04.2015,1.FC Nürnberg,SV Darmstadt 98,30648,Max-Morlock-Stadion,https://www.transfermarkt.de/spielbericht/index/spielbericht/2461176
2014/15,10.04.2015,Karlsruher SC,FC St. Pauli,23359,BBBank Wildpark,https://www.transfermarkt.de/spielbericht/index/spielbericht/2461178
2014/15,10.04.2015,1.FC Heidenheim 1846,FC Ingolstadt 04,13600,Voith-Arena,https://www.transfermarkt.de/spielbericht/index/spielbericht/2461184
2014/15,11.04.2015,Eintracht Braunschweig,TSV 1860 München,22050,EINTRACHT-Stadion,https://www.transfermarkt.de/spielbericht/index/spielbericht/2461177
2014/15,11.04.2015,FSV Frankfurt,SpVgg Greuther Fürth,4745,PSD Bank Arena,https://www.transfermarkt.de/spielbericht/index/spielbericht/2461181
2014/15,12.04.2015,1.FC Union Berlin,VfR Aalen,18623,Stadion An der Alten Försterei,https://www.transfermarkt.de/spielbericht/index/spielbericht/2461180
2014/15,12.04.2015,FC Erzgebirge Aue,SV Sandhausen,9250,eins Erzgebirgsstadion,https://www.transfermarkt.de/spielbericht/index/spielbericht/2461182
2014/15,12.04.2015,VfL Bochum,RB Leipzig,18529,Vonovia Ruhrstadion,https://www.transfermarkt.de/spielbericht/index/spielbericht/2461183
2014/15,13.04.2015,Fortuna Düsseldorf,1.FC Kaiserslautern,28344,MERKUR SPIEL-ARENA,https://www.transfermarkt.de/spielbericht/index/spielbericht/2461179
2014/15,17.04.2015,FC St. Pauli,1.FC Nürnberg,23584,Millerntor-Stadion,https://www.transfermarkt.de/spielbericht/index/spielbericht/2461188
2014/15,17.04.2015,FC Ingolstadt 04,Fortuna Düsseldorf,10606,Audi Sportpark,https://www.transfermarkt.de/spielbericht/index/spielbericht/2461189
2014/15,17.04.2015,SV Sandhausen,Karlsruher SC,12126,Stadion am Hardtwald,https://www.transfermarkt.de/spielbericht/index/spielbericht/2461191
2014/15,18.04.2015,TSV 1860 München,VfL Bochum,16000,Allianz Arena,https://www.transfermarkt.de/spielbericht/index/spielbericht/2461187
2014/15,18.04.2015,VfR Aalen,Eintracht Braunschweig,7019,CENTUS Arena,https://www.transfermarkt.de/spielbericht/index/spielbericht/2461190
2014/15,19.04.2015,SpVgg Greuther Fürth,1.FC Union Berlin,11080,Sportpark Ronhof | Thomas Sommer,https://www.transfermarkt.de/spielbericht/index/spielbericht/2461185
2014/15,19.04.2015,FC Erzgebirge Aue,FSV Frankfurt,7650,eins Erzgebirgsstadion,https://www.transfermarkt.de/spielbericht/index/spielbericht/2461192
2014/15,19.04.2015,SV Darmstadt 98,1.FC Heidenheim 1846,14300,Merck-Stadion am Böllenfalltor,https://www.transfermarkt.de/spielbericht/index/spielbericht/2461193
2014/15,20.04.2015,1.FC Kaiserslautern,RB Leipzig,31141,Fritz-Walter-Stadion,https://www.transfermarkt.de/spielbericht/index/spielbericht/2461186
2014/15,24.04.2015,1.FC Nürnberg,SV Sandhausen,25233,Max-Morlock-Stadion,https://www.transfermarkt.de/spielbericht/index/spielbericht/2461194
2014/15,24.04.2015,VfL Bochum,1.FC Kaiserslautern,19057,Vonovia Ruhrstadion,https://www.transfermarkt.de/spielbericht/index/spielbericht/2461200
2014/15,24.04.2015,RB Leipzig,SV Darmstadt 98,25336,Red Bull Arena,https://www.transfermarkt.de/spielbericht/index/spielbericht/2461202
2014/15,25.04.2015,Karlsruher SC,SpVgg Greuther Fürth,15273,BBBank Wildpark,https://www.transfermarkt.de/spielbericht/index/spielbericht/2461196
2014/15,25.04.2015,Fortuna Düsseldorf,TSV 1860 München,25461,MERKUR SPIEL-ARENA,https://www.transfermarkt.de/spielbericht/index/spielbericht/2461197
2014/15,26.04.2015,1.FC Union Berlin,FC Ingolstadt 04,17761,Stadion An der Alten Försterei,https://www.transfermarkt.de/spielbericht/index/spielbericht/2461198
2014/15,26.04.2015,FSV Frankfurt,VfR Aalen,5133,PSD Bank Arena,https://www.transfermarkt.de/spielbericht/index/spielbericht/2461199
2014/15,26.04.2015,1.FC Heidenheim 1846,FC St. Pauli,15000,Voith-Arena,https://www.transfermarkt.de/spielbericht/index/spielbericht/2461201
2014/15,27.04.2015,Eintracht Braunschweig,FC Erzgebirge Aue,20200,EINTRACHT-Stadion,https://www.transfermarkt.de/spielbericht/index/spielbericht/2461195
2014/15,02.05.2015,Eintracht Braunschweig,FSV Frankfurt,21050,EINTRACHT-Stadion,https://www.transfermarkt.de/spielbericht/index/spielbericht/2461203
2014/15,02.05.2015,SV Darmstadt 98,1.FC Kaiserslautern,16150,Merck-Stadion am Böllenfalltor,https://www.transfermarkt.de/spielbericht/index/spielbericht/2461211
2014/15,03.05.2015,SpVgg Greuther Fürth,Fortuna Düsseldorf,11845,Sportpark Ronhof | Thomas Sommer,https://www.transfermarkt.de/spielbericht/index/spielbericht/2461204
2014/15,03.05.2015,TSV 1860 München,1.FC Union Berlin,18800,Allianz Arena,https://www.transfermarkt.de/spielbericht/index/spielbericht/2461205
2014/15,03.05.2015,FC St. Pauli,RB Leipzig,23584,Millerntor-Stadion,https://www.transfermarkt.de/spielbericht/index/spielbericht/2461206
2014/15,03.05.2015,VfR Aalen,VfL Bochum,8566,CENTUS Arena,https://www.transfermarkt.de/spielbericht/index/spielbericht/2461208
2014/15,03.05.2015,SV Sandhausen,1.FC Heidenheim 1846,4546,Stadion am Hardtwald,https://www.transfermarkt.de/spielbericht/index/spielbericht/2461209
2014/15,03.05.2015,FC Erzgebirge Aue,Karlsruher SC,9100,eins Erzgebirgsstadion,https://www.transfermarkt.de/spielbericht/index/spielbericht/2461210
2014/15,04.05.2015,FC Ingolstadt 04,1.FC Nürnberg,15000,Audi Sportpark,https://www.transfermarkt.de/spielbericht/index/spielbericht/2461207
2014/15,08.05.2015,Fortuna Düsseldorf,VfR Aalen,22366,MERKUR SPIEL-ARENA,https://www.transfermarkt.de/spielbericht/index/spielbericht/2461215
2014/15,08.05.2015,FSV Frankfurt,TSV 1860 München,6679,PSD Bank Arena,https://www.transfermarkt.de/spielbericht/index/spielbericht/2461217
2014/15,08.05.2015,RB Leipzig,SV Sandhausen,18904,Red Bull Arena,https://www.transfermarkt.de/spielbericht/index/spielbericht/2461220
2014/15,09.05.2015,1.FC Kaiserslautern,FC St. Pauli,45035,Fritz-Walter-Stadion,https://www.transfermarkt.de/spielbericht/index/spielbericht/2461213
2014/15,09.05.2015,1.FC Union Berlin,FC Erzgebirge Aue,21035,Stadion An der Alten Försterei,https://www.transfermarkt.de/spielbericht/index/spielbericht/2461216
2014/15,10.05.2015,1.FC Nürnberg,Eintracht Braunschweig,27985,Max-Morlock-Stadion,https://www.transfermarkt.de/spielbericht/index/spielbericht/2461212
2014/15,10.05.2015,VfL Bochum,FC Ingolstadt 04,12611,Vonovia Ruhrstadion,https://www.transfermarkt.de/spielbericht/index/spielbericht/2461218
2014/15,10.05.2015,1.FC Heidenheim 1846,SpVgg Greuther Fürth,14000,Voith-Arena,https://www.transfermarkt.de/spielbericht/index/spielbericht/2461219
2014/15,11.05.2015,Karlsruher SC,SV Darmstadt 98,27467,BBBank Wildpark,https://www.transfermarkt.de/spielbericht/index/spielbericht/2461214
2014/15,24.05.2015,1.FC Nürnberg,VfR Aalen,30433,Max-Morlock-Stadion,https://www.transfermarkt.de/spielbericht/index/spielbericht/2461230
2014/15,24.05.2015,1.FC Kaiserslautern,FC Ingolstadt 04,49780,Fritz-Walter-Stadion,https://www.transfermarkt.de/spielbericht/index/spielbericht/2461231
2014/15,24.05.2015,Karlsruher SC,TSV 1860 München,27771,BBBank Wildpark,https://www.transfermarkt.de/spielbericht/index/spielbericht/2461232
2014/15,24.05.2015,Fortuna Düsseldorf,FSV Frankfurt,28762,MERKUR SPIEL-ARENA,https://www.transfermarkt.de/spielbericht/index/spielbericht/2461233
2014/15,24.05.2015,1.FC Union Berlin,Eintracht Braunschweig,21717,Stadion An der Alten Försterei,https://www.transfermarkt.de/spielbericht/index/spielbericht/2461234
2014/15,24.05.2015,VfL Bochum,SV Sandhausen,15562,Vonovia Ruhrstadion,https://www.transfermarkt.de/spielbericht/index/spielbericht/2461235
2014/15,24.05.2015,1.FC Heidenheim 1846,FC Erzgebirge Aue,15000,Voith-Arena,https://www.transfermarkt.de/spielbericht/index/spielbericht/2461236
2014/15,24.05.2015,RB Leipzig,SpVgg Greuther Fürth,27117,Red Bull Arena,https://www.transfermarkt.de/spielbericht/index/spielbericht/2461237
2014/15,24.05.2015,SV Darmstadt 98,FC St. Pauli,16150,Merck-Stadion am Böllenfalltor,https://www.transfermarkt.de/spielbericht/index/spielbericht/2461238
2015/16,24.07.2015,MSV Duisburg,1.FC Kaiserslautern,23686,MSV-Arena,https://www.transfermarkt.de/spielbericht/index/spielbericht/2581165
2015/16,25.07.2015,SpVgg Greuther Fürth,Karlsruher SC,10835,Sportpark Ronhof | Thomas Sommer,https://www.transfermarkt.de/spielbericht/index/spielbericht/2581161
2015/16,25.07.2015,FC St. Pauli,Arminia Bielefeld,29546,Millerntor-Stadion,https://www.transfermarkt.de/spielbericht/index/spielbericht/2581162
2015/16,25.07.2015,FSV Frankfurt,RB Leipzig,7021,PSD Bank Arena,https://www.transfermarkt.de/spielbericht/index/spielbericht/2581164
2015/16,26.07.2015,SC Paderborn 07,VfL Bochum,13073,Home Deluxe Arena,https://www.transfermarkt.de/spielbericht/index/spielbericht/2581158
2015/16,26.07.2015,Eintracht Braunschweig,SV Sandhausen,20680,EINTRACHT-Stadion,https://www.transfermarkt.de/spielbericht/index/spielbericht/2581159
2015/16,26.07.2015,1.FC Union Berlin,Fortuna Düsseldorf,20786,Stadion An der Alten Försterei,https://www.transfermarkt.de/spielbericht/index/spielbericht/2581160
2015/16,26.07.2015,1.FC Heidenheim 1846,TSV 1860 München,14500,Voith-Arena,https://www.transfermarkt.de/spielbericht/index/spielbericht/2581163
2015/16,27.07.2015,SC Freiburg,1.FC Nürnberg,23700,Dreisamstadion,https://www.transfermarkt.de/spielbericht/index/spielbericht/2581157
2015/16,31.07.2015,1.FC Nürnberg,1.FC Heidenheim 1846,24825,Max-Morlock-Stadion,https://www.transfermarkt.de/spielbericht/index/spielbericht/2581416
2015/16,31.07.2015,Arminia Bielefeld,FSV Frankfurt,17207,SchücoArena,https://www.transfermarkt.de/spielbericht/index/spielbericht/2581421
2015/16,31.07.2015,1.FC Kaiserslautern,Eintracht Braunschweig,33036,Fritz-Walter-Stadion,https://www.transfermarkt.de/spielbericht/index/spielbericht/2581414
2015/16,01.08.2015,VfL Bochum,MSV Duisburg,23542,Vonovia Ruhrstadion,https://www.transfermarkt.de/spielbericht/index/spielbericht/2581418
2015/16,01.08.2015,TSV 1860 München,SC Freiburg,23800,Allianz Arena,https://www.transfermarkt.de/spielbericht/index/spielbericht/2581419
2015/16,02.08.2015,Fortuna Düsseldorf,SC Paderborn 07,30416,MERKUR SPIEL-ARENA,https://www.transfermarkt.de/spielbericht/index/spielbericht/2581417
2015/16,02.08.2015,Karlsruher SC,FC St. Pauli,21899,BBBank Wildpark,https://www.transfermarkt.de/spielbericht/index/spielbericht/2581413
2015/16,02.08.2015,SV Sandhausen,1.FC Union Berlin,4753,Stadion am Hardtwald,https://www.transfermarkt.de/spielbericht/index/spielbericht/2581420
2015/16,03.08.2015,RB Leipzig,SpVgg Greuther Fürth,27216,Red Bull Arena,https://www.transfermarkt.de/spielbericht/index/spielbericht/2581415
2015/16,14.08.2015,SC Paderborn 07,SV Sandhausen,8632,Home Deluxe Arena,https://www.transfermarkt.de/spielbericht/index/spielbericht/2581437
2015/16,14.08.2015,1.FC Heidenheim 1846,Fortuna Düsseldorf,13300,Voith-Arena,https://www.transfermarkt.de/spielbericht/index/spielbericht/2581442
2015/16,14.08.2015,FSV Frankfurt,Karlsruher SC,6348,PSD Bank Arena,https://www.transfermarkt.de/spielbericht/index/spielbericht/2581443
2015/16,15.08.2015,SC Freiburg,VfL Bochum,23700,Dreisamstadion,https://www.transfermarkt.de/spielbericht/index/spielbericht/2581436
2015/16,15.08.2015,Eintracht Braunschweig,RB Leipzig,21315,EINTRACHT-Stadion,https://www.transfermarkt.de/spielbericht/index/spielbericht/2581438
2015/16,16.08.2015,1.FC Union Berlin,1.FC Kaiserslautern,20149,Stadion An der Alten Försterei,https://www.transfermarkt.de/spielbericht/index/spielbericht/2581440
2015/16,16.08.2015,FC St. Pauli,SpVgg Greuther Fürth,28421,Millerntor-Stadion,https://www.transfermarkt.de/spielbericht/index/spielbericht/2581441
2015/16,16.08.2015,MSV Duisburg,Arminia Bielefeld,17040,MSV-Arena,https://www.transfermarkt.de/spielbericht/index/spielbericht/2581444
2015/16,17.08.2015,1.FC Nürnberg,TSV 1860 München,36547,Max-Morlock-Stadion,https://www.transfermarkt.de/spielbericht/index/spielbericht/2581439
2015/16,21.08.2015,SpVgg Greuther Fürth,FSV Frankfurt,9245,Sportpark Ronhof | Thomas Sommer,https://www.transfermarkt.de/spielbericht/index/spielbericht/2583822
2015/16,21.08.2015,SV Sandhausen,1.FC Heidenheim 1846,5752,Stadion am Hardtwald,https://www.transfermarkt.de/spielbericht/index/spielbericht/2583824
2015/16,21.08.2015,Arminia Bielefeld,Eintracht Braunschweig,18383,SchücoArena,https://www.transfermarkt.de/spielbericht/index/spielbericht/2583825
2015/16,22.08.2015,Karlsruher SC,MSV Duisburg,15135,BBBank Wildpark,https://www.transfermarkt.de/spielbericht/index/spielbericht/2583817
2015/16,22.08.2015,Fortuna Düsseldorf,SC Freiburg,27233,MERKUR SPIEL-ARENA,https://www.transfermarkt.de/spielbericht/index/spielbericht/2583820
2015/16,23.08.2015,RB Leipzig,FC St. Pauli,41795,Red Bull Arena,https://www.transfermarkt.de/spielbericht/index/spielbericht/2583819
2015/16,23.08.2015,VfL Bochum,1.FC Nürnberg,21131,Vonovia Ruhrstadion,https://www.transfermarkt.de/spielbericht/index/spielbericht/2583821
2015/16,23.08.2015,TSV 1860 München,1.FC Union Berlin,20300,Allianz Arena,https://www.transfermarkt.de/spielbericht/index/spielbericht/2583823
2015/16,24.08.2015,1.FC Kaiserslautern,SC Paderborn 07,27803,Fritz-Walter-Stadion,https://www.transfermarkt.de/spielbericht/index/spielbericht/2583818
2015/16,11.09.2015,1.FC Kaiserslautern,SC Freiburg,32834,Fritz-Walter-Stadion,https://www.transfermarkt.de/spielbericht/index/spielbericht/2583836
2015/16,11.09.2015,RB Leipzig,SC Paderborn 07,25394,Red Bull Arena,https://www.transfermarkt.de/spielbericht/index/spielbericht/2583837
2015/16,11.09.2015,SV Sandhausen,VfL Bochum,5495,Stadion am Hardtwald,https://www.transfermarkt.de/spielbericht/index/spielbericht/2583841
2015/16,12.09.2015,Karlsruher SC,1.FC Union Berlin,14497,BBBank Wildpark,https://www.transfermarkt.de/spielbericht/index/spielbericht/2583835
2015/16,12.09.2015,Arminia Bielefeld,1.FC Heidenheim 1846,15791,SchücoArena,https://www.transfermarkt.de/spielbericht/index/spielbericht/2583843
2015/16,13.09.2015,Fortuna Düsseldorf,TSV 1860 München,24970,MERKUR SPIEL-ARENA,https://www.transfermarkt.de/spielbericht/index/spielbericht/2583838
2015/16,13.09.2015,SpVgg Greuther Fürth,1.FC Nürnberg,17200,Sportpark Ronhof | Thomas Sommer,https://www.transfermarkt.de/spielbericht/index/spielbericht/2583839
2015/16,13.09.2015,FSV Frankfurt,Eintracht Braunschweig,5218,PSD Bank Arena,https://www.transfermarkt.de/spielbericht/index/spielbericht/2583842
2015/16,14.09.2015,FC St. Pauli,MSV Duisburg,29546,Millerntor-Stadion,https://www.transfermarkt.de/spielbericht/index/spielbericht/2583840
2015/16,18.09.2015,SC Freiburg,Arminia Bielefeld,22500,Dreisamstadion,https://www.transfermarkt.de/spielbericht/index/spielbericht/2583844
2015/16,18.09.2015,VfL Bochum,Fortuna Düsseldorf,27561,Vonovia Ruhrstadion,https://www.transfermarkt.de/spielbericht/index/spielbericht/2583849
2015/16,18.09.2015,1.FC Heidenheim 1846,RB Leipzig,12486,Voith-Arena,https://www.transfermarkt.de/spielbericht/index/spielbericht/2583851
2015/16,19.09.2015,SC Paderborn 07,Karlsruher SC,8427,Home Deluxe Arena,https://www.transfermarkt.de/spielbericht/index/spielbericht/2583845
2015/16,19.09.2015,1.FC Nürnberg,SV Sandhausen,23378,Max-Morlock-Stadion,https://www.transfermarkt.de/spielbericht/index/spielbericht/2583847
2015/16,19.09.2015,TSV 1860 München,1.FC Kaiserslautern,23500,Allianz Arena,https://www.transfermarkt.de/spielbericht/index/spielbericht/2583850
2015/16,20.09.2015,Eintracht Braunschweig,FC St. Pauli,23050,EINTRACHT-Stadion,https://www.transfermarkt.de/spielbericht/index/spielbericht/2583846
2015/16,20.09.2015,1.FC Union Berlin,SpVgg Greuther Fürth,19107,Stadion An der Alten Försterei,https://www.transfermarkt.de/spielbericht/index/spielbericht/2583848
2015/16,20.09.2015,MSV Duisburg,FSV Frankfurt,15124,MSV-Arena,https://www.transfermarkt.de/spielbericht/index/spielbericht/2583852
2015/16,22.09.2015,Karlsruher SC,Fortuna Düsseldorf,12180,BBBank Wildpark,https://www.transfermarkt.de/spielbericht/index/spielbericht/2583853
2015/16,22.09.2015,1.FC Kaiserslautern,1.FC Nürnberg,21459,Fritz-Walter-Stadion,https://www.transfermarkt.de/spielbericht/index/spielbericht/2583854
2015/16,22.09.2015,SV Sandhausen,TSV 1860 München,4664,Stadion am Hardtwald,https://www.transfermarkt.de/spielbericht/index/spielbericht/2583858
2015/16,22.09.2015,Arminia Bielefeld,VfL Bochum,16720,SchücoArena,https://www.transfermarkt.de/spielbericht/index/spielbericht/2583860
2015/16,23.09.2015,SpVgg Greuther Fürth,SC Paderborn 07,8435,Sportpark Ronhof | Thomas Sommer,https://www.transfermarkt.de/spielbericht/index/spielbericht/2583856
2015/16,23.09.2015,FC St. Pauli,1.FC Heidenheim 1846,29154,Millerntor-Stadion,https://www.transfermarkt.de/spielbericht/index/spielbericht/2583857
2015/16,23.09.2015,FSV Frankfurt,1.FC Union Berlin,5011,PSD Bank Arena,https://www.transfermarkt.de/spielbericht/index/spielbericht/2583859
2015/16,23.09.2015,MSV Duisburg,Eintracht Braunschweig,12509,MSV-Arena,https://www.transfermarkt.de/spielbericht/index/spielbericht/2583861
2015/16,24.09.2015,RB Leipzig,SC Freiburg,25869,Red Bull Arena,https://www.transfermarkt.de/spielbericht/index/spielbericht/2583855
2015/16,25.09.2015,1.FC Nürnberg,Arminia Bielefeld,24184,Max-Morlock-Stadion,https://www.transfermarkt.de/spielbericht/index/spielbericht/2583865
2015/16,25.09.2015,Fortuna Düsseldorf,SV Sandhausen,21700,MERKUR SPIEL-ARENA,https://www.transfermarkt.de/spielbericht/index/spielbericht/2583866
2015/16,25.09.2015,VfL Bochum,1.FC Kaiserslautern,21164,Vonovia Ruhrstadion,https://www.transfermarkt.de/spielbericht/index/spielbericht/2583868
2015/16,26.09.2015,SC Paderborn 07,FC St. Pauli,13102,Home Deluxe Arena,https://www.transfermarkt.de/spielbericht/index/spielbericht/2583863
2015/16,26.09.2015,1.FC Union Berlin,MSV Duisburg,18425,Stadion An der Alten Försterei,https://www.transfermarkt.de/spielbericht/index/spielbericht/2583867
2015/16,27.09.2015,SC Freiburg,FSV Frankfurt,23300,Dreisamstadion,https://www.transfermarkt.de/spielbericht/index/spielbericht/2583862
2015/16,27.09.2015,TSV 1860 München,RB Leipzig,21600,Allianz Arena,https://www.transfermarkt.de/spielbericht/index/spielbericht/2583869
2015/16,27.09.2015,1.FC Heidenheim 1846,Karlsruher SC,13152,Voith-Arena,https://www.transfermarkt.de/spielbericht/index/spielbericht/2583870
2015/16,28.09.2015,Eintracht Braunschweig,SpVgg Greuther Fürth,20142,EINTRACHT-Stadion,https://www.transfermarkt.de/spielbericht/index/spielbericht/2583864
2015/16,02.10.2015,1.FC Kaiserslautern,Fortuna Düsseldorf,24763,Fritz-Walter-Stadion,https://www.transfermarkt.de/spielbericht/index/spielbericht/2583872
2015/16,02.10.2015,FSV Frankfurt,1.FC Heidenheim 1846,4124,PSD Bank Arena,https://www.transfermarkt.de/spielbericht/index/spielbericht/2583877
2015/16,02.10.2015,Arminia Bielefeld,TSV 1860 München,16787,SchücoArena,https://www.transfermarkt.de/spielbericht/index/spielbericht/2583878
2015/16,03.10.2015,SpVgg Greuther Fürth,VfL Bochum,11745,Sportpark Ronhof | Thomas Sommer,https://www.transfermarkt.de/spielbericht/index/spielbericht/2583875
2015/16,03.10.2015,FC St. Pauli,SV Sandhausen,29546,Millerntor-Stadion,https://www.transfermarkt.de/spielbericht/index/spielbericht/2583876
2015/16,04.10.2015,Karlsruher SC,SC Freiburg,25297,BBBank Wildpark,https://www.transfermarkt.de/spielbericht/index/spielbericht/2583871
2015/16,04.10.2015,RB Leipzig,1.FC Nürnberg,28987,Red Bull Arena,https://www.transfermarkt.de/spielbericht/index/spielbericht/2583873
2015/16,04.10.2015,Eintracht Braunschweig,1.FC Union Berlin,22590,EINTRACHT-Stadion,https://www.transfermarkt.de/spielbericht/index/spielbericht/2583874
2015/16,05.10.2015,MSV Duisburg,SC Paderborn 07,14667,MSV-Arena,https://www.transfermarkt.de/spielbericht/index/spielbericht/2583879
2015/16,16.10.2015,SC Paderborn 07,Eintracht Braunschweig,11952,Home Deluxe Arena,https://www.transfermarkt.de/spielbericht/index/spielbericht/2583881
2015/16,16.10.2015,Fortuna Düsseldorf,Arminia Bielefeld,27303,MERKUR SPIEL-ARENA,https://www.transfermarkt.de/spielbericht/index/spielbericht/2583883
2015/16,16.10.2015,SV Sandhausen,1.FC Kaiserslautern,9470,Stadion am Hardtwald,https://www.transfermarkt.de/spielbericht/index/spielbericht/2583888
2015/16,17.10.2015,1.FC Nürnberg,FSV Frankfurt,23798,Max-Morlock-Stadion,https://www.transfermarkt.de/spielbericht/index/spielbericht/2583882
2015/16,17.10.2015,1.FC Union Berlin,FC St. Pauli,22012,Stadion An der Alten Försterei,https://www.transfermarkt.de/spielbericht/index/spielbericht/2583884
2015/16,18.10.2015,SC Freiburg,SpVgg Greuther Fürth,22400,Dreisamstadion,https://www.transfermarkt.de/spielbericht/index/spielbericht/2583880
2015/16,18.10.2015,VfL Bochum,RB Leipzig,20704,Vonovia Ruhrstadion,https://www.transfermarkt.de/spielbericht/index/spielbericht/2583885
2015/16,18.10.2015,1.FC Heidenheim 1846,MSV Duisburg,12146,Voith-Arena,https://www.transfermarkt.de/spielbericht/index/spielbericht/2583887
2015/16,19.10.2015,TSV 1860 München,Karlsruher SC,19800,Allianz Arena,https://www.transfermarkt.de/spielbericht/index/spielbericht/2583886
2015/16,23.10.2015,RB Leipzig,Fortuna Düsseldorf,24095,Red Bull Arena,https://www.transfermarkt.de/spielbericht/index/spielbericht/2583890
2015/16,23.10.2015,SpVgg Greuther Fürth,TSV 1860 München,12530,Sportpark Ronhof | Thomas Sommer,https://www.transfermarkt.de/spielbericht/index/spielbericht/2583893
2015/16,23.10.2015,FSV Frankfurt,VfL Bochum,5341,PSD Bank Arena,https://www.transfermarkt.de/spielbericht/index/spielbericht/2583895
2015/16,24.10.2015,Karlsruher SC,1.FC Kaiserslautern,22932,BBBank Wildpark,https://www.transfermarkt.de/spielbericht/index/spielbericht/2583889
2015/16,24.10.2015,1.FC Union Berlin,SC Paderborn 07,18000,Stadion An der Alten Försterei,https://www.transfermarkt.de/spielbericht/index/spielbericht/2583892
2015/16,24.10.2015,MSV Duisburg,1.FC Nürnberg,13000,MSV-Arena,https://www.transfermarkt.de/spielbericht/index/spielbericht/2583897
2015/16,25.10.2015,Eintracht Braunschweig,1.FC Heidenheim 1846,20340,EINTRACHT-Stadion,https://www.transfermarkt.de/spielbericht/index/spielbericht/2583891
2015/16,25.10.2015,FC St. Pauli,SC Freiburg,29546,Millerntor-Stadion,https://www.transfermarkt.de/spielbericht/index/spielbericht/2583894
2015/16,25.10.2015,Arminia Bielefeld,SV Sandhausen,15535,SchücoArena,https://www.transfermarkt.de/spielbericht/index/spielbericht/2583896
2015/16,30.10.2015,1.FC Kaiserslautern,Arminia Bielefeld,24184,Fritz-Walter-Stadion,https://www.transfermarkt.de/spielbericht/index/spielbericht/2583900
2015/16,30.10.2015,Fortuna Düsseldorf,SpVgg Greuther Fürth,21241,MERKUR SPIEL-ARENA,https://www.transfermarkt.de/spielbericht/index/spielbericht/2583902
2015/16,30.10.2015,VfL Bochum,FC St. Pauli,25914,Vonovia Ruhrstadion,https://www.transfermarkt.de/spielbericht/index/spielbericht/2583903
2015/16,31.10.2015,SC Paderborn 07,FSV Frankfurt,10000,Home Deluxe Arena,https://www.transfermarkt.de/spielbericht/index/spielbericht/2583899
2015/16,31.10.2015,1.FC Heidenheim 1846,1.FC Union Berlin,12100,Voith-Arena,https://www.transfermarkt.de/spielbericht/index/spielbericht/2583905
2015/16,01.11.2015,SC Freiburg,Eintracht Braunschweig,23100,Dreisamstadion,https://www.transfermarkt.de/spielbericht/index/spielbericht/2583898
2015/16,01.11.2015,TSV 1860 München,MSV Duisburg,17100,Allianz Arena,https://www.transfermarkt.de/spielbericht/index/spielbericht/2583904
2015/16,01.11.2015,SV Sandhausen,RB Leipzig,5811,Stadion am Hardtwald,https://www.transfermarkt.de/spielbericht/index/spielbericht/2583906
2015/16,02.11.2015,1.FC Nürnberg,Karlsruher SC,25439,Max-Morlock-Stadion,https://www.transfermarkt.de/spielbericht/index/spielbericht/2583901
2015/16,06.11.2015,Karlsruher SC,VfL Bochum,15600,BBBank Wildpark,https://www.transfermarkt.de/spielbericht/index/spielbericht/2583908
2015/16,06.11.2015,SpVgg Greuther Fürth,Arminia Bielefeld,9110,Sportpark Ronhof | Thomas Sommer,https://www.transfermarkt.de/spielbericht/index/spielbericht/2583912
2015/16,06.11.2015,FSV Frankfurt,SV Sandhausen,4082,PSD Bank Arena,https://www.transfermarkt.de/spielbericht/index/spielbericht/2583914
2015/16,07.11.2015,1.FC Union Berlin,1.FC Nürnberg,21552,Stadion An der Alten Försterei,https://www.transfermarkt.de/spielbericht/index/spielbericht/2583911
2015/16,07.11.2015,MSV Duisburg,SC Freiburg,15311,MSV-Arena,https://www.transfermarkt.de/spielbericht/index/spielbericht/2583915
2015/16,08.11.2015,SC Paderborn 07,1.FC Heidenheim 1846,9488,Home Deluxe Arena,https://www.transfermarkt.de/spielbericht/index/spielbericht/2583907
2015/16,08.11.2015,RB Leipzig,1.FC Kaiserslautern,33598,Red Bull Arena,https://www.transfermarkt.de/spielbericht/index/spielbericht/2583909
2015/16,08.11.2015,Eintracht Braunschweig,TSV 1860 München,21435,EINTRACHT-Stadion,https://www.transfermarkt.de/spielbericht/index/spielbericht/2583910
2015/16,09.11.2015,FC St. Pauli,Fortuna Düsseldorf,29017,Millerntor-Stadion,https://www.transfermarkt.de/spielbericht/index/spielbericht/2583913
2015/16,20.11.2015,Fortuna Düsseldorf,MSV Duisburg,34688,MERKUR SPIEL-ARENA,https://www.transfermarkt.de/spielbericht/index/spielbericht/2583919
2015/16,20.11.2015,VfL Bochum,1.FC Union Berlin,13590,Vonovia Ruhrstadion,https://www.transfermarkt.de/spielbericht/index/spielbericht/2583920
2015/16,20.11.2015,SV Sandhausen,Karlsruher SC,10515,Stadion am Hardtwald,https://www.transfermarkt.de/spielbericht/index/spielbericht/2583923
2015/16,21.11.2015,TSV 1860 München,FC St. Pauli,30100,Allianz Arena,https://www.transfermarkt.de/spielbericht/index/spielbericht/2583921
2015/16,21.11.2015,Arminia Bielefeld,RB Leipzig,18664,SchücoArena,https://www.transfermarkt.de/spielbericht/index/spielbericht/2583924
2015/16,22.11.2015,SC Freiburg,SC Paderborn 07,22300,Dreisamstadion,https://www.transfermarkt.de/spielbericht/index/spielbericht/2583916
2015/16,22.11.2015,1.FC Kaiserslautern,FSV Frankfurt,26501,Fritz-Walter-Stadion,https://www.transfermarkt.de/spielbericht/index/spielbericht/2583917
2015/16,22.11.2015,1.FC Heidenheim 1846,SpVgg Greuther Fürth,11300,Voith-Arena,https://www.transfermarkt.de/spielbericht/index/spielbericht/2583922
2015/16,23.11.2015,1.FC Nürnberg,Eintracht Braunschweig,21561,Max-Morlock-Stadion,https://www.transfermarkt.de/spielbericht/index/spielbericht/2583918
2015/16,27.11.2015,SpVgg Greuther Fürth,1.FC Kaiserslautern,9265,Sportpark Ronhof | Thomas Sommer,https://www.transfermarkt.de/spielbericht/index/spielbericht/2583929
2015/16,27.11.2015,1.FC Heidenheim 1846,SC Freiburg,14500,Voith-Arena,https://www.transfermarkt.de/spielbericht/index/spielbericht/2583931
2015/16,27.11.2015,Eintracht Braunschweig,VfL Bochum,21030,EINTRACHT-Stadion,https://www.transfermarkt.de/spielbericht/index/spielbericht/2583927
2015/16,28.11.2015,SC Paderborn 07,TSV 1860 München,10225,Home Deluxe Arena,https://www.transfermarkt.de/spielbericht/index/spielbericht/2583925
2015/16,28.11.2015,1.FC Union Berlin,Arminia Bielefeld,20314,Stadion An der Alten Försterei,https://www.transfermarkt.de/spielbericht/index/spielbericht/2583928
2015/16,29.11.2015,FC St. Pauli,1.FC Nürnberg,29546,Millerntor-Stadion,https://www.transfermarkt.de/spielbericht/index/spielbericht/2583930
2015/16,29.11.2015,FSV Frankfurt,Fortuna Düsseldorf,6049,PSD Bank Arena,https://www.transfermarkt.de/spielbericht/index/spielbericht/2583932
2015/16,29.11.2015,MSV Duisburg,SV Sandhausen,13454,MSV-Arena,https://www.transfermarkt.de/spielbericht/index/spielbericht/2583933
2015/16,30.11.2015,Karlsruher SC,RB Leipzig,15575,BBBank Wildpark,https://www.transfermarkt.de/spielbericht/index/spielbericht/2583926
2015/16,04.12.2015,1.FC Nürnberg,SC Paderborn 07,25102,Max-Morlock-Stadion,https://www.transfermarkt.de/spielbericht/index/spielbericht/2583937
2015/16,04.12.2015,TSV 1860 München,FSV Frankfurt,14100,Allianz Arena,https://www.transfermarkt.de/spielbericht/index/spielbericht/2583940
2015/16,04.12.2015,SV Sandhausen,SpVgg Greuther Fürth,4850,Stadion am Hardtwald,https://www.transfermarkt.de/spielbericht/index/spielbericht/2583941
2015/16,05.12.2015,SC Freiburg,1.FC Union Berlin,24000,Dreisamstadion,https://www.transfermarkt.de/spielbericht/index/spielbericht/2583934
2015/16,05.12.2015,Arminia Bielefeld,Karlsruher SC,15413,SchücoArena,https://www.transfermarkt.de/spielbericht/index/spielbericht/2583942
2015/16,06.12.2015,1.FC Kaiserslautern,FC St. Pauli,29352,Fritz-Walter-Stadion,https://www.transfermarkt.de/spielbericht/index/spielbericht/2583935
2015/16,06.12.2015,RB Leipzig,MSV Duisburg,27477,Red Bull Arena,https://www.transfermarkt.de/spielbericht/index/spielbericht/2583936
2015/16,06.12.2015,VfL Bochum,1.FC Heidenheim 1846,12774,Vonovia Ruhrstadion,https://www.transfermarkt.de/spielbericht/index/spielbericht/2583939
2015/16,07.12.2015,Fortuna Düsseldorf,Eintracht Braunschweig,22757,MERKUR SPIEL-ARENA,https://www.transfermarkt.de/spielbericht/index/spielbericht/2583938
2015/16,11.12.2015,VfL Bochum,SC Paderborn 07,11479,Vonovia Ruhrstadion,https://www.transfermarkt.de/spielbericht/index/spielbericht/2583945
2015/16,11.12.2015,SV Sandhausen,Eintracht Braunschweig,5345,Stadion am Hardtwald,https://www.transfermarkt.de/spielbericht/index/spielbericht/2583946
2015/16,11.12.2015,TSV 1860 München,1.FC Heidenheim 1846,14300,Allianz Arena,https://www.transfermarkt.de/spielbericht/index/spielbericht/2583950
2015/16,12.12.2015,Fortuna Düsseldorf,1.FC Union Berlin,23461,MERKUR SPIEL-ARENA,https://www.transfermarkt.de/spielbericht/index/spielbericht/2583947
2015/16,12.12.2015,Karlsruher SC,SpVgg Greuther Fürth,12396,BBBank Wildpark,https://www.transfermarkt.de/spielbericht/index/spielbericht/2583948
2015/16,13.12.2015,1.FC Kaiserslautern,MSV Duisburg,22277,Fritz-Walter-Stadion,https://www.transfermarkt.de/spielbericht/index/spielbericht/2583943
2015/16,13.12.2015,1.FC Nürnberg,SC Freiburg,28198,Max-Morlock-Stadion,https://www.transfermarkt.de/spielbericht/index/spielbericht/2583944
2015/16,13.12.2015,RB Leipzig,FSV Frankfurt,19119,Red Bull Arena,https://www.transfermarkt.de/spielbericht/index/spielbericht/2583951
2015/16,14.12.2015,Arminia Bielefeld,FC St. Pauli,19012,SchücoArena,https://www.transfermarkt.de/spielbericht/index/spielbericht/2583949
2015/16,18.12.2015,FC St. Pauli,Karlsruher SC,29546,Millerntor-Stadion,https://www.transfermarkt.de/spielbericht/index/spielbericht/2583952
2015/16,18.12.2015,1.FC Union Berlin,SV Sandhausen,18026,Stadion An der Alten Försterei,https://www.transfermarkt.de/spielbericht/index/spielbericht/2583959
2015/16,18.12.2015,FSV Frankfurt,Arminia Bielefeld,5652,PSD Bank Arena,https://www.transfermarkt.de/spielbericht/index/spielbericht/2583960
2015/16,19.12.2015,SpVgg Greuther Fürth,RB Leipzig,10070,Sportpark Ronhof | Thomas Sommer,https://www.transfermarkt.de/spielbericht/index/spielbericht/2583954
2015/16,19.12.2015,1.FC Heidenheim 1846,1.FC Nürnberg,14800,Voith-Arena,https://www.transfermarkt.de/spielbericht/index/spielbericht/2583955
2015/16,20.12.2015,Eintracht Braunschweig,1.FC Kaiserslautern,22313,EINTRACHT-Stadion,https://www.transfermarkt.de/spielbericht/index/spielbericht/2583953
2015/16,20.12.2015,MSV Duisburg,VfL Bochum,22351,MSV-Arena,https://www.transfermarkt.de/spielbericht/index/spielbericht/2583957
2015/16,20.12.2015,SC Freiburg,TSV 1860 München,24000,Dreisamstadion,https://www.transfermarkt.de/spielbericht/index/spielbericht/2583958
2015/16,21.12.2015,SC Paderborn 07,Fortuna Düsseldorf,14839,Home Deluxe Arena,https://www.transfermarkt.de/spielbericht/index/spielbericht/2583956
2015/16,05.02.2016,VfL Bochum,SC Freiburg,18245,Vonovia Ruhrstadion,https://www.transfermarkt.de/spielbericht/index/spielbericht/2583961
2015/16,05.02.2016,SV Sandhausen,SC Paderborn 07,4741,Stadion am Hardtwald,https://www.transfermarkt.de/spielbericht/index/spielbericht/2583962
2015/16,05.02.2016,1.FC Kaiserslautern,1.FC Union Berlin,23829,Fritz-Walter-Stadion,https://www.transfermarkt.de/spielbericht/index/spielbericht/2583965
2015/16,06.02.2016,TSV 1860 München,1.FC Nürnberg,51200,Allianz Arena,https://www.transfermarkt.de/spielbericht/index/spielbericht/2583964
2015/16,06.02.2016,Fortuna Düsseldorf,1.FC Heidenheim 1846,24267,MERKUR SPIEL-ARENA,https://www.transfermarkt.de/spielbericht/index/spielbericht/2583967
2015/16,07.02.2016,RB Leipzig,Eintracht Braunschweig,28112,Red Bull Arena,https://www.transfermarkt.de/spielbericht/index/spielbericht/2583963
2015/16,07.02.2016,SpVgg Greuther Fürth,FC St. Pauli,12055,Sportpark Ronhof | Thomas Sommer,https://www.transfermarkt.de/spielbericht/index/spielbericht/2583966
2015/16,07.02.2016,Karlsruher SC,FSV Frankfurt,12839,BBBank Wildpark,https://www.transfermarkt.de/spielbericht/index/spielbericht/2583968
2015/16,08.02.2016,Arminia Bielefeld,MSV Duisburg,15083,SchücoArena,https://www.transfermarkt.de/spielbericht/index/spielbericht/2583969
2015/16,12.02.2016,SC Paderborn 07,1.FC Kaiserslautern,9653,Home Deluxe Arena,https://www.transfermarkt.de/spielbericht/index/spielbericht/2583971
2015/16,12.02.2016,FC St. Pauli,RB Leipzig,29546,Millerntor-Stadion,https://www.transfermarkt.de/spielbericht/index/spielbericht/2583972
2015/16,12.02.2016,FSV Frankfurt,SpVgg Greuther Fürth,4127,PSD Bank Arena,https://www.transfermarkt.de/spielbericht/index/spielbericht/2583975
2015/16,13.02.2016,MSV Duisburg,Karlsruher SC,14138,MSV-Arena,https://www.transfermarkt.de/spielbericht/index/spielbericht/2583970
2015/16,13.02.2016,1.FC Heidenheim 1846,SV Sandhausen,11500,Voith-Arena,https://www.transfermarkt.de/spielbericht/index/spielbericht/2583977
2015/16,14.02.2016,SC Freiburg,Fortuna Düsseldorf,22500,Dreisamstadion,https://www.transfermarkt.de/spielbericht/index/spielbericht/2583973
2015/16,14.02.2016,1.FC Union Berlin,TSV 1860 München,18332,Stadion An der Alten Försterei,https://www.transfermarkt.de/spielbericht/index/spielbericht/2583976
2015/16,14.02.2016,Eintracht Braunschweig,Arminia Bielefeld,22235,EINTRACHT-Stadion,https://www.transfermarkt.de/spielbericht/index/spielbericht/2583978
2015/16,15.02.2016,1.FC Nürnberg,VfL Bochum,24355,Max-Morlock-Stadion,https://www.transfermarkt.de/spielbericht/index/spielbericht/2583974
2015/16,19.02.2016,RB Leipzig,1.FC Union Berlin,30964,Red Bull Arena,https://www.transfermarkt.de/spielbericht/index/spielbericht/2583983
2015/16,19.02.2016,FC St. Pauli,FSV Frankfurt,29342,Millerntor-Stadion,https://www.transfermarkt.de/spielbericht/index/spielbericht/2583986
2015/16,19.02.2016,SpVgg Greuther Fürth,MSV Duisburg,8920,Sportpark Ronhof | Thomas Sommer,https://www.transfermarkt.de/spielbericht/index/spielbericht/2583987
2015/16,20.02.2016,Karlsruher SC,Eintracht Braunschweig,12746,BBBank Wildpark,https://www.transfermarkt.de/spielbericht/index/spielbericht/2583981
2015/16,20.02.2016,1.FC Kaiserslautern,1.FC Heidenheim 1846,21646,Fritz-Walter-Stadion,https://www.transfermarkt.de/spielbericht/index/spielbericht/2583985
2015/16,21.02.2016,SV Sandhausen,SC Freiburg,10096,Stadion am Hardtwald,https://www.transfermarkt.de/spielbericht/index/spielbericht/2583979
2015/16,21.02.2016,Arminia Bielefeld,SC Paderborn 07,25064,SchücoArena,https://www.transfermarkt.de/spielbericht/index/spielbericht/2583980
2015/16,21.02.2016,TSV 1860 München,VfL Bochum,15300,Allianz Arena,https://www.transfermarkt.de/spielbericht/index/spielbericht/2583984
2015/16,22.02.2016,Fortuna Düsseldorf,1.FC Nürnberg,21854,MERKUR SPIEL-ARENA,https://www.transfermarkt.de/spielbericht/index/spielbericht/2583982
2015/16,26.02.2016,1.FC Union Berlin,Karlsruher SC,18952,Stadion An der Alten Försterei,https://www.transfermarkt.de/spielbericht/index/spielbericht/2583988
2015/16,26.02.2016,SC Paderborn 07,RB Leipzig,8838,Home Deluxe Arena,https://www.transfermarkt.de/spielbericht/index/spielbericht/2583990
2015/16,26.02.2016,1.FC Nürnberg,SpVgg Greuther Fürth,45666,Max-Morlock-Stadion,https://www.transfermarkt.de/spielbericht/index/spielbericht/2583992
2015/16,27.02.2016,SC Freiburg,1.FC Kaiserslautern,24000,Dreisamstadion,https://www.transfermarkt.de/spielbericht/index/spielbericht/2583989
2015/16,27.02.2016,TSV 1860 München,Fortuna Düsseldorf,17700,Allianz Arena,https://www.transfermarkt.de/spielbericht/index/spielbericht/2583991
2015/16,27.02.2016,VfL Bochum,SV Sandhausen,12209,Vonovia Ruhrstadion,https://www.transfermarkt.de/spielbericht/index/spielbericht/2583994
2015/16,28.02.2016,MSV Duisburg,FC St. Pauli,20790,MSV-Arena,https://www.transfermarkt.de/spielbericht/index/spielbericht/2583993
2015/16,28.02.2016,Eintracht Braunschweig,FSV Frankfurt,19667,EINTRACHT-Stadion,https://www.transfermarkt.de/spielbericht/index/spielbericht/2583995
2015/16,28.02.2016,1.FC Heidenheim 1846,Arminia Bielefeld,12000,Voith-Arena,https://www.transfermarkt.de/spielbericht/index/spielbericht/2583996
2015/16,04.03.2016,Fortuna Düsseldorf,Karlsruher SC,22861,MERKUR SPIEL-ARENA,https://www.transfermarkt.de/spielbericht/index/spielbericht/2584006
2015/16,04.03.2016,TSV 1860 München,SV Sandhausen,14600,Allianz Arena,https://www.transfermarkt.de/spielbericht/index/spielbericht/2584011
2015/16,04.03.2016,1.FC Nürnberg,1.FC Kaiserslautern,31457,Max-Morlock-Stadion,https://www.transfermarkt.de/spielbericht/index/spielbericht/2584007
2015/16,05.03.2016,SC Paderborn 07,SpVgg Greuther Fürth,7832,Home Deluxe Arena,https://www.transfermarkt.de/spielbericht/index/spielbericht/2584009
2015/16,05.03.2016,1.FC Union Berlin,FSV Frankfurt,18173,Stadion An der Alten Försterei,https://www.transfermarkt.de/spielbericht/index/spielbericht/2584012
2015/16,06.03.2016,1.FC Heidenheim 1846,FC St. Pauli,14000,Voith-Arena,https://www.transfermarkt.de/spielbericht/index/spielbericht/2584010
2015/16,06.03.2016,VfL Bochum,Arminia Bielefeld,17699,Vonovia Ruhrstadion,https://www.transfermarkt.de/spielbericht/index/spielbericht/2584013
2015/16,06.03.2016,Eintracht Braunschweig,MSV Duisburg,20158,EINTRACHT-Stadion,https://www.transfermarkt.de/spielbericht/index/spielbericht/2584014
2015/16,07.03.2016,SC Freiburg,RB Leipzig,23500,Dreisamstadion,https://www.transfermarkt.de/spielbericht/index/spielbericht/2584008
2015/16,11.03.2016,FC St. Pauli,SC Paderborn 07,28815,Millerntor-Stadion,https://www.transfermarkt.de/spielbericht/index/spielbericht/2584016
2015/16,11.03.2016,SpVgg Greuther Fürth,Eintracht Braunschweig,8140,Sportpark Ronhof | Thomas Sommer,https://www.transfermarkt.de/spielbericht/index/spielbericht/2584017
2015/16,11.03.2016,Arminia Bielefeld,1.FC Nürnberg,15003,SchücoArena,https://www.transfermarkt.de/spielbericht/index/spielbericht/2584018
2015/16,12.03.2016,SV Sandhausen,Fortuna Düsseldorf,4776,Stadion am Hardtwald,https://www.transfermarkt.de/spielbericht/index/spielbericht/2584019
2015/16,12.03.2016,MSV Duisburg,1.FC Union Berlin,12702,MSV-Arena,https://www.transfermarkt.de/spielbericht/index/spielbericht/2584020
2015/16,13.03.2016,FSV Frankfurt,SC Freiburg,6484,PSD Bank Arena,https://www.transfermarkt.de/spielbericht/index/spielbericht/2584015
2015/16,13.03.2016,RB Leipzig,TSV 1860 München,25551,Red Bull Arena,https://www.transfermarkt.de/spielbericht/index/spielbericht/2584022
2015/16,13.03.2016,Karlsruher SC,1.FC Heidenheim 1846,12477,BBBank Wildpark,https://www.transfermarkt.de/spielbericht/index/spielbericht/2584023
2015/16,14.03.2016,1.FC Kaiserslautern,VfL Bochum,19342,Fritz-Walter-Stadion,https://www.transfermarkt.de/spielbericht/index/spielbericht/2584021
2015/16,18.03.2016,1.FC Union Berlin,Eintracht Braunschweig,19026,Stadion An der Alten Försterei,https://www.transfermarkt.de/spielbericht/index/spielbericht/2584027
2015/16,18.03.2016,1.FC Heidenheim 1846,FSV Frankfurt,11300,Voith-Arena,https://www.transfermarkt.de/spielbericht/index/spielbericht/2584030
2015/16,18.03.2016,SC Paderborn 07,MSV Duisburg,10828,Home Deluxe Arena,https://www.transfermarkt.de/spielbericht/index/spielbericht/2584032
2015/16,19.03.2016,Fortuna Düsseldorf,1.FC Kaiserslautern,25361,MERKUR SPIEL-ARENA,https://www.transfermarkt.de/spielbericht/index/spielbericht/2584025
2015/16,19.03.2016,SV Sandhausen,FC St. Pauli,7043,Stadion am Hardtwald,https://www.transfermarkt.de/spielbericht/index/spielbericht/2584029
2015/16,20.03.2016,1.FC Nürnberg,RB Leipzig,40860,Max-Morlock-Stadion,https://www.transfermarkt.de/spielbericht/index/spielbericht/2584026
2015/16,20.03.2016,VfL Bochum,SpVgg Greuther Fürth,13443,Vonovia Ruhrstadion,https://www.transfermarkt.de/spielbericht/index/spielbericht/2584028
2015/16,20.03.2016,TSV 1860 München,Arminia Bielefeld,20500,Allianz Arena,https://www.transfermarkt.de/spielbericht/index/spielbericht/2584031
2015/16,21.03.2016,SC Freiburg,Karlsruher SC,24000,Dreisamstadion,https://www.transfermarkt.de/spielbericht/index/spielbericht/2584024
2015/16,01.04.2016,Eintracht Braunschweig,SC Paderborn 07,20685,EINTRACHT-Stadion,https://www.transfermarkt.de/spielbericht/index/spielbericht/2584034
2015/16,01.04.2016,FC St. Pauli,1.FC Union Berlin,29546,Millerntor-Stadion,https://www.transfermarkt.de/spielbericht/index/spielbericht/2584037
2015/16,01.04.2016,MSV Duisburg,1.FC Heidenheim 1846,14039,MSV-Arena,https://www.transfermarkt.de/spielbericht/index/spielbericht/2584040
2015/16,02.04.2016,Arminia Bielefeld,Fortuna Düsseldorf,22516,SchücoArena,https://www.transfermarkt.de/spielbericht/index/spielbericht/2584036
2015/16,02.04.2016,RB Leipzig,VfL Bochum,32244,Red Bull Arena,https://www.transfermarkt.de/spielbericht/index/spielbericht/2584038
2015/16,03.04.2016,FSV Frankfurt,1.FC Nürnberg,11097,PSD Bank Arena,https://www.transfermarkt.de/spielbericht/index/spielbericht/2584035
2015/16,03.04.2016,Karlsruher SC,TSV 1860 München,16952,BBBank Wildpark,https://www.transfermarkt.de/spielbericht/index/spielbericht/2584039
2015/16,03.04.2016,1.FC Kaiserslautern,SV Sandhausen,26047,Fritz-Walter-Stadion,https://www.transfermarkt.de/spielbericht/index/spielbericht/2584041
2015/16,04.04.2016,SpVgg Greuther Fürth,SC Freiburg,10280,Sportpark Ronhof | Thomas Sommer,https://www.transfermarkt.de/spielbericht/index/spielbericht/2584033
2015/16,08.04.2016,1.FC Heidenheim 1846,Eintracht Braunschweig,11500,Voith-Arena,https://www.transfermarkt.de/spielbericht/index/spielbericht/2584044
2015/16,08.04.2016,SC Paderborn 07,1.FC Union Berlin,9173,Home Deluxe Arena,https://www.transfermarkt.de/spielbericht/index/spielbericht/2584045
2015/16,08.04.2016,TSV 1860 München,SpVgg Greuther Fürth,18300,Allianz Arena,https://www.transfermarkt.de/spielbericht/index/spielbericht/2584046
2015/16,09.04.2016,VfL Bochum,FSV Frankfurt,13300,Vonovia Ruhrstadion,https://www.transfermarkt.de/spielbericht/index/spielbericht/2584048
2015/16,09.04.2016,SV Sandhausen,Arminia Bielefeld,4427,Stadion am Hardtwald,https://www.transfermarkt.de/spielbericht/index/spielbericht/2584049
2015/16,10.04.2016,1.FC Kaiserslautern,Karlsruher SC,30839,Fritz-Walter-Stadion,https://www.transfermarkt.de/spielbericht/index/spielbericht/2584042
2015/16,10.04.2016,SC Freiburg,FC St. Pauli,24000,Dreisamstadion,https://www.transfermarkt.de/spielbericht/index/spielbericht/2584047
2015/16,10.04.2016,1.FC Nürnberg,MSV Duisburg,40169,Max-Morlock-Stadion,https://www.transfermarkt.de/spielbericht/index/spielbericht/2584050
2015/16,11.04.2016,Fortuna Düsseldorf,RB Leipzig,25474,MERKUR SPIEL-ARENA,https://www.transfermarkt.de/spielbericht/index/spielbericht/2584043
2015/16,15.04.2016,FSV Frankfurt,SC Paderborn 07,5191,PSD Bank Arena,https://www.transfermarkt.de/spielbericht/index/spielbericht/2584052
2015/16,15.04.2016,MSV Duisburg,TSV 1860 München,22482,MSV-Arena,https://www.transfermarkt.de/spielbericht/index/spielbericht/2584057
2015/16,15.04.2016,RB Leipzig,SV Sandhausen,30279,Red Bull Arena,https://www.transfermarkt.de/spielbericht/index/spielbericht/2584059
2015/16,16.04.2016,Karlsruher SC,1.FC Nürnberg,17900,BBBank Wildpark,https://www.transfermarkt.de/spielbericht/index/spielbericht/2584054
2015/16,16.04.2016,FC St. Pauli,VfL Bochum,29563,Millerntor-Stadion,https://www.transfermarkt.de/spielbericht/index/spielbericht/2584056
2015/16,17.04.2016,Arminia Bielefeld,1.FC Kaiserslautern,18511,SchücoArena,https://www.transfermarkt.de/spielbericht/index/spielbericht/2584053
2015/16,17.04.2016,SpVgg Greuther Fürth,Fortuna Düsseldorf,9665,Sportpark Ronhof | Thomas Sommer,https://www.transfermarkt.de/spielbericht/index/spielbericht/2584055
2015/16,17.04.2016,1.FC Union Berlin,1.FC Heidenheim 1846,19634,Stadion An der Alten Försterei,https://www.transfermarkt.de/spielbericht/index/spielbericht/2584058
2015/16,18.04.2016,Eintracht Braunschweig,SC Freiburg,19810,EINTRACHT-Stadion,https://www.transfermarkt.de/spielbericht/index/spielbericht/2584051
2015/16,22.04.2016,VfL Bochum,Karlsruher SC,14623,Vonovia Ruhrstadion,https://www.transfermarkt.de/spielbericht/index/spielbericht/2584061
2015/16,22.04.2016,Fortuna Düsseldorf,FC St. Pauli,30820,MERKUR SPIEL-ARENA,https://www.transfermarkt.de/spielbericht/index/spielbericht/2584066
2015/16,22.04.2016,SC Freiburg,MSV Duisburg,23500,Dreisamstadion,https://www.transfermarkt.de/spielbericht/index/spielbericht/2584068
2015/16,23.04.2016,1.FC Heidenheim 1846,SC Paderborn 07,11300,Voith-Arena,https://www.transfermarkt.de/spielbericht/index/spielbericht/2584060
2015/16,23.04.2016,1.FC Nürnberg,1.FC Union Berlin,30384,Max-Morlock-Stadion,https://www.transfermarkt.de/spielbericht/index/spielbericht/2584064
2015/16,24.04.2016,TSV 1860 München,Eintracht Braunschweig,20800,Allianz Arena,https://www.transfermarkt.de/spielbericht/index/spielbericht/2584063
2015/16,24.04.2016,Arminia Bielefeld,SpVgg Greuther Fürth,14605,SchücoArena,https://www.transfermarkt.de/spielbericht/index/spielbericht/2584065
2015/16,24.04.2016,SV Sandhausen,FSV Frankfurt,4786,Stadion am Hardtwald,https://www.transfermarkt.de/spielbericht/index/spielbericht/2584067
2015/16,25.04.2016,1.FC Kaiserslautern,RB Leipzig,27332,Fritz-Walter-Stadion,https://www.transfermarkt.de/spielbericht/index/spielbericht/2584062
2015/16,29.04.2016,SC Paderborn 07,SC Freiburg,10414,Home Deluxe Arena,https://www.transfermarkt.de/spielbericht/index/spielbericht/2584069
2015/16,29.04.2016,FSV Frankfurt,1.FC Kaiserslautern,8130,PSD Bank Arena,https://www.transfermarkt.de/spielbericht/index/spielbericht/2584070
2015/16,29.04.2016,MSV Duisburg,Fortuna Düsseldorf,28500,MSV-Arena,https://www.transfermarkt.de/spielbericht/index/spielbericht/2584072
2015/16,29.04.2016,1.FC Union Berlin,VfL Bochum,20036,Stadion An der Alten Försterei,https://www.transfermarkt.de/spielbericht/index/spielbericht/2584073
2015/16,29.04.2016,FC St. Pauli,TSV 1860 München,29546,Millerntor-Stadion,https://www.transfermarkt.de/spielbericht/index/spielbericht/2584074
2015/16,29.04.2016,RB Leipzig,Arminia Bielefeld,35102,Red Bull Arena,https://www.transfermarkt.de/spielbericht/index/spielbericht/2584077
2015/16,30.04.2016,Eintracht Braunschweig,1.FC Nürnberg,21145,EINTRACHT-Stadion,https://www.transfermarkt.de/spielbericht/index/spielbericht/2584071
2015/16,30.04.2016,SpVgg Greuther Fürth,1.FC Heidenheim 1846,9390,Sportpark Ronhof | Thomas Sommer,https://www.transfermarkt.de/spielbericht/index/spielbericht/2584075
2015/16,02.05.2016,Karlsruher SC,SV Sandhausen,13405,BBBank Wildpark,https://www.transfermarkt.de/spielbericht/index/spielbericht/2584076
2015/16,08.05.2016,TSV 1860 München,SC Paderborn 07,54100,Allianz Arena,https://www.transfermarkt.de/spielbericht/index/spielbericht/2584078
2015/16,08.05.2016,RB Leipzig,Karlsruher SC,42559,Red Bull Arena,https://www.transfermarkt.de/spielbericht/index/spielbericht/2584079
2015/16,08.05.2016,VfL Bochum,Eintracht Braunschweig,17899,Vonovia Ruhrstadion,https://www.transfermarkt.de/spielbericht/index/spielbericht/2584080
2015/16,08.05.2016,Arminia Bielefeld,1.FC Union Berlin,19943,SchücoArena,https://www.transfermarkt.de/spielbericht/index/spielbericht/2584081
2015/16,08.05.2016,1.FC Kaiserslautern,SpVgg Greuther Fürth,25037,Fritz-Walter-Stadion,https://www.transfermarkt.de/spielbericht/index/spielbericht/2584082
2015/16,08.05.2016,1.FC Nürnberg,FC St. Pauli,50000,Max-Morlock-Stadion,https://www.transfermarkt.de/spielbericht/index/spielbericht/2584083
2015/16,08.05.2016,SC Freiburg,1.FC Heidenheim 1846,24000,Dreisamstadion,https://www.transfermarkt.de/spielbericht/index/spielbericht/2584084
2015/16,08.05.2016,Fortuna Düsseldorf,FSV Frankfurt,32267,MERKUR SPIEL-ARENA,https://www.transfermarkt.de/spielbericht/index/spielbericht/2584085
2015/16,08.05.2016,SV Sandhausen,MSV Duisburg,8023,Stadion am Hardtwald,https://www.transfermarkt.de/spielbericht/index/spielbericht/2584086
2015/16,15.05.2016,1.FC Union Berlin,SC Freiburg,22012,Stadion An der Alten Försterei,https://www.transfermarkt.de/spielbericht/index/spielbericht/2584087
2015/16,15.05.2016,FC St. Pauli,1.FC Kaiserslautern,29546,Millerntor-Stadion,https://www.transfermarkt.de/spielbericht/index/spielbericht/2584088
2015/16,15.05.2016,MSV Duisburg,RB Leipzig,28209,MSV-Arena,https://www.transfermarkt.de/spielbericht/index/spielbericht/2584089
2015/16,15.05.2016,SC Paderborn 07,1.FC Nürnberg,15000,Home Deluxe Arena,https://www.transfermarkt.de/spielbericht/index/spielbericht/2584090
2015/16,15.05.2016,Eintracht Braunschweig,Fortuna Düsseldorf,23040,EINTRACHT-Stadion,https://www.transfermarkt.de/spielbericht/index/spielbericht/2584091
2015/16,15.05.2016,1.FC Heidenheim 1846,VfL Bochum,13500,Voith-Arena,https://www.transfermarkt.de/spielbericht/index/spielbericht/2584092
2015/16,15.05.2016,FSV Frankfurt,TSV 1860 München,12500,PSD Bank Arena,https://www.transfermarkt.de/spielbericht/index/spielbericht/2584093
2015/16,15.05.2016,SpVgg Greuther Fürth,SV Sandhausen,9710,Sportpark Ronhof | Thomas Sommer,https://www.transfermarkt.de/spielbericht/index/spielbericht/2584094
2015/16,15.05.2016,Karlsruher SC,Arminia Bielefeld,18660,BBBank Wildpark,https://www.transfermarkt.de/spielbericht/index/spielbericht/2584095
2016/17,05.08.2016,1.FC Kaiserslautern,Hannover 96,40021,Fritz-Walter-Stadion,https://www.transfermarkt.de/spielbericht/index/spielbericht/2704213
2016/17,06.08.2016,VfL Bochum,1.FC Union Berlin,17118,Vonovia Ruhrstadion,https://www.transfermarkt.de/spielbericht/index/spielbericht/2704215
2016/17,06.08.2016,SV Sandhausen,Fortuna Düsseldorf,6451,Stadion am Hardtwald,https://www.transfermarkt.de/spielbericht/index/spielbericht/2704220
2016/17,06.08.2016,SG Dynamo Dresden,1.FC Nürnberg,29453,Rudolf-Harbig-Stadion,https://www.transfermarkt.de/spielbericht/index/spielbericht/2704221
2016/17,07.08.2016,SpVgg Greuther Fürth,TSV 1860 München,13205,Sportpark Ronhof | Thomas Sommer,https://www.transfermarkt.de/spielbericht/index/spielbericht/2704217
2016/17,07.08.2016,Eintracht Braunschweig,Würzburger Kickers,20390,EINTRACHT-Stadion,https://www.transfermarkt.de/spielbericht/index/spielbericht/2704216
2016/17,07.08.2016,1.FC Heidenheim 1846,FC Erzgebirge Aue,11000,Voith-Arena,https://www.transfermarkt.de/spielbericht/index/spielbericht/2704218
2016/17,07.08.2016,Arminia Bielefeld,Karlsruher SC,17773,SchücoArena,https://www.transfermarkt.de/spielbericht/index/spielbericht/2704219
2016/17,08.08.2016,VfB Stuttgart,FC St. Pauli,60000,MHPArena Stuttgart,https://www.transfermarkt.de/spielbericht/index/spielbericht/2704214
2016/17,12.08.2016,1.FC Nürnberg,1.FC Heidenheim 1846,25769,Max-Morlock-Stadion,https://www.transfermarkt.de/spielbericht/index/spielbericht/2704296
2016/17,12.08.2016,FC Erzgebirge Aue,SV Sandhausen,7650,eins Erzgebirgsstadion,https://www.transfermarkt.de/spielbericht/index/spielbericht/2704302
2016/17,12.08.2016,Fortuna Düsseldorf,VfB Stuttgart,37173,MERKUR SPIEL-ARENA,https://www.transfermarkt.de/spielbericht/index/spielbericht/2704300
2016/17,13.08.2016,Karlsruher SC,VfL Bochum,14504,BBBank Wildpark,https://www.transfermarkt.de/spielbericht/index/spielbericht/2704299
2016/17,13.08.2016,FC St. Pauli,Eintracht Braunschweig,29546,Millerntor-Stadion,https://www.transfermarkt.de/spielbericht/index/spielbericht/2704297
2016/17,14.08.2016,Hannover 96,SpVgg Greuther Fürth,38400,Heinz-von-Heiden-Arena,https://www.transfermarkt.de/spielbericht/index/spielbericht/2704295
2016/17,14.08.2016,TSV 1860 München,Arminia Bielefeld,24800,Allianz Arena,https://www.transfermarkt.de/spielbericht/index/spielbericht/2704301
2016/17,14.08.2016,Würzburger Kickers,1.FC Kaiserslautern,12087,AKON ARENA,https://www.transfermarkt.de/spielbericht/index/spielbericht/2704303
2016/17,15.08.2016,1.FC Union Berlin,SG Dynamo Dresden,22012,Stadion An der Alten Försterei,https://www.transfermarkt.de/spielbericht/index/spielbericht/2704298
2016/17,26.08.2016,VfL Bochum,Hannover 96,19218,Vonovia Ruhrstadion,https://www.transfermarkt.de/spielbericht/index/spielbericht/2704342
2016/17,26.08.2016,1.FC Heidenheim 1846,Würzburger Kickers,11100,Voith-Arena,https://www.transfermarkt.de/spielbericht/index/spielbericht/2704347
2016/17,26.08.2016,SV Sandhausen,VfB Stuttgart,13083,Stadion am Hardtwald,https://www.transfermarkt.de/spielbericht/index/spielbericht/2704349
2016/17,27.08.2016,Karlsruher SC,TSV 1860 München,13246,BBBank Wildpark,https://www.transfermarkt.de/spielbericht/index/spielbericht/2704343
2016/17,27.08.2016,SpVgg Greuther Fürth,FC Erzgebirge Aue,8705,Sportpark Ronhof | Thomas Sommer,https://www.transfermarkt.de/spielbericht/index/spielbericht/2704345
2016/17,28.08.2016,Eintracht Braunschweig,1.FC Nürnberg,20840,EINTRACHT-Stadion,https://www.transfermarkt.de/spielbericht/index/spielbericht/2704344
2016/17,28.08.2016,Arminia Bielefeld,1.FC Union Berlin,13604,SchücoArena,https://www.transfermarkt.de/spielbericht/index/spielbericht/2704348
2016/17,28.08.2016,SG Dynamo Dresden,FC St. Pauli,29350,Rudolf-Harbig-Stadion,https://www.transfermarkt.de/spielbericht/index/spielbericht/2704350
2016/17,29.08.2016,1.FC Kaiserslautern,Fortuna Düsseldorf,20278,Fritz-Walter-Stadion,https://www.transfermarkt.de/spielbericht/index/spielbericht/2704346
2016/17,09.09.2016,VfB Stuttgart,1.FC Heidenheim 1846,52200,MHPArena Stuttgart,https://www.transfermarkt.de/spielbericht/index/spielbericht/2704381
2016/17,09.09.2016,FC Erzgebirge Aue,Eintracht Braunschweig,8050,eins Erzgebirgsstadion,https://www.transfermarkt.de/spielbericht/index/spielbericht/2704388
2016/17,09.09.2016,Würzburger Kickers,VfL Bochum,10473,AKON ARENA,https://www.transfermarkt.de/spielbericht/index/spielbericht/2704389
2016/17,10.09.2016,FC St. Pauli,Arminia Bielefeld,29546,Millerntor-Stadion,https://www.transfermarkt.de/spielbericht/index/spielbericht/2704384
2016/17,10.09.2016,1.FC Union Berlin,Karlsruher SC,19356,Stadion An der Alten Försterei,https://www.transfermarkt.de/spielbericht/index/spielbericht/2704385
2016/17,11.09.2016,Hannover 96,SG Dynamo Dresden,39200,Heinz-von-Heiden-Arena,https://www.transfermarkt.de/spielbericht/index/spielbericht/2704382
2016/17,11.09.2016,SV Sandhausen,1.FC Kaiserslautern,8188,Stadion am Hardtwald,https://www.transfermarkt.de/spielbericht/index/spielbericht/2704386
2016/17,11.09.2016,Fortuna Düsseldorf,SpVgg Greuther Fürth,25866,MERKUR SPIEL-ARENA,https://www.transfermarkt.de/spielbericht/index/spielbericht/2704387
2016/17,12.09.2016,1.FC Nürnberg,TSV 1860 München,30635,Max-Morlock-Stadion,https://www.transfermarkt.de/spielbericht/index/spielbericht/2704383
2016/17,16.09.2016,VfL Bochum,1.FC Nürnberg,16050,Vonovia Ruhrstadion,https://www.transfermarkt.de/spielbericht/index/spielbericht/2704287
2016/17,16.09.2016,SpVgg Greuther Fürth,Würzburger Kickers,10510,Sportpark Ronhof | Thomas Sommer,https://www.transfermarkt.de/spielbericht/index/spielbericht/2704289
2016/17,16.09.2016,TSV 1860 München,1.FC Union Berlin,19300,Allianz Arena,https://www.transfermarkt.de/spielbericht/index/spielbericht/2704293
2016/17,17.09.2016,1.FC Kaiserslautern,VfB Stuttgart,45761,Fritz-Walter-Stadion,https://www.transfermarkt.de/spielbericht/index/spielbericht/2704290
2016/17,17.09.2016,1.FC Heidenheim 1846,Fortuna Düsseldorf,11100,Voith-Arena,https://www.transfermarkt.de/spielbericht/index/spielbericht/2704291
2016/17,17.09.2016,Eintracht Braunschweig,SV Sandhausen,19967,EINTRACHT-Stadion,https://www.transfermarkt.de/spielbericht/index/spielbericht/2729327
2016/17,18.09.2016,Karlsruher SC,FC St. Pauli,14686,BBBank Wildpark,https://www.transfermarkt.de/spielbericht/index/spielbericht/2704288
2016/17,18.09.2016,Arminia Bielefeld,Hannover 96,25138,SchücoArena,https://www.transfermarkt.de/spielbericht/index/spielbericht/2704292
2016/17,18.09.2016,SG Dynamo Dresden,FC Erzgebirge Aue,30274,Rudolf-Harbig-Stadion,https://www.transfermarkt.de/spielbericht/index/spielbericht/2704294
2016/17,20.09.2016,VfB Stuttgart,Eintracht Braunschweig,36800,MHPArena Stuttgart,https://www.transfermarkt.de/spielbericht/index/spielbericht/2704322
2016/17,20.09.2016,1.FC Nürnberg,SpVgg Greuther Fürth,32362,Max-Morlock-Stadion,https://www.transfermarkt.de/spielbericht/index/spielbericht/2704324
2016/17,20.09.2016,SV Sandhausen,1.FC Heidenheim 1846,5198,Stadion am Hardtwald,https://www.transfermarkt.de/spielbericht/index/spielbericht/2704327
2016/17,20.09.2016,Fortuna Düsseldorf,VfL Bochum,22688,MERKUR SPIEL-ARENA,https://www.transfermarkt.de/spielbericht/index/spielbericht/2704328
2016/17,21.09.2016,Hannover 96,Karlsruher SC,31700,Heinz-von-Heiden-Arena,https://www.transfermarkt.de/spielbericht/index/spielbericht/2704323
2016/17,21.09.2016,1.FC Kaiserslautern,SG Dynamo Dresden,19606,Fritz-Walter-Stadion,https://www.transfermarkt.de/spielbericht/index/spielbericht/2704326
2016/17,21.09.2016,FC Erzgebirge Aue,Arminia Bielefeld,7200,eins Erzgebirgsstadion,https://www.transfermarkt.de/spielbericht/index/spielbericht/2704329
2016/17,21.09.2016,Würzburger Kickers,1.FC Union Berlin,10148,AKON ARENA,https://www.transfermarkt.de/spielbericht/index/spielbericht/2704330
2016/17,22.09.2016,FC St. Pauli,TSV 1860 München,29000,Millerntor-Stadion,https://www.transfermarkt.de/spielbericht/index/spielbericht/2704325
2016/17,23.09.2016,VfL Bochum,VfB Stuttgart,22014,Vonovia Ruhrstadion,https://www.transfermarkt.de/spielbericht/index/spielbericht/2704370
2016/17,23.09.2016,Eintracht Braunschweig,Fortuna Düsseldorf,21555,EINTRACHT-Stadion,https://www.transfermarkt.de/spielbericht/index/spielbericht/2704373
2016/17,23.09.2016,SpVgg Greuther Fürth,SV Sandhausen,6930,Sportpark Ronhof | Thomas Sommer,https://www.transfermarkt.de/spielbericht/index/spielbericht/2704374
2016/17,24.09.2016,Karlsruher SC,FC Erzgebirge Aue,10919,BBBank Wildpark,https://www.transfermarkt.de/spielbericht/index/spielbericht/2704372
2016/17,24.09.2016,1.FC Heidenheim 1846,1.FC Kaiserslautern,12000,Voith-Arena,https://www.transfermarkt.de/spielbericht/index/spielbericht/2704375
2016/17,25.09.2016,Arminia Bielefeld,1.FC Nürnberg,16671,SchücoArena,https://www.transfermarkt.de/spielbericht/index/spielbericht/2704376
2016/17,25.09.2016,TSV 1860 München,Hannover 96,26100,Allianz Arena,https://www.transfermarkt.de/spielbericht/index/spielbericht/2704377
2016/17,25.09.2016,SG Dynamo Dresden,Würzburger Kickers,27710,Rudolf-Harbig-Stadion,https://www.transfermarkt.de/spielbericht/index/spielbericht/2704378
2016/17,26.09.2016,1.FC Union Berlin,FC St. Pauli,22012,Stadion An der Alten Försterei,https://www.transfermarkt.de/spielbericht/index/spielbericht/2704371
2016/17,30.09.2016,1.FC Nürnberg,1.FC Union Berlin,24465,Max-Morlock-Stadion,https://www.transfermarkt.de/spielbericht/index/spielbericht/2704392
2016/17,30.09.2016,SV Sandhausen,SG Dynamo Dresden,5754,Stadion am Hardtwald,https://www.transfermarkt.de/spielbericht/index/spielbericht/2704395
2016/17,30.09.2016,FC Erzgebirge Aue,VfL Bochum,7300,eins Erzgebirgsstadion,https://www.transfermarkt.de/spielbericht/index/spielbericht/2704397
2016/17,01.10.2016,Hannover 96,FC St. Pauli,49000,Heinz-von-Heiden-Arena,https://www.transfermarkt.de/spielbericht/index/spielbericht/2704391
2016/17,01.10.2016,Fortuna Düsseldorf,Karlsruher SC,23741,MERKUR SPIEL-ARENA,https://www.transfermarkt.de/spielbericht/index/spielbericht/2704396
2016/17,02.10.2016,1.FC Kaiserslautern,Arminia Bielefeld,21645,Fritz-Walter-Stadion,https://www.transfermarkt.de/spielbericht/index/spielbericht/2704393
2016/17,02.10.2016,1.FC Heidenheim 1846,Eintracht Braunschweig,12500,Voith-Arena,https://www.transfermarkt.de/spielbericht/index/spielbericht/2704394
2016/17,02.10.2016,Würzburger Kickers,TSV 1860 München,12475,AKON ARENA,https://www.transfermarkt.de/spielbericht/index/spielbericht/2704398
2016/17,03.10.2016,VfB Stuttgart,SpVgg Greuther Fürth,38150,MHPArena Stuttgart,https://www.transfermarkt.de/spielbericht/index/spielbericht/2704390
2016/17,14.10.2016,FC St. Pauli,FC Erzgebirge Aue,29075,Millerntor-Stadion,https://www.transfermarkt.de/spielbericht/index/spielbericht/2704399
2016/17,14.10.2016,VfL Bochum,SV Sandhausen,13424,Vonovia Ruhrstadion,https://www.transfermarkt.de/spielbericht/index/spielbericht/2704400
2016/17,14.10.2016,Arminia Bielefeld,Würzburger Kickers,14102,SchücoArena,https://www.transfermarkt.de/spielbericht/index/spielbericht/2704404
2016/17,15.10.2016,SpVgg Greuther Fürth,1.FC Heidenheim 1846,7325,Sportpark Ronhof | Thomas Sommer,https://www.transfermarkt.de/spielbericht/index/spielbericht/2704403
2016/17,15.10.2016,SG Dynamo Dresden,VfB Stuttgart,29906,Rudolf-Harbig-Stadion,https://www.transfermarkt.de/spielbericht/index/spielbericht/2704406
2016/17,16.10.2016,1.FC Union Berlin,Hannover 96,22012,Stadion An der Alten Försterei,https://www.transfermarkt.de/spielbericht/index/spielbericht/2704401
2016/17,16.10.2016,Karlsruher SC,1.FC Nürnberg,16065,BBBank Wildpark,https://www.transfermarkt.de/spielbericht/index/spielbericht/2704402
2016/17,16.10.2016,TSV 1860 München,Fortuna Düsseldorf,21800,Allianz Arena,https://www.transfermarkt.de/spielbericht/index/spielbericht/2704405
2016/17,17.10.2016,Eintracht Braunschweig,1.FC Kaiserslautern,20790,EINTRACHT-Stadion,https://www.transfermarkt.de/spielbericht/index/spielbericht/2716117
2016/17,21.10.2016,Fortuna Düsseldorf,Arminia Bielefeld,24143,MERKUR SPIEL-ARENA,https://www.transfermarkt.de/spielbericht/index/spielbericht/2704413
2016/17,21.10.2016,Würzburger Kickers,Karlsruher SC,11054,AKON ARENA,https://www.transfermarkt.de/spielbericht/index/spielbericht/2704415
2016/17,21.10.2016,VfB Stuttgart,TSV 1860 München,55100,MHPArena Stuttgart,https://www.transfermarkt.de/spielbericht/index/spielbericht/2704407
2016/17,22.10.2016,1.FC Heidenheim 1846,SG Dynamo Dresden,13200,Voith-Arena,https://www.transfermarkt.de/spielbericht/index/spielbericht/2704411
2016/17,22.10.2016,SV Sandhausen,FC St. Pauli,6653,Stadion am Hardtwald,https://www.transfermarkt.de/spielbericht/index/spielbericht/2704412
2016/17,23.10.2016,1.FC Nürnberg,Hannover 96,27378,Max-Morlock-Stadion,https://www.transfermarkt.de/spielbericht/index/spielbericht/2704408
2016/17,23.10.2016,Eintracht Braunschweig,SpVgg Greuther Fürth,20900,EINTRACHT-Stadion,https://www.transfermarkt.de/spielbericht/index/spielbericht/2704409
2016/17,23.10.2016,FC Erzgebirge Aue,1.FC Union Berlin,10000,eins Erzgebirgsstadion,https://www.transfermarkt.de/spielbericht/index/spielbericht/2704414
2016/17,24.10.2016,1.FC Kaiserslautern,VfL Bochum,18056,Fritz-Walter-Stadion,https://www.transfermarkt.de/spielbericht/index/spielbericht/2704410
2016/17,28.10.2016,Arminia Bielefeld,SV Sandhausen,13241,SchücoArena,https://www.transfermarkt.de/spielbericht/index/spielbericht/2704422
2016/17,28.10.2016,TSV 1860 München,FC Erzgebirge Aue,16600,Allianz Arena,https://www.transfermarkt.de/spielbericht/index/spielbericht/2704423
2016/17,28.10.2016,SG Dynamo Dresden,Eintracht Braunschweig,29097,Rudolf-Harbig-Stadion,https://www.transfermarkt.de/spielbericht/index/spielbericht/2704424
2016/17,29.10.2016,1.FC Union Berlin,Fortuna Düsseldorf,21195,Stadion An der Alten Försterei,https://www.transfermarkt.de/spielbericht/index/spielbericht/2704419
2016/17,29.10.2016,SpVgg Greuther Fürth,1.FC Kaiserslautern,8490,Sportpark Ronhof | Thomas Sommer,https://www.transfermarkt.de/spielbericht/index/spielbericht/2704421
2016/17,30.10.2016,Hannover 96,Würzburger Kickers,31200,Heinz-von-Heiden-Arena,https://www.transfermarkt.de/spielbericht/index/spielbericht/2704416
2016/17,30.10.2016,VfL Bochum,1.FC Heidenheim 1846,14729,Vonovia Ruhrstadion,https://www.transfermarkt.de/spielbericht/index/spielbericht/2704418
2016/17,30.10.2016,Karlsruher SC,VfB Stuttgart,27930,BBBank Wildpark,https://www.transfermarkt.de/spielbericht/index/spielbericht/2704420
2016/17,31.10.2016,FC St. Pauli,1.FC Nürnberg,29546,Millerntor-Stadion,https://www.transfermarkt.de/spielbericht/index/spielbericht/2704417
2016/17,04.11.2016,1.FC Heidenheim 1846,Karlsruher SC,13700,Voith-Arena,https://www.transfermarkt.de/spielbericht/index/spielbericht/2704447
2016/17,04.11.2016,Fortuna Düsseldorf,SG Dynamo Dresden,31176,MERKUR SPIEL-ARENA,https://www.transfermarkt.de/spielbericht/index/spielbericht/2704449
2016/17,04.11.2016,FC Erzgebirge Aue,1.FC Nürnberg,9000,eins Erzgebirgsstadion,https://www.transfermarkt.de/spielbericht/index/spielbericht/2704450
2016/17,05.11.2016,SpVgg Greuther Fürth,VfL Bochum,7125,Sportpark Ronhof | Thomas Sommer,https://www.transfermarkt.de/spielbericht/index/spielbericht/2704445
2016/17,05.11.2016,1.FC Kaiserslautern,1.FC Union Berlin,21446,Fritz-Walter-Stadion,https://www.transfermarkt.de/spielbericht/index/spielbericht/2704446
2016/17,06.11.2016,VfB Stuttgart,Arminia Bielefeld,55160,MHPArena Stuttgart,https://www.transfermarkt.de/spielbericht/index/spielbericht/2704443
2016/17,06.11.2016,Eintracht Braunschweig,Hannover 96,23000,EINTRACHT-Stadion,https://www.transfermarkt.de/spielbericht/index/spielbericht/2704444
2016/17,06.11.2016,SV Sandhausen,TSV 1860 München,5435,Stadion am Hardtwald,https://www.transfermarkt.de/spielbericht/index/spielbericht/2704448
2016/17,07.11.2016,Würzburger Kickers,FC St. Pauli,13080,AKON ARENA,https://www.transfermarkt.de/spielbericht/index/spielbericht/2704451
2016/17,18.11.2016,1.FC Nürnberg,Würzburger Kickers,37673,Max-Morlock-Stadion,https://www.transfermarkt.de/spielbericht/index/spielbericht/2704471
2016/17,18.11.2016,VfL Bochum,Eintracht Braunschweig,17488,Vonovia Ruhrstadion,https://www.transfermarkt.de/spielbericht/index/spielbericht/2704473
2016/17,18.11.2016,Arminia Bielefeld,1.FC Heidenheim 1846,13688,SchücoArena,https://www.transfermarkt.de/spielbericht/index/spielbericht/2704476
2016/17,19.11.2016,Hannover 96,FC Erzgebirge Aue,31100,Heinz-von-Heiden-Arena,https://www.transfermarkt.de/spielbericht/index/spielbericht/2704470
2016/17,19.11.2016,Karlsruher SC,SV Sandhausen,11030,BBBank Wildpark,https://www.transfermarkt.de/spielbericht/index/spielbericht/2704475
2016/17,20.11.2016,FC St. Pauli,Fortuna Düsseldorf,29546,Millerntor-Stadion,https://www.transfermarkt.de/spielbericht/index/spielbericht/2704472
2016/17,20.11.2016,1.FC Union Berlin,VfB Stuttgart,22012,Stadion An der Alten Försterei,https://www.transfermarkt.de/spielbericht/index/spielbericht/2704474
2016/17,20.11.2016,SG Dynamo Dresden,SpVgg Greuther Fürth,28097,Rudolf-Harbig-Stadion,https://www.transfermarkt.de/spielbericht/index/spielbericht/2704478
2016/17,21.11.2016,TSV 1860 München,1.FC Kaiserslautern,17600,Allianz Arena,https://www.transfermarkt.de/spielbericht/index/spielbericht/2704477
2016/17,25.11.2016,SpVgg Greuther Fürth,Arminia Bielefeld,7305,Sportpark Ronhof | Thomas Sommer,https://www.transfermarkt.de/spielbericht/index/spielbericht/2704490
2016/17,25.11.2016,Fortuna Düsseldorf,Hannover 96,28122,MERKUR SPIEL-ARENA,https://www.transfermarkt.de/spielbericht/index/spielbericht/2704494
2016/17,25.11.2016,Würzburger Kickers,FC Erzgebirge Aue,9138,AKON ARENA,https://www.transfermarkt.de/spielbericht/index/spielbericht/2704496
2016/17,26.11.2016,1.FC Heidenheim 1846,FC St. Pauli,13000,Voith-Arena,https://www.transfermarkt.de/spielbericht/index/spielbericht/2704492
2016/17,26.11.2016,SG Dynamo Dresden,VfL Bochum,27373,Rudolf-Harbig-Stadion,https://www.transfermarkt.de/spielbericht/index/spielbericht/2704495
2016/17,27.11.2016,Eintracht Braunschweig,TSV 1860 München,20850,EINTRACHT-Stadion,https://www.transfermarkt.de/spielbericht/index/spielbericht/2704489
2016/17,27.11.2016,1.FC Kaiserslautern,Karlsruher SC,28487,Fritz-Walter-Stadion,https://www.transfermarkt.de/spielbericht/index/spielbericht/2704491
2016/17,27.11.2016,SV Sandhausen,1.FC Union Berlin,5185,Stadion am Hardtwald,https://www.transfermarkt.de/spielbericht/index/spielbericht/2704493
2016/17,28.11.2016,VfB Stuttgart,1.FC Nürnberg,42053,MHPArena Stuttgart,https://www.transfermarkt.de/spielbericht/index/spielbericht/2704488
2016/17,02.12.2016,Hannover 96,1.FC Heidenheim 1846,28500,Heinz-von-Heiden-Arena,https://www.transfermarkt.de/spielbericht/index/spielbericht/2704515
2016/17,02.12.2016,FC St. Pauli,1.FC Kaiserslautern,29037,Millerntor-Stadion,https://www.transfermarkt.de/spielbericht/index/spielbericht/2704517
2016/17,02.12.2016,Karlsruher SC,SpVgg Greuther Fürth,10575,BBBank Wildpark,https://www.transfermarkt.de/spielbericht/index/spielbericht/2704519
2016/17,03.12.2016,1.FC Nürnberg,SV Sandhausen,25250,Max-Morlock-Stadion,https://www.transfermarkt.de/spielbericht/index/spielbericht/2704516
2016/17,03.12.2016,TSV 1860 München,SG Dynamo Dresden,43400,Allianz Arena,https://www.transfermarkt.de/spielbericht/index/spielbericht/2704521
2016/17,04.12.2016,Arminia Bielefeld,VfL Bochum,17479,SchücoArena,https://www.transfermarkt.de/spielbericht/index/spielbericht/2704520
2016/17,04.12.2016,FC Erzgebirge Aue,VfB Stuttgart,10000,eins Erzgebirgsstadion,https://www.transfermarkt.de/spielbericht/index/spielbericht/2704522
2016/17,04.12.2016,Würzburger Kickers,Fortuna Düsseldorf,10207,AKON ARENA,https://www.transfermarkt.de/spielbericht/index/spielbericht/2704523
2016/17,05.12.2016,1.FC Union Berlin,Eintracht Braunschweig,20312,Stadion An der Alten Försterei,https://www.transfermarkt.de/spielbericht/index/spielbericht/2704518
2016/17,09.12.2016,1.FC Heidenheim 1846,1.FC Union Berlin,12300,Voith-Arena,https://www.transfermarkt.de/spielbericht/index/spielbericht/2704538
2016/17,09.12.2016,Fortuna Düsseldorf,1.FC Nürnberg,25739,MERKUR SPIEL-ARENA,https://www.transfermarkt.de/spielbericht/index/spielbericht/2704540
2016/17,09.12.2016,SG Dynamo Dresden,Karlsruher SC,27612,Rudolf-Harbig-Stadion,https://www.transfermarkt.de/spielbericht/index/spielbericht/2704541
2016/17,10.12.2016,VfL Bochum,TSV 1860 München,15239,Vonovia Ruhrstadion,https://www.transfermarkt.de/spielbericht/index/spielbericht/2704534
2016/17,10.12.2016,1.FC Kaiserslautern,FC Erzgebirge Aue,21463,Fritz-Walter-Stadion,https://www.transfermarkt.de/spielbericht/index/spielbericht/2704537
2016/17,11.12.2016,Eintracht Braunschweig,Arminia Bielefeld,20760,EINTRACHT-Stadion,https://www.transfermarkt.de/spielbericht/index/spielbericht/2704535
2016/17,11.12.2016,SpVgg Greuther Fürth,FC St. Pauli,10015,Sportpark Ronhof | Thomas Sommer,https://www.transfermarkt.de/spielbericht/index/spielbericht/2704536
2016/17,11.12.2016,SV Sandhausen,Würzburger Kickers,4737,Stadion am Hardtwald,https://www.transfermarkt.de/spielbericht/index/spielbericht/2704539
2016/17,12.12.2016,VfB Stuttgart,Hannover 96,47125,MHPArena Stuttgart,https://www.transfermarkt.de/spielbericht/index/spielbericht/2704533
2016/17,16.12.2016,1.FC Union Berlin,SpVgg Greuther Fürth,19228,Stadion An der Alten Försterei,https://www.transfermarkt.de/spielbericht/index/spielbericht/2704563
2016/17,16.12.2016,TSV 1860 München,1.FC Heidenheim 1846,15300,Allianz Arena,https://www.transfermarkt.de/spielbericht/index/spielbericht/2704566
2016/17,16.12.2016,FC Erzgebirge Aue,Fortuna Düsseldorf,7050,eins Erzgebirgsstadion,https://www.transfermarkt.de/spielbericht/index/spielbericht/2704567
2016/17,17.12.2016,FC St. Pauli,VfL Bochum,29546,Millerntor-Stadion,https://www.transfermarkt.de/spielbericht/index/spielbericht/2704562
2016/17,17.12.2016,Karlsruher SC,Eintracht Braunschweig,12096,BBBank Wildpark,https://www.transfermarkt.de/spielbericht/index/spielbericht/2704564
2016/17,18.12.2016,Hannover 96,SV Sandhausen,30296,Heinz-von-Heiden-Arena,https://www.transfermarkt.de/spielbericht/index/spielbericht/2704560
2016/17,18.12.2016,Arminia Bielefeld,SG Dynamo Dresden,18310,SchücoArena,https://www.transfermarkt.de/spielbericht/index/spielbericht/2704565
2016/17,18.12.2016,Würzburger Kickers,VfB Stuttgart,12475,AKON ARENA,https://www.transfermarkt.de/spielbericht/index/spielbericht/2704568
2016/17,19.12.2016,1.FC Nürnberg,1.FC Kaiserslautern,24406,Max-Morlock-Stadion,https://www.transfermarkt.de/spielbericht/index/spielbericht/2704561
2016/17,27.01.2017,1.FC Union Berlin,VfL Bochum,19130,Stadion An der Alten Försterei,https://www.transfermarkt.de/spielbericht/index/spielbericht/2704599
2016/17,27.01.2017,Fortuna Düsseldorf,SV Sandhausen,19317,MERKUR SPIEL-ARENA,https://www.transfermarkt.de/spielbericht/index/spielbericht/2704601
2016/17,27.01.2017,TSV 1860 München,SpVgg Greuther Fürth,15800,Allianz Arena,https://www.transfermarkt.de/spielbericht/index/spielbericht/2704602
2016/17,28.01.2017,FC Erzgebirge Aue,1.FC Heidenheim 1846,6300,eins Erzgebirgsstadion,https://www.transfermarkt.de/spielbericht/index/spielbericht/2704603
2016/17,28.01.2017,Würzburger Kickers,Eintracht Braunschweig,10152,AKON ARENA,https://www.transfermarkt.de/spielbericht/index/spielbericht/2704604
2016/17,29.01.2017,1.FC Nürnberg,SG Dynamo Dresden,35984,Max-Morlock-Stadion,https://www.transfermarkt.de/spielbericht/index/spielbericht/2704597
2016/17,29.01.2017,FC St. Pauli,VfB Stuttgart,29546,Millerntor-Stadion,https://www.transfermarkt.de/spielbericht/index/spielbericht/2704598
2016/17,29.01.2017,Karlsruher SC,Arminia Bielefeld,13145,BBBank Wildpark,https://www.transfermarkt.de/spielbericht/index/spielbericht/2704600
2016/17,30.01.2017,Hannover 96,1.FC Kaiserslautern,28800,Heinz-von-Heiden-Arena,https://www.transfermarkt.de/spielbericht/index/spielbericht/2704596
2016/17,03.02.2017,SpVgg Greuther Fürth,Hannover 96,8465,Sportpark Ronhof | Thomas Sommer,https://www.transfermarkt.de/spielbericht/index/spielbericht/2704617
2016/17,03.02.2017,1.FC Kaiserslautern,Würzburger Kickers,19943,Fritz-Walter-Stadion,https://www.transfermarkt.de/spielbericht/index/spielbericht/2704618
2016/17,03.02.2017,Arminia Bielefeld,TSV 1860 München,16243,SchücoArena,https://www.transfermarkt.de/spielbericht/index/spielbericht/2704620
2016/17,04.02.2017,1.FC Heidenheim 1846,1.FC Nürnberg,13300,Voith-Arena,https://www.transfermarkt.de/spielbericht/index/spielbericht/2704619
2016/17,04.02.2017,SV Sandhausen,FC Erzgebirge Aue,4783,Stadion am Hardtwald,https://www.transfermarkt.de/spielbericht/index/spielbericht/2704621
2016/17,05.02.2017,Eintracht Braunschweig,FC St. Pauli,22775,EINTRACHT-Stadion,https://www.transfermarkt.de/spielbericht/index/spielbericht/2704616
2016/17,05.02.2017,SG Dynamo Dresden,1.FC Union Berlin,30153,Rudolf-Harbig-Stadion,https://www.transfermarkt.de/spielbericht/index/spielbericht/2704622
2016/17,05.02.2017,VfL Bochum,Karlsruher SC,15294,Vonovia Ruhrstadion,https://www.transfermarkt.de/spielbericht/index/spielbericht/2704615
2016/17,06.02.2017,VfB Stuttgart,Fortuna Düsseldorf,38200,MHPArena Stuttgart,https://www.transfermarkt.de/spielbericht/index/spielbericht/2704614
2016/17,10.02.2017,1.FC Nürnberg,Eintracht Braunschweig,23152,Max-Morlock-Stadion,https://www.transfermarkt.de/spielbericht/index/spielbericht/2704634
2016/17,10.02.2017,Fortuna Düsseldorf,1.FC Kaiserslautern,21867,MERKUR SPIEL-ARENA,https://www.transfermarkt.de/spielbericht/index/spielbericht/2704637
2016/17,10.02.2017,FC Erzgebirge Aue,SpVgg Greuther Fürth,6500,eins Erzgebirgsstadion,https://www.transfermarkt.de/spielbericht/index/spielbericht/2704639
2016/17,11.02.2017,TSV 1860 München,Karlsruher SC,18100,Allianz Arena,https://www.transfermarkt.de/spielbericht/index/spielbericht/2704638
2016/17,11.02.2017,Würzburger Kickers,1.FC Heidenheim 1846,8569,AKON ARENA,https://www.transfermarkt.de/spielbericht/index/spielbericht/2704640
2016/17,12.02.2017,VfB Stuttgart,SV Sandhausen,44560,MHPArena Stuttgart,https://www.transfermarkt.de/spielbericht/index/spielbericht/2704632
2016/17,12.02.2017,FC St. Pauli,SG Dynamo Dresden,29546,Millerntor-Stadion,https://www.transfermarkt.de/spielbericht/index/spielbericht/2704635
2016/17,12.02.2017,1.FC Union Berlin,Arminia Bielefeld,20258,Stadion An der Alten Försterei,https://www.transfermarkt.de/spielbericht/index/spielbericht/2704636
2016/17,13.02.2017,Hannover 96,VfL Bochum,26000,Heinz-von-Heiden-Arena,https://www.transfermarkt.de/spielbericht/index/spielbericht/2704633
2016/17,17.02.2017,Eintracht Braunschweig,FC Erzgebirge Aue,19630,EINTRACHT-Stadion,https://www.transfermarkt.de/spielbericht/index/spielbericht/2704661
2016/17,17.02.2017,1.FC Kaiserslautern,SV Sandhausen,19856,Fritz-Walter-Stadion,https://www.transfermarkt.de/spielbericht/index/spielbericht/2704663
2016/17,17.02.2017,1.FC Heidenheim 1846,VfB Stuttgart,15000,Voith-Arena,https://www.transfermarkt.de/spielbericht/index/spielbericht/2704664
2016/17,18.02.2017,VfL Bochum,Würzburger Kickers,11123,Vonovia Ruhrstadion,https://www.transfermarkt.de/spielbericht/index/spielbericht/2704659
2016/17,18.02.2017,SpVgg Greuther Fürth,Fortuna Düsseldorf,7978,Sportpark Ronhof | Thomas Sommer,https://www.transfermarkt.de/spielbericht/index/spielbericht/2704662
2016/17,19.02.2017,Karlsruher SC,1.FC Union Berlin,13531,BBBank Wildpark,https://www.transfermarkt.de/spielbericht/index/spielbericht/2704660
2016/17,19.02.2017,Arminia Bielefeld,FC St. Pauli,20426,SchücoArena,https://www.transfermarkt.de/spielbericht/index/spielbericht/2704665
2016/17,19.02.2017,SG Dynamo Dresden,Hannover 96,29820,Rudolf-Harbig-Stadion,https://www.transfermarkt.de/spielbericht/index/spielbericht/2704667
2016/17,20.02.2017,TSV 1860 München,1.FC Nürnberg,24100,Allianz Arena,https://www.transfermarkt.de/spielbericht/index/spielbericht/2704666
2016/17,24.02.2017,1.FC Union Berlin,TSV 1860 München,20176,Stadion An der Alten Försterei,https://www.transfermarkt.de/spielbericht/index/spielbericht/2704690
2016/17,24.02.2017,SV Sandhausen,Eintracht Braunschweig,4721,Stadion am Hardtwald,https://www.transfermarkt.de/spielbericht/index/spielbericht/2704691
2016/17,24.02.2017,Würzburger Kickers,SpVgg Greuther Fürth,10251,AKON ARENA,https://www.transfermarkt.de/spielbericht/index/spielbericht/2704694
2016/17,25.02.2017,Hannover 96,Arminia Bielefeld,36700,Heinz-von-Heiden-Arena,https://www.transfermarkt.de/spielbericht/index/spielbericht/2704687
2016/17,25.02.2017,Fortuna Düsseldorf,1.FC Heidenheim 1846,20178,MERKUR SPIEL-ARENA,https://www.transfermarkt.de/spielbericht/index/spielbericht/2704692
2016/17,26.02.2017,VfB Stuttgart,1.FC Kaiserslautern,52100,MHPArena Stuttgart,https://www.transfermarkt.de/spielbericht/index/spielbericht/2704686
2016/17,26.02.2017,1.FC Nürnberg,VfL Bochum,25700,Max-Morlock-Stadion,https://www.transfermarkt.de/spielbericht/index/spielbericht/2704688
2016/17,26.02.2017,FC Erzgebirge Aue,SG Dynamo Dresden,10000,eins Erzgebirgsstadion,https://www.transfermarkt.de/spielbericht/index/spielbericht/2704693
2016/17,27.02.2017,FC St. Pauli,Karlsruher SC,29073,Millerntor-Stadion,https://www.transfermarkt.de/spielbericht/index/spielbericht/2704689
2016/17,03.03.2017,VfL Bochum,Fortuna Düsseldorf,24556,Vonovia Ruhrstadion,https://www.transfermarkt.de/spielbericht/index/spielbericht/2704713
2016/17,03.03.2017,1.FC Union Berlin,Würzburger Kickers,19875,Stadion An der Alten Försterei,https://www.transfermarkt.de/spielbericht/index/spielbericht/2704714
2016/17,03.03.2017,SG Dynamo Dresden,1.FC Kaiserslautern,28907,Rudolf-Harbig-Stadion,https://www.transfermarkt.de/spielbericht/index/spielbericht/2704721
2016/17,04.03.2017,Karlsruher SC,Hannover 96,15415,BBBank Wildpark,https://www.transfermarkt.de/spielbericht/index/spielbericht/2704715
2016/17,04.03.2017,TSV 1860 München,FC St. Pauli,30300,Allianz Arena,https://www.transfermarkt.de/spielbericht/index/spielbericht/2704720
2016/17,05.03.2017,SpVgg Greuther Fürth,1.FC Nürnberg,13015,Sportpark Ronhof | Thomas Sommer,https://www.transfermarkt.de/spielbericht/index/spielbericht/2704717
2016/17,05.03.2017,1.FC Heidenheim 1846,SV Sandhausen,11500,Voith-Arena,https://www.transfermarkt.de/spielbericht/index/spielbericht/2704718
2016/17,05.03.2017,Arminia Bielefeld,FC Erzgebirge Aue,16368,SchücoArena,https://www.transfermarkt.de/spielbericht/index/spielbericht/2704719
2016/17,06.03.2017,Eintracht Braunschweig,VfB Stuttgart,23000,EINTRACHT-Stadion,https://www.transfermarkt.de/spielbericht/index/spielbericht/2704716
2016/17,10.03.2017,VfB Stuttgart,VfL Bochum,45300,MHPArena Stuttgart,https://www.transfermarkt.de/spielbericht/index/spielbericht/2704722
2016/17,10.03.2017,FC St. Pauli,1.FC Union Berlin,29546,Millerntor-Stadion,https://www.transfermarkt.de/spielbericht/index/spielbericht/2704725
2016/17,10.03.2017,FC Erzgebirge Aue,Karlsruher SC,7650,eins Erzgebirgsstadion,https://www.transfermarkt.de/spielbericht/index/spielbericht/2704729
2016/17,11.03.2017,Würzburger Kickers,SG Dynamo Dresden,12450,AKON ARENA,https://www.transfermarkt.de/spielbericht/index/spielbericht/2704730
2016/17,11.03.2017,Hannover 96,TSV 1860 München,34600,Heinz-von-Heiden-Arena,https://www.transfermarkt.de/spielbericht/index/spielbericht/2704723
2016/17,12.03.2017,1.FC Nürnberg,Arminia Bielefeld,24324,Max-Morlock-Stadion,https://www.transfermarkt.de/spielbericht/index/spielbericht/2704724
2016/17,12.03.2017,1.FC Kaiserslautern,1.FC Heidenheim 1846,24022,Fritz-Walter-Stadion,https://www.transfermarkt.de/spielbericht/index/spielbericht/2704726
2016/17,12.03.2017,SV Sandhausen,SpVgg Greuther Fürth,4813,Stadion am Hardtwald,https://www.transfermarkt.de/spielbericht/index/spielbericht/2704727
2016/17,13.03.2017,Fortuna Düsseldorf,Eintracht Braunschweig,20168,MERKUR SPIEL-ARENA,https://www.transfermarkt.de/spielbericht/index/spielbericht/2704728
2016/17,17.03.2017,Eintracht Braunschweig,1.FC Heidenheim 1846,20000,EINTRACHT-Stadion,https://www.transfermarkt.de/spielbericht/index/spielbericht/2704735
2016/17,17.03.2017,Arminia Bielefeld,1.FC Kaiserslautern,16618,SchücoArena,https://www.transfermarkt.de/spielbericht/index/spielbericht/2704737
2016/17,17.03.2017,TSV 1860 München,Würzburger Kickers,22600,Allianz Arena,https://www.transfermarkt.de/spielbericht/index/spielbericht/2704738
2016/17,18.03.2017,FC St. Pauli,Hannover 96,29546,Millerntor-Stadion,https://www.transfermarkt.de/spielbericht/index/spielbericht/2704731
2016/17,18.03.2017,SpVgg Greuther Fürth,VfB Stuttgart,12660,Sportpark Ronhof | Thomas Sommer,https://www.transfermarkt.de/spielbericht/index/spielbericht/2704736
2016/17,19.03.2017,VfL Bochum,FC Erzgebirge Aue,13875,Vonovia Ruhrstadion,https://www.transfermarkt.de/spielbericht/index/spielbericht/2704732
2016/17,19.03.2017,Karlsruher SC,Fortuna Düsseldorf,14473,BBBank Wildpark,https://www.transfermarkt.de/spielbericht/index/spielbericht/2704734
2016/17,19.03.2017,SG Dynamo Dresden,SV Sandhausen,27926,Rudolf-Harbig-Stadion,https://www.transfermarkt.de/spielbericht/index/spielbericht/2704739
2016/17,20.03.2017,1.FC Union Berlin,1.FC Nürnberg,21210,Stadion An der Alten Försterei,https://www.transfermarkt.de/spielbericht/index/spielbericht/2704733
2016/17,31.03.2017,1.FC Nürnberg,Karlsruher SC,25113,Max-Morlock-Stadion,https://www.transfermarkt.de/spielbericht/index/spielbericht/2704742
2016/17,31.03.2017,Fortuna Düsseldorf,TSV 1860 München,23778,MERKUR SPIEL-ARENA,https://www.transfermarkt.de/spielbericht/index/spielbericht/2704746
2016/17,31.03.2017,FC Erzgebirge Aue,FC St. Pauli,10000,eins Erzgebirgsstadion,https://www.transfermarkt.de/spielbericht/index/spielbericht/2704747
2016/17,01.04.2017,Hannover 96,1.FC Union Berlin,49000,Heinz-von-Heiden-Arena,https://www.transfermarkt.de/spielbericht/index/spielbericht/2704741
2016/17,01.04.2017,SV Sandhausen,VfL Bochum,5465,Stadion am Hardtwald,https://www.transfermarkt.de/spielbericht/index/spielbericht/2704745
2016/17,01.04.2017,Würzburger Kickers,Arminia Bielefeld,10428,AKON ARENA,https://www.transfermarkt.de/spielbericht/index/spielbericht/2704748
2016/17,02.04.2017,VfB Stuttgart,SG Dynamo Dresden,58000,MHPArena Stuttgart,https://www.transfermarkt.de/spielbericht/index/spielbericht/2704740
2016/17,02.04.2017,1.FC Kaiserslautern,Eintracht Braunschweig,23756,Fritz-Walter-Stadion,https://www.transfermarkt.de/spielbericht/index/spielbericht/2704743
2016/17,02.04.2017,1.FC Heidenheim 1846,SpVgg Greuther Fürth,12000,Voith-Arena,https://www.transfermarkt.de/spielbericht/index/spielbericht/2704744
2016/17,04.04.2017,Hannover 96,1.FC Nürnberg,35000,Heinz-von-Heiden-Arena,https://www.transfermarkt.de/spielbericht/index/spielbericht/2704749
2016/17,04.04.2017,FC St. Pauli,SV Sandhausen,29085,Millerntor-Stadion,https://www.transfermarkt.de/spielbericht/index/spielbericht/2704750
2016/17,04.04.2017,Karlsruher SC,Würzburger Kickers,12710,BBBank Wildpark,https://www.transfermarkt.de/spielbericht/index/spielbericht/2704753
2016/17,04.04.2017,Arminia Bielefeld,Fortuna Düsseldorf,15645,SchücoArena,https://www.transfermarkt.de/spielbericht/index/spielbericht/2704755
2016/17,05.04.2017,VfL Bochum,1.FC Kaiserslautern,12932,Vonovia Ruhrstadion,https://www.transfermarkt.de/spielbericht/index/spielbericht/2704751
2016/17,05.04.2017,1.FC Union Berlin,FC Erzgebirge Aue,20877,Stadion An der Alten Försterei,https://www.transfermarkt.de/spielbericht/index/spielbericht/2704752
2016/17,05.04.2017,SpVgg Greuther Fürth,Eintracht Braunschweig,8035,Sportpark Ronhof | Thomas Sommer,https://www.transfermarkt.de/spielbericht/index/spielbericht/2704754
2016/17,05.04.2017,TSV 1860 München,VfB Stuttgart,47100,Allianz Arena,https://www.transfermarkt.de/spielbericht/index/spielbericht/2704756
2016/17,05.04.2017,SG Dynamo Dresden,1.FC Heidenheim 1846,19687,Rudolf-Harbig-Stadion,https://www.transfermarkt.de/spielbericht/index/spielbericht/2704757
2016/17,07.04.2017,SV Sandhausen,Arminia Bielefeld,5099,Stadion am Hardtwald,https://www.transfermarkt.de/spielbericht/index/spielbericht/2704772
2016/17,07.04.2017,Würzburger Kickers,Hannover 96,12450,AKON ARENA,https://www.transfermarkt.de/spielbericht/index/spielbericht/2704775
2016/17,07.04.2017,1.FC Nürnberg,FC St. Pauli,28889,Max-Morlock-Stadion,https://www.transfermarkt.de/spielbericht/index/spielbericht/2704768
2016/17,08.04.2017,1.FC Kaiserslautern,SpVgg Greuther Fürth,21812,Fritz-Walter-Stadion,https://www.transfermarkt.de/spielbericht/index/spielbericht/2704770
2016/17,08.04.2017,1.FC Heidenheim 1846,VfL Bochum,11100,Voith-Arena,https://www.transfermarkt.de/spielbericht/index/spielbericht/2704771
2016/17,09.04.2017,VfB Stuttgart,Karlsruher SC,58000,MHPArena Stuttgart,https://www.transfermarkt.de/spielbericht/index/spielbericht/2704767
2016/17,09.04.2017,Fortuna Düsseldorf,1.FC Union Berlin,24721,MERKUR SPIEL-ARENA,https://www.transfermarkt.de/spielbericht/index/spielbericht/2704773
2016/17,09.04.2017,FC Erzgebirge Aue,TSV 1860 München,10000,eins Erzgebirgsstadion,https://www.transfermarkt.de/spielbericht/index/spielbericht/2704774
2016/17,10.04.2017,Eintracht Braunschweig,SG Dynamo Dresden,22880,EINTRACHT-Stadion,https://www.transfermarkt.de/spielbericht/index/spielbericht/2704769
2016/17,15.04.2017,Hannover 96,Eintracht Braunschweig,42700,Heinz-von-Heiden-Arena,https://www.transfermarkt.de/spielbericht/index/spielbericht/2704776
2016/17,15.04.2017,1.FC Nürnberg,FC Erzgebirge Aue,24707,Max-Morlock-Stadion,https://www.transfermarkt.de/spielbericht/index/spielbericht/2704777
2016/17,16.04.2017,FC St. Pauli,Würzburger Kickers,29546,Millerntor-Stadion,https://www.transfermarkt.de/spielbericht/index/spielbericht/2704778
2016/17,16.04.2017,VfL Bochum,SpVgg Greuther Fürth,11465,Vonovia Ruhrstadion,https://www.transfermarkt.de/spielbericht/index/spielbericht/2704779
2016/17,16.04.2017,1.FC Union Berlin,1.FC Kaiserslautern,21379,Stadion An der Alten Försterei,https://www.transfermarkt.de/spielbericht/index/spielbericht/2704780
2016/17,16.04.2017,Karlsruher SC,1.FC Heidenheim 1846,11203,BBBank Wildpark,https://www.transfermarkt.de/spielbericht/index/spielbericht/2704781
2016/17,16.04.2017,TSV 1860 München,SV Sandhausen,17600,Allianz Arena,https://www.transfermarkt.de/spielbericht/index/spielbericht/2704783
2016/17,16.04.2017,SG Dynamo Dresden,Fortuna Düsseldorf,29297,Rudolf-Harbig-Stadion,https://www.transfermarkt.de/spielbericht/index/spielbericht/2704784
2016/17,17.04.2017,Arminia Bielefeld,VfB Stuttgart,22034,SchücoArena,https://www.transfermarkt.de/spielbericht/index/spielbericht/2704782
2016/17,21.04.2017,SpVgg Greuther Fürth,SG Dynamo Dresden,10775,Sportpark Ronhof | Thomas Sommer,https://www.transfermarkt.de/spielbericht/index/spielbericht/2704796
2016/17,21.04.2017,1.FC Kaiserslautern,TSV 1860 München,27906,Fritz-Walter-Stadion,https://www.transfermarkt.de/spielbericht/index/spielbericht/2704797
2016/17,21.04.2017,Fortuna Düsseldorf,FC St. Pauli,28429,MERKUR SPIEL-ARENA,https://www.transfermarkt.de/spielbericht/index/spielbericht/2704800
2016/17,22.04.2017,1.FC Heidenheim 1846,Arminia Bielefeld,11000,Voith-Arena,https://www.transfermarkt.de/spielbericht/index/spielbericht/2704798
2016/17,22.04.2017,FC Erzgebirge Aue,Hannover 96,9700,eins Erzgebirgsstadion,https://www.transfermarkt.de/spielbericht/index/spielbericht/2704801
2016/17,23.04.2017,Eintracht Braunschweig,VfL Bochum,21650,EINTRACHT-Stadion,https://www.transfermarkt.de/spielbericht/index/spielbericht/2704795
2016/17,23.04.2017,SV Sandhausen,Karlsruher SC,7991,Stadion am Hardtwald,https://www.transfermarkt.de/spielbericht/index/spielbericht/2704799
2016/17,23.04.2017,Würzburger Kickers,1.FC Nürnberg,12450,AKON ARENA,https://www.transfermarkt.de/spielbericht/index/spielbericht/2704802
2016/17,24.04.2017,VfB Stuttgart,1.FC Union Berlin,60449,MHPArena Stuttgart,https://www.transfermarkt.de/spielbericht/index/spielbericht/2704794
2016/17,28.04.2017,FC St. Pauli,1.FC Heidenheim 1846,29546,Millerntor-Stadion,https://www.transfermarkt.de/spielbericht/index/spielbericht/2704805
2016/17,28.04.2017,VfL Bochum,SG Dynamo Dresden,17264,Vonovia Ruhrstadion,https://www.transfermarkt.de/spielbericht/index/spielbericht/2704806
2016/17,28.04.2017,1.FC Union Berlin,SV Sandhausen,22012,Stadion An der Alten Försterei,https://www.transfermarkt.de/spielbericht/index/spielbericht/2704807
2016/17,29.04.2017,1.FC Nürnberg,VfB Stuttgart,44098,Max-Morlock-Stadion,https://www.transfermarkt.de/spielbericht/index/spielbericht/2704804
2016/17,29.04.2017,Karlsruher SC,1.FC Kaiserslautern,18037,BBBank Wildpark,https://www.transfermarkt.de/spielbericht/index/spielbericht/2704808
2016/17,29.04.2017,Arminia Bielefeld,SpVgg Greuther Fürth,16125,SchücoArena,https://www.transfermarkt.de/spielbericht/index/spielbericht/2704809
2016/17,30.04.2017,Hannover 96,Fortuna Düsseldorf,42800,Heinz-von-Heiden-Arena,https://www.transfermarkt.de/spielbericht/index/spielbericht/2704803
2016/17,30.04.2017,TSV 1860 München,Eintracht Braunschweig,39500,Allianz Arena,https://www.transfermarkt.de/spielbericht/index/spielbericht/2704810
2016/17,30.04.2017,FC Erzgebirge Aue,Würzburger Kickers,9600,eins Erzgebirgsstadion,https://www.transfermarkt.de/spielbericht/index/spielbericht/2704811
2016/17,05.05.2017,1.FC Kaiserslautern,FC St. Pauli,35781,Fritz-Walter-Stadion,https://www.transfermarkt.de/spielbericht/index/spielbericht/2704843
2016/17,05.05.2017,1.FC Heidenheim 1846,Hannover 96,13000,Voith-Arena,https://www.transfermarkt.de/spielbericht/index/spielbericht/2704844
2016/17,05.05.2017,SG Dynamo Dresden,TSV 1860 München,29564,Rudolf-Harbig-Stadion,https://www.transfermarkt.de/spielbericht/index/spielbericht/2704847
2016/17,06.05.2017,SV Sandhausen,1.FC Nürnberg,8408,Stadion am Hardtwald,https://www.transfermarkt.de/spielbericht/index/spielbericht/2704845
2016/17,06.05.2017,Fortuna Düsseldorf,Würzburger Kickers,27192,MERKUR SPIEL-ARENA,https://www.transfermarkt.de/spielbericht/index/spielbericht/2704846
2016/17,07.05.2017,VfB Stuttgart,FC Erzgebirge Aue,59000,MHPArena Stuttgart,https://www.transfermarkt.de/spielbericht/index/spielbericht/2704839
2016/17,07.05.2017,VfL Bochum,Arminia Bielefeld,18469,Vonovia Ruhrstadion,https://www.transfermarkt.de/spielbericht/index/spielbericht/2704840
2016/17,07.05.2017,SpVgg Greuther Fürth,Karlsruher SC,8295,Sportpark Ronhof | Thomas Sommer,https://www.transfermarkt.de/spielbericht/index/spielbericht/2704842
2016/17,08.05.2017,Eintracht Braunschweig,1.FC Union Berlin,23325,EINTRACHT-Stadion,https://www.transfermarkt.de/spielbericht/index/spielbericht/2704841
2016/17,14.05.2017,Hannover 96,VfB Stuttgart,49000,Heinz-von-Heiden-Arena,https://www.transfermarkt.de/spielbericht/index/spielbericht/2704830
2016/17,14.05.2017,1.FC Nürnberg,Fortuna Düsseldorf,30279,Max-Morlock-Stadion,https://www.transfermarkt.de/spielbericht/index/spielbericht/2704831
2016/17,14.05.2017,FC St. Pauli,SpVgg Greuther Fürth,29546,Millerntor-Stadion,https://www.transfermarkt.de/spielbericht/index/spielbericht/2704832
2016/17,14.05.2017,1.FC Union Berlin,1.FC Heidenheim 1846,21552,Stadion An der Alten Försterei,https://www.transfermarkt.de/spielbericht/index/spielbericht/2704833
2016/17,14.05.2017,Karlsruher SC,SG Dynamo Dresden,5972,BBBank Wildpark,https://www.transfermarkt.de/spielbericht/index/spielbericht/2704834
2016/17,14.05.2017,Arminia Bielefeld,Eintracht Braunschweig,24138,SchücoArena,https://www.transfermarkt.de/spielbericht/index/spielbericht/2704835
2016/17,14.05.2017,TSV 1860 München,VfL Bochum,40300,Allianz Arena,https://www.transfermarkt.de/spielbericht/index/spielbericht/2704836
2016/17,14.05.2017,FC Erzgebirge Aue,1.FC Kaiserslautern,10000,eins Erzgebirgsstadion,https://www.transfermarkt.de/spielbericht/index/spielbericht/2704837
2016/17,14.05.2017,Würzburger Kickers,SV Sandhausen,11571,AKON ARENA,https://www.transfermarkt.de/spielbericht/index/spielbericht/2704838
2016/17,21.05.2017,VfB Stuttgart,Würzburger Kickers,60000,MHPArena Stuttgart,https://www.transfermarkt.de/spielbericht/index/spielbericht/2704848
2016/17,21.05.2017,VfL Bochum,FC St. Pauli,27600,Vonovia Ruhrstadion,https://www.transfermarkt.de/spielbericht/index/spielbericht/2704849
2016/17,21.05.2017,Eintracht Braunschweig,Karlsruher SC,22000,EINTRACHT-Stadion,https://www.transfermarkt.de/spielbericht/index/spielbericht/2704850
2016/17,21.05.2017,SpVgg Greuther Fürth,1.FC Union Berlin,13090,Sportpark Ronhof | Thomas Sommer,https://www.transfermarkt.de/spielbericht/index/spielbericht/2704851
2016/17,21.05.2017,1.FC Kaiserslautern,1.FC Nürnberg,38423,Fritz-Walter-Stadion,https://www.transfermarkt.de/spielbericht/index/spielbericht/2704852
2016/17,21.05.2017,1.FC Heidenheim 1846,TSV 1860 München,15000,Voith-Arena,https://www.transfermarkt.de/spielbericht/index/spielbericht/2704853
2016/17,21.05.2017,SV Sandhausen,Hannover 96,12470,Stadion am Hardtwald,https://www.transfermarkt.de/spielbericht/index/spielbericht/2704854
2016/17,21.05.2017,Fortuna Düsseldorf,FC Erzgebirge Aue,37320,MERKUR SPIEL-ARENA,https://www.transfermarkt.de/spielbericht/index/spielbericht/2704855
2016/17,21.05.2017,SG Dynamo Dresden,Arminia Bielefeld,30530,Rudolf-Harbig-Stadion,https://www.transfermarkt.de/spielbericht/index/spielbericht/2704856
2017/18,28.07.2017,VfL Bochum,FC St. Pauli,27350,Vonovia Ruhrstadion,https://www.transfermarkt.de/spielbericht/index/spielbericht/2871525
2017/18,29.07.2017,FC Ingolstadt 04,1.FC Union Berlin,10870,Audi Sportpark,https://www.transfermarkt.de/spielbericht/index/spielbericht/2871526
2017/18,29.07.2017,SV Darmstadt 98,SpVgg Greuther Fürth,16100,Merck-Stadion am Böllenfalltor,https://www.transfermarkt.de/spielbericht/index/spielbericht/2871527
2017/18,29.07.2017,Arminia Bielefeld,SSV Jahn Regensburg,17333,SchücoArena,https://www.transfermarkt.de/spielbericht/index/spielbericht/2871532
2017/18,30.07.2017,1.FC Nürnberg,1.FC Kaiserslautern,30569,Max-Morlock-Stadion,https://www.transfermarkt.de/spielbericht/index/spielbericht/2871531
2017/18,30.07.2017,SG Dynamo Dresden,MSV Duisburg,28520,Rudolf-Harbig-Stadion,https://www.transfermarkt.de/spielbericht/index/spielbericht/2871528
2017/18,30.07.2017,Holstein Kiel,SV Sandhausen,9513,Holstein-Stadion,https://www.transfermarkt.de/spielbericht/index/spielbericht/2871533
2017/18,31.07.2017,Fortuna Düsseldorf,Eintracht Braunschweig,25492,MERKUR SPIEL-ARENA,https://www.transfermarkt.de/spielbericht/index/spielbericht/2871530
2017/18,09.08.2017,1.FC Heidenheim 1846,FC Erzgebirge Aue,10500,Voith-Arena,https://www.transfermarkt.de/spielbericht/index/spielbericht/2871529
2017/18,04.08.2017,1.FC Union Berlin,Holstein Kiel,21242,Stadion An der Alten Försterei,https://www.transfermarkt.de/spielbericht/index/spielbericht/2871535
2017/18,04.08.2017,SV Sandhausen,FC Ingolstadt 04,5321,Stadion am Hardtwald,https://www.transfermarkt.de/spielbericht/index/spielbericht/2871538
2017/18,04.08.2017,1.FC Kaiserslautern,SV Darmstadt 98,30786,Fritz-Walter-Stadion,https://www.transfermarkt.de/spielbericht/index/spielbericht/2871539
2017/18,05.08.2017,MSV Duisburg,VfL Bochum,22893,MSV-Arena,https://www.transfermarkt.de/spielbericht/index/spielbericht/2871541
2017/18,05.08.2017,Eintracht Braunschweig,1.FC Heidenheim 1846,18550,EINTRACHT-Stadion,https://www.transfermarkt.de/spielbericht/index/spielbericht/2871534
2017/18,06.08.2017,SSV Jahn Regensburg,1.FC Nürnberg,15224,Jahnstadion Regensburg,https://www.transfermarkt.de/spielbericht/index/spielbericht/2871542
2017/18,06.08.2017,SpVgg Greuther Fürth,Arminia Bielefeld,9070,Sportpark Ronhof | Thomas Sommer,https://www.transfermarkt.de/spielbericht/index/spielbericht/2871537
2017/18,06.08.2017,FC Erzgebirge Aue,Fortuna Düsseldorf,9150,eins Erzgebirgsstadion,https://www.transfermarkt.de/spielbericht/index/spielbericht/2871540
2017/18,07.08.2017,FC St. Pauli,SG Dynamo Dresden,28699,Millerntor-Stadion,https://www.transfermarkt.de/spielbericht/index/spielbericht/2871536
2017/18,18.08.2017,SV Darmstadt 98,FC St. Pauli,17400,Merck-Stadion am Böllenfalltor,https://www.transfermarkt.de/spielbericht/index/spielbericht/2871555
2017/18,18.08.2017,Eintracht Braunschweig,FC Erzgebirge Aue,20300,EINTRACHT-Stadion,https://www.transfermarkt.de/spielbericht/index/spielbericht/2871556
2017/18,19.08.2017,SG Dynamo Dresden,SV Sandhausen,27253,Rudolf-Harbig-Stadion,https://www.transfermarkt.de/spielbericht/index/spielbericht/2871557
2017/18,19.08.2017,1.FC Heidenheim 1846,MSV Duisburg,10200,Voith-Arena,https://www.transfermarkt.de/spielbericht/index/spielbericht/2871558
2017/18,19.08.2017,Fortuna Düsseldorf,1.FC Kaiserslautern,25277,MERKUR SPIEL-ARENA,https://www.transfermarkt.de/spielbericht/index/spielbericht/2871559
2017/18,20.08.2017,FC Ingolstadt 04,SSV Jahn Regensburg,13060,Audi Sportpark,https://www.transfermarkt.de/spielbericht/index/spielbericht/2871554
2017/18,20.08.2017,1.FC Nürnberg,1.FC Union Berlin,29813,Max-Morlock-Stadion,https://www.transfermarkt.de/spielbericht/index/spielbericht/2871560
2017/18,20.08.2017,Holstein Kiel,SpVgg Greuther Fürth,8535,Holstein-Stadion,https://www.transfermarkt.de/spielbericht/index/spielbericht/2871562
2017/18,21.08.2017,Arminia Bielefeld,VfL Bochum,20663,SchücoArena,https://www.transfermarkt.de/spielbericht/index/spielbericht/2871561
2017/18,25.08.2017,SpVgg Greuther Fürth,FC Ingolstadt 04,8655,Sportpark Ronhof | Thomas Sommer,https://www.transfermarkt.de/spielbericht/index/spielbericht/2871570
2017/18,25.08.2017,MSV Duisburg,SV Darmstadt 98,16297,MSV-Arena,https://www.transfermarkt.de/spielbericht/index/spielbericht/2871580
2017/18,26.08.2017,FC St. Pauli,1.FC Heidenheim 1846,29546,Millerntor-Stadion,https://www.transfermarkt.de/spielbericht/index/spielbericht/2871568
2017/18,26.08.2017,FC Erzgebirge Aue,1.FC Nürnberg,9000,eins Erzgebirgsstadion,https://www.transfermarkt.de/spielbericht/index/spielbericht/2871578
2017/18,26.08.2017,SSV Jahn Regensburg,Holstein Kiel,8600,Jahnstadion Regensburg,https://www.transfermarkt.de/spielbericht/index/spielbericht/2871581
2017/18,27.08.2017,1.FC Union Berlin,Arminia Bielefeld,21034,Stadion An der Alten Försterei,https://www.transfermarkt.de/spielbericht/index/spielbericht/2871566
2017/18,27.08.2017,VfL Bochum,SG Dynamo Dresden,14808,Vonovia Ruhrstadion,https://www.transfermarkt.de/spielbericht/index/spielbericht/2871572
2017/18,27.08.2017,SV Sandhausen,Fortuna Düsseldorf,6769,Stadion am Hardtwald,https://www.transfermarkt.de/spielbericht/index/spielbericht/2871574
2017/18,28.08.2017,1.FC Kaiserslautern,Eintracht Braunschweig,20100,Fritz-Walter-Stadion,https://www.transfermarkt.de/spielbericht/index/spielbericht/2871576
2017/18,08.09.2017,SG Dynamo Dresden,SpVgg Greuther Fürth,28016,Rudolf-Harbig-Stadion,https://www.transfermarkt.de/spielbericht/index/spielbericht/2871585
2017/18,08.09.2017,1.FC Heidenheim 1846,SSV Jahn Regensburg,10500,Voith-Arena,https://www.transfermarkt.de/spielbericht/index/spielbericht/2871586
2017/18,09.09.2017,FC Ingolstadt 04,FC Erzgebirge Aue,10176,Audi Sportpark,https://www.transfermarkt.de/spielbericht/index/spielbericht/2871582
2017/18,09.09.2017,Arminia Bielefeld,MSV Duisburg,18537,SchücoArena,https://www.transfermarkt.de/spielbericht/index/spielbericht/2871589
2017/18,09.09.2017,Holstein Kiel,1.FC Kaiserslautern,10318,Holstein-Stadion,https://www.transfermarkt.de/spielbericht/index/spielbericht/2871590
2017/18,10.09.2017,SV Darmstadt 98,VfL Bochum,16000,Merck-Stadion am Böllenfalltor,https://www.transfermarkt.de/spielbericht/index/spielbericht/2871583
2017/18,10.09.2017,Eintracht Braunschweig,SV Sandhausen,19885,EINTRACHT-Stadion,https://www.transfermarkt.de/spielbericht/index/spielbericht/2871584
2017/18,10.09.2017,Fortuna Düsseldorf,1.FC Union Berlin,26341,MERKUR SPIEL-ARENA,https://www.transfermarkt.de/spielbericht/index/spielbericht/2871587
2017/18,11.09.2017,1.FC Nürnberg,FC St. Pauli,27375,Max-Morlock-Stadion,https://www.transfermarkt.de/spielbericht/index/spielbericht/2871588
2017/18,15.09.2017,FC Erzgebirge Aue,Holstein Kiel,9000,eins Erzgebirgsstadion,https://www.transfermarkt.de/spielbericht/index/spielbericht/2871606
2017/18,15.09.2017,1.FC Union Berlin,Eintracht Braunschweig,21114,Stadion An der Alten Försterei,https://www.transfermarkt.de/spielbericht/index/spielbericht/2871601
2017/18,16.09.2017,FC St. Pauli,FC Ingolstadt 04,29546,Millerntor-Stadion,https://www.transfermarkt.de/spielbericht/index/spielbericht/2871602
2017/18,16.09.2017,SV Sandhausen,1.FC Kaiserslautern,8103,Stadion am Hardtwald,https://www.transfermarkt.de/spielbericht/index/spielbericht/2871605
2017/18,16.09.2017,MSV Duisburg,1.FC Nürnberg,17788,MSV-Arena,https://www.transfermarkt.de/spielbericht/index/spielbericht/2871607
2017/18,17.09.2017,SV Darmstadt 98,Arminia Bielefeld,15700,Merck-Stadion am Böllenfalltor,https://www.transfermarkt.de/spielbericht/index/spielbericht/2871600
2017/18,17.09.2017,SpVgg Greuther Fürth,Fortuna Düsseldorf,8535,Sportpark Ronhof | Thomas Sommer,https://www.transfermarkt.de/spielbericht/index/spielbericht/2871603
2017/18,17.09.2017,VfL Bochum,1.FC Heidenheim 1846,13236,Vonovia Ruhrstadion,https://www.transfermarkt.de/spielbericht/index/spielbericht/2871604
2017/18,17.09.2017,SSV Jahn Regensburg,SG Dynamo Dresden,14831,Jahnstadion Regensburg,https://www.transfermarkt.de/spielbericht/index/spielbericht/2871608
2017/18,19.09.2017,FC Ingolstadt 04,MSV Duisburg,8199,Audi Sportpark,https://www.transfermarkt.de/spielbericht/index/spielbericht/2871609
2017/18,19.09.2017,SV Sandhausen,1.FC Union Berlin,4893,Stadion am Hardtwald,https://www.transfermarkt.de/spielbericht/index/spielbericht/2871613
2017/18,19.09.2017,1.FC Kaiserslautern,FC Erzgebirge Aue,16613,Fritz-Walter-Stadion,https://www.transfermarkt.de/spielbericht/index/spielbericht/2871616
2017/18,19.09.2017,Holstein Kiel,FC St. Pauli,11935,Holstein-Stadion,https://www.transfermarkt.de/spielbericht/index/spielbericht/2871617
2017/18,20.09.2017,Eintracht Braunschweig,SpVgg Greuther Fürth,18785,EINTRACHT-Stadion,https://www.transfermarkt.de/spielbericht/index/spielbericht/2871610
2017/18,20.09.2017,SG Dynamo Dresden,Arminia Bielefeld,26864,Rudolf-Harbig-Stadion,https://www.transfermarkt.de/spielbericht/index/spielbericht/2871611
2017/18,20.09.2017,1.FC Heidenheim 1846,SV Darmstadt 98,10500,Voith-Arena,https://www.transfermarkt.de/spielbericht/index/spielbericht/2871612
2017/18,20.09.2017,Fortuna Düsseldorf,SSV Jahn Regensburg,19380,MERKUR SPIEL-ARENA,https://www.transfermarkt.de/spielbericht/index/spielbericht/2871614
2017/18,21.09.2017,1.FC Nürnberg,VfL Bochum,21872,Max-Morlock-Stadion,https://www.transfermarkt.de/spielbericht/index/spielbericht/2871615
2017/18,22.09.2017,FC Erzgebirge Aue,SV Sandhausen,6800,eins Erzgebirgsstadion,https://www.transfermarkt.de/spielbericht/index/spielbericht/2871623
2017/18,22.09.2017,MSV Duisburg,Holstein Kiel,13578,MSV-Arena,https://www.transfermarkt.de/spielbericht/index/spielbericht/2871625
2017/18,23.09.2017,FC St. Pauli,Fortuna Düsseldorf,29546,Millerntor-Stadion,https://www.transfermarkt.de/spielbericht/index/spielbericht/2871620
2017/18,23.09.2017,Arminia Bielefeld,1.FC Heidenheim 1846,15184,SchücoArena,https://www.transfermarkt.de/spielbericht/index/spielbericht/2871624
2017/18,23.09.2017,SSV Jahn Regensburg,Eintracht Braunschweig,8432,Jahnstadion Regensburg,https://www.transfermarkt.de/spielbericht/index/spielbericht/2871626
2017/18,24.09.2017,SV Darmstadt 98,SG Dynamo Dresden,17000,Merck-Stadion am Böllenfalltor,https://www.transfermarkt.de/spielbericht/index/spielbericht/2871618
2017/18,24.09.2017,SpVgg Greuther Fürth,1.FC Nürnberg,13550,Sportpark Ronhof | Thomas Sommer,https://www.transfermarkt.de/spielbericht/index/spielbericht/2871621
2017/18,24.09.2017,VfL Bochum,FC Ingolstadt 04,11251,Vonovia Ruhrstadion,https://www.transfermarkt.de/spielbericht/index/spielbericht/2871622
2017/18,25.09.2017,1.FC Union Berlin,1.FC Kaiserslautern,20592,Stadion An der Alten Försterei,https://www.transfermarkt.de/spielbericht/index/spielbericht/2871619
2017/18,29.09.2017,FC Ingolstadt 04,SV Darmstadt 98,8746,Audi Sportpark,https://www.transfermarkt.de/spielbericht/index/spielbericht/2871627
2017/18,29.09.2017,1.FC Kaiserslautern,SpVgg Greuther Fürth,19179,Fritz-Walter-Stadion,https://www.transfermarkt.de/spielbericht/index/spielbericht/2871633
2017/18,30.09.2017,1.FC Nürnberg,Arminia Bielefeld,26186,Max-Morlock-Stadion,https://www.transfermarkt.de/spielbericht/index/spielbericht/2871632
2017/18,30.09.2017,FC Erzgebirge Aue,1.FC Union Berlin,9450,eins Erzgebirgsstadion,https://www.transfermarkt.de/spielbericht/index/spielbericht/2871634
2017/18,30.09.2017,Holstein Kiel,VfL Bochum,10201,Holstein-Stadion,https://www.transfermarkt.de/spielbericht/index/spielbericht/2871635
2017/18,01.10.2017,Eintracht Braunschweig,FC St. Pauli,22695,EINTRACHT-Stadion,https://www.transfermarkt.de/spielbericht/index/spielbericht/2871628
2017/18,01.10.2017,1.FC Heidenheim 1846,SG Dynamo Dresden,12100,Voith-Arena,https://www.transfermarkt.de/spielbericht/index/spielbericht/2871629
2017/18,01.10.2017,SV Sandhausen,SSV Jahn Regensburg,5502,Stadion am Hardtwald,https://www.transfermarkt.de/spielbericht/index/spielbericht/2871630
2017/18,02.10.2017,Fortuna Düsseldorf,MSV Duisburg,41764,MERKUR SPIEL-ARENA,https://www.transfermarkt.de/spielbericht/index/spielbericht/2871631
2017/18,13.10.2017,FC St. Pauli,1.FC Kaiserslautern,29546,Millerntor-Stadion,https://www.transfermarkt.de/spielbericht/index/spielbericht/2871640
2017/18,13.10.2017,MSV Duisburg,Eintracht Braunschweig,13855,MSV-Arena,https://www.transfermarkt.de/spielbericht/index/spielbericht/2871644
2017/18,14.10.2017,SG Dynamo Dresden,FC Ingolstadt 04,28484,Rudolf-Harbig-Stadion,https://www.transfermarkt.de/spielbericht/index/spielbericht/2871638
2017/18,14.10.2017,VfL Bochum,SV Sandhausen,13548,Vonovia Ruhrstadion,https://www.transfermarkt.de/spielbericht/index/spielbericht/2871642
2017/18,14.10.2017,Arminia Bielefeld,Fortuna Düsseldorf,21554,SchücoArena,https://www.transfermarkt.de/spielbericht/index/spielbericht/2871643
2017/18,15.10.2017,1.FC Heidenheim 1846,Holstein Kiel,10300,Voith-Arena,https://www.transfermarkt.de/spielbericht/index/spielbericht/2871639
2017/18,15.10.2017,SpVgg Greuther Fürth,FC Erzgebirge Aue,9510,Sportpark Ronhof | Thomas Sommer,https://www.transfermarkt.de/spielbericht/index/spielbericht/2871641
2017/18,15.10.2017,SSV Jahn Regensburg,1.FC Union Berlin,9791,Jahnstadion Regensburg,https://www.transfermarkt.de/spielbericht/index/spielbericht/2871645
2017/18,16.10.2017,SV Darmstadt 98,1.FC Nürnberg,17100,Merck-Stadion am Böllenfalltor,https://www.transfermarkt.de/spielbericht/index/spielbericht/2871637
2017/18,20.10.2017,FC Ingolstadt 04,1.FC Heidenheim 1846,9242,Audi Sportpark,https://www.transfermarkt.de/spielbericht/index/spielbericht/2871664
2017/18,20.10.2017,Fortuna Düsseldorf,SV Darmstadt 98,27674,MERKUR SPIEL-ARENA,https://www.transfermarkt.de/spielbericht/index/spielbericht/2871668
2017/18,21.10.2017,Eintracht Braunschweig,VfL Bochum,19790,EINTRACHT-Stadion,https://www.transfermarkt.de/spielbericht/index/spielbericht/2871665
2017/18,21.10.2017,1.FC Union Berlin,SpVgg Greuther Fürth,21344,Stadion An der Alten Försterei,https://www.transfermarkt.de/spielbericht/index/spielbericht/2871666
2017/18,21.10.2017,Holstein Kiel,Arminia Bielefeld,11224,Holstein-Stadion,https://www.transfermarkt.de/spielbericht/index/spielbericht/2871672
2017/18,22.10.2017,1.FC Nürnberg,SG Dynamo Dresden,33601,Max-Morlock-Stadion,https://www.transfermarkt.de/spielbericht/index/spielbericht/2871669
2017/18,22.10.2017,1.FC Kaiserslautern,MSV Duisburg,22833,Fritz-Walter-Stadion,https://www.transfermarkt.de/spielbericht/index/spielbericht/2871670
2017/18,22.10.2017,FC Erzgebirge Aue,SSV Jahn Regensburg,7550,eins Erzgebirgsstadion,https://www.transfermarkt.de/spielbericht/index/spielbericht/2871671
2017/18,23.10.2017,SV Sandhausen,FC St. Pauli,8514,Stadion am Hardtwald,https://www.transfermarkt.de/spielbericht/index/spielbericht/2871667
2017/18,27.10.2017,FC St. Pauli,FC Erzgebirge Aue,28742,Millerntor-Stadion,https://www.transfermarkt.de/spielbericht/index/spielbericht/2871685
2017/18,27.10.2017,Arminia Bielefeld,FC Ingolstadt 04,15005,SchücoArena,https://www.transfermarkt.de/spielbericht/index/spielbericht/2871688
2017/18,28.10.2017,SV Darmstadt 98,Holstein Kiel,15500,Merck-Stadion am Böllenfalltor,https://www.transfermarkt.de/spielbericht/index/spielbericht/2871682
2017/18,28.10.2017,SpVgg Greuther Fürth,SV Sandhausen,6870,Sportpark Ronhof | Thomas Sommer,https://www.transfermarkt.de/spielbericht/index/spielbericht/2871686
2017/18,28.10.2017,SSV Jahn Regensburg,1.FC Kaiserslautern,10081,Jahnstadion Regensburg,https://www.transfermarkt.de/spielbericht/index/spielbericht/2871690
2017/18,29.10.2017,SG Dynamo Dresden,Eintracht Braunschweig,29312,Rudolf-Harbig-Stadion,https://www.transfermarkt.de/spielbericht/index/spielbericht/2871683
2017/18,29.10.2017,1.FC Heidenheim 1846,1.FC Nürnberg,12600,Voith-Arena,https://www.transfermarkt.de/spielbericht/index/spielbericht/2871684
2017/18,29.10.2017,MSV Duisburg,1.FC Union Berlin,15492,MSV-Arena,https://www.transfermarkt.de/spielbericht/index/spielbericht/2871689
2017/18,30.10.2017,VfL Bochum,Fortuna Düsseldorf,27599,Vonovia Ruhrstadion,https://www.transfermarkt.de/spielbericht/index/spielbericht/2871687
2017/18,03.11.2017,SV Sandhausen,MSV Duisburg,5652,Stadion am Hardtwald,https://www.transfermarkt.de/spielbericht/index/spielbericht/2871702
2017/18,03.11.2017,1.FC Kaiserslautern,VfL Bochum,19086,Fritz-Walter-Stadion,https://www.transfermarkt.de/spielbericht/index/spielbericht/2871705
2017/18,04.11.2017,Eintracht Braunschweig,SV Darmstadt 98,20190,EINTRACHT-Stadion,https://www.transfermarkt.de/spielbericht/index/spielbericht/2871700
2017/18,04.11.2017,1.FC Union Berlin,FC St. Pauli,22012,Stadion An der Alten Försterei,https://www.transfermarkt.de/spielbericht/index/spielbericht/2871701
2017/18,04.11.2017,SSV Jahn Regensburg,SpVgg Greuther Fürth,11110,Jahnstadion Regensburg,https://www.transfermarkt.de/spielbericht/index/spielbericht/2871708
2017/18,05.11.2017,Fortuna Düsseldorf,1.FC Heidenheim 1846,23956,MERKUR SPIEL-ARENA,https://www.transfermarkt.de/spielbericht/index/spielbericht/2871703
2017/18,05.11.2017,FC Erzgebirge Aue,Arminia Bielefeld,7500,eins Erzgebirgsstadion,https://www.transfermarkt.de/spielbericht/index/spielbericht/2871706
2017/18,05.11.2017,Holstein Kiel,SG Dynamo Dresden,10487,Holstein-Stadion,https://www.transfermarkt.de/spielbericht/index/spielbericht/2871707
2017/18,06.11.2017,1.FC Nürnberg,FC Ingolstadt 04,24191,Max-Morlock-Stadion,https://www.transfermarkt.de/spielbericht/index/spielbericht/2871704
2017/18,17.11.2017,SV Darmstadt 98,SV Sandhausen,14650,Merck-Stadion am Böllenfalltor,https://www.transfermarkt.de/spielbericht/index/spielbericht/2871710
2017/18,17.11.2017,Arminia Bielefeld,Eintracht Braunschweig,16367,SchücoArena,https://www.transfermarkt.de/spielbericht/index/spielbericht/2871715
2017/18,18.11.2017,1.FC Heidenheim 1846,1.FC Union Berlin,12000,Voith-Arena,https://www.transfermarkt.de/spielbericht/index/spielbericht/2871712
2017/18,18.11.2017,1.FC Nürnberg,Holstein Kiel,27274,Max-Morlock-Stadion,https://www.transfermarkt.de/spielbericht/index/spielbericht/2871714
2017/18,18.11.2017,VfL Bochum,SpVgg Greuther Fürth,11228,Vonovia Ruhrstadion,https://www.transfermarkt.de/spielbericht/index/spielbericht/2871716
2017/18,19.11.2017,FC Ingolstadt 04,Fortuna Düsseldorf,11648,Audi Sportpark,https://www.transfermarkt.de/spielbericht/index/spielbericht/2871709
2017/18,19.11.2017,FC St. Pauli,SSV Jahn Regensburg,29546,Millerntor-Stadion,https://www.transfermarkt.de/spielbericht/index/spielbericht/2871713
2017/18,19.11.2017,MSV Duisburg,FC Erzgebirge Aue,13309,MSV-Arena,https://www.transfermarkt.de/spielbericht/index/spielbericht/2871717
2017/18,20.11.2017,SG Dynamo Dresden,1.FC Kaiserslautern,27224,Rudolf-Harbig-Stadion,https://www.transfermarkt.de/spielbericht/index/spielbericht/2871711
2017/18,24.11.2017,1.FC Union Berlin,SV Darmstadt 98,21108,Stadion An der Alten Försterei,https://www.transfermarkt.de/spielbericht/index/spielbericht/2871737
2017/18,24.11.2017,SV Sandhausen,1.FC Heidenheim 1846,5243,Stadion am Hardtwald,https://www.transfermarkt.de/spielbericht/index/spielbericht/2871739
2017/18,25.11.2017,Eintracht Braunschweig,1.FC Nürnberg,21605,EINTRACHT-Stadion,https://www.transfermarkt.de/spielbericht/index/spielbericht/2871736
2017/18,25.11.2017,Holstein Kiel,FC Ingolstadt 04,9701,Holstein-Stadion,https://www.transfermarkt.de/spielbericht/index/spielbericht/2871743
2017/18,25.11.2017,SSV Jahn Regensburg,MSV Duisburg,9889,Jahnstadion Regensburg,https://www.transfermarkt.de/spielbericht/index/spielbericht/2871744
2017/18,26.11.2017,SpVgg Greuther Fürth,FC St. Pauli,10810,Sportpark Ronhof | Thomas Sommer,https://www.transfermarkt.de/spielbericht/index/spielbericht/2871738
2017/18,26.11.2017,1.FC Kaiserslautern,Arminia Bielefeld,20464,Fritz-Walter-Stadion,https://www.transfermarkt.de/spielbericht/index/spielbericht/2871741
2017/18,26.11.2017,FC Erzgebirge Aue,VfL Bochum,7200,eins Erzgebirgsstadion,https://www.transfermarkt.de/spielbericht/index/spielbericht/2871742
2017/18,27.11.2017,Fortuna Düsseldorf,SG Dynamo Dresden,22602,MERKUR SPIEL-ARENA,https://www.transfermarkt.de/spielbericht/index/spielbericht/2871740
2017/18,01.12.2017,1.FC Heidenheim 1846,1.FC Kaiserslautern,11700,Voith-Arena,https://www.transfermarkt.de/spielbericht/index/spielbericht/2871748
2017/18,01.12.2017,Arminia Bielefeld,FC St. Pauli,22826,SchücoArena,https://www.transfermarkt.de/spielbericht/index/spielbericht/2871751
2017/18,02.12.2017,1.FC Nürnberg,SV Sandhausen,23586,Max-Morlock-Stadion,https://www.transfermarkt.de/spielbericht/index/spielbericht/2871750
2017/18,02.12.2017,MSV Duisburg,SpVgg Greuther Fürth,12017,MSV-Arena,https://www.transfermarkt.de/spielbericht/index/spielbericht/2871752
2017/18,02.12.2017,Holstein Kiel,Fortuna Düsseldorf,11748,Holstein-Stadion,https://www.transfermarkt.de/spielbericht/index/spielbericht/2871753
2017/18,03.12.2017,SV Darmstadt 98,SSV Jahn Regensburg,14650,Merck-Stadion am Böllenfalltor,https://www.transfermarkt.de/spielbericht/index/spielbericht/2871746
2017/18,03.12.2017,SG Dynamo Dresden,FC Erzgebirge Aue,30453,Rudolf-Harbig-Stadion,https://www.transfermarkt.de/spielbericht/index/spielbericht/2871747
2017/18,03.12.2017,VfL Bochum,1.FC Union Berlin,13119,Vonovia Ruhrstadion,https://www.transfermarkt.de/spielbericht/index/spielbericht/2871749
2017/18,04.12.2017,FC Ingolstadt 04,Eintracht Braunschweig,8714,Audi Sportpark,https://www.transfermarkt.de/spielbericht/index/spielbericht/2871745
2017/18,08.12.2017,Eintracht Braunschweig,Holstein Kiel,21075,EINTRACHT-Stadion,https://www.transfermarkt.de/spielbericht/index/spielbericht/2871764
2017/18,08.12.2017,FC Erzgebirge Aue,SV Darmstadt 98,6400,eins Erzgebirgsstadion,https://www.transfermarkt.de/spielbericht/index/spielbericht/2871771
2017/18,09.12.2017,1.FC Union Berlin,SG Dynamo Dresden,22012,Stadion An der Alten Försterei,https://www.transfermarkt.de/spielbericht/index/spielbericht/2871765
2017/18,09.12.2017,SpVgg Greuther Fürth,1.FC Heidenheim 1846,6995,Sportpark Ronhof | Thomas Sommer,https://www.transfermarkt.de/spielbericht/index/spielbericht/2871767
2017/18,09.12.2017,SSV Jahn Regensburg,VfL Bochum,7285,Jahnstadion Regensburg,https://www.transfermarkt.de/spielbericht/index/spielbericht/2871772
2017/18,10.12.2017,FC St. Pauli,MSV Duisburg,29546,Millerntor-Stadion,https://www.transfermarkt.de/spielbericht/index/spielbericht/2871766
2017/18,10.12.2017,SV Sandhausen,Arminia Bielefeld,4354,Stadion am Hardtwald,https://www.transfermarkt.de/spielbericht/index/spielbericht/2871768
2017/18,10.12.2017,1.FC Kaiserslautern,FC Ingolstadt 04,16074,Fritz-Walter-Stadion,https://www.transfermarkt.de/spielbericht/index/spielbericht/2871770
2017/18,11.12.2017,Fortuna Düsseldorf,1.FC Nürnberg,22248,MERKUR SPIEL-ARENA,https://www.transfermarkt.de/spielbericht/index/spielbericht/2871769
2017/18,15.12.2017,Eintracht Braunschweig,Fortuna Düsseldorf,19725,EINTRACHT-Stadion,https://www.transfermarkt.de/spielbericht/index/spielbericht/2871782
2017/18,15.12.2017,1.FC Union Berlin,FC Ingolstadt 04,20170,Stadion An der Alten Försterei,https://www.transfermarkt.de/spielbericht/index/spielbericht/2871783
2017/18,16.12.2017,1.FC Kaiserslautern,1.FC Nürnberg,19790,Fritz-Walter-Stadion,https://www.transfermarkt.de/spielbericht/index/spielbericht/2871787
2017/18,16.12.2017,FC Erzgebirge Aue,1.FC Heidenheim 1846,6500,eins Erzgebirgsstadion,https://www.transfermarkt.de/spielbericht/index/spielbericht/2871788
2017/18,16.12.2017,SSV Jahn Regensburg,Arminia Bielefeld,7137,Jahnstadion Regensburg,https://www.transfermarkt.de/spielbericht/index/spielbericht/2871790
2017/18,17.12.2017,SpVgg Greuther Fürth,SV Darmstadt 98,8210,Sportpark Ronhof | Thomas Sommer,https://www.transfermarkt.de/spielbericht/index/spielbericht/2871785
2017/18,17.12.2017,SV Sandhausen,Holstein Kiel,4829,Stadion am Hardtwald,https://www.transfermarkt.de/spielbericht/index/spielbericht/2871786
2017/18,17.12.2017,MSV Duisburg,SG Dynamo Dresden,14792,MSV-Arena,https://www.transfermarkt.de/spielbericht/index/spielbericht/2871789
2017/18,18.12.2017,FC St. Pauli,VfL Bochum,29005,Millerntor-Stadion,https://www.transfermarkt.de/spielbericht/index/spielbericht/2871784
2017/18,23.01.2018,VfL Bochum,MSV Duisburg,17564,Vonovia Ruhrstadion,https://www.transfermarkt.de/spielbericht/index/spielbericht/2871804
2017/18,23.01.2018,FC Ingolstadt 04,SV Sandhausen,7575,Audi Sportpark,https://www.transfermarkt.de/spielbericht/index/spielbericht/2871800
2017/18,23.01.2018,1.FC Nürnberg,SSV Jahn Regensburg,26231,Max-Morlock-Stadion,https://www.transfermarkt.de/spielbericht/index/spielbericht/2871806
2017/18,23.01.2018,Holstein Kiel,1.FC Union Berlin,11503,Holstein-Stadion,https://www.transfermarkt.de/spielbericht/index/spielbericht/2871808
2017/18,24.01.2018,1.FC Heidenheim 1846,Eintracht Braunschweig,10500,Voith-Arena,https://www.transfermarkt.de/spielbericht/index/spielbericht/2871803
2017/18,24.01.2018,Fortuna Düsseldorf,FC Erzgebirge Aue,19617,MERKUR SPIEL-ARENA,https://www.transfermarkt.de/spielbericht/index/spielbericht/2871805
2017/18,24.01.2018,Arminia Bielefeld,SpVgg Greuther Fürth,12512,SchücoArena,https://www.transfermarkt.de/spielbericht/index/spielbericht/2871807
2017/18,25.01.2018,SG Dynamo Dresden,FC St. Pauli,28706,Rudolf-Harbig-Stadion,https://www.transfermarkt.de/spielbericht/index/spielbericht/2871802
2017/18,21.02.2018,SV Darmstadt 98,1.FC Kaiserslautern,17400,Merck-Stadion am Böllenfalltor,https://www.transfermarkt.de/spielbericht/index/spielbericht/2871801
2017/18,26.01.2018,1.FC Union Berlin,1.FC Nürnberg,21734,Stadion An der Alten Försterei,https://www.transfermarkt.de/spielbericht/index/spielbericht/2871818
2017/18,26.01.2018,SSV Jahn Regensburg,FC Ingolstadt 04,13010,Jahnstadion Regensburg,https://www.transfermarkt.de/spielbericht/index/spielbericht/2871826
2017/18,27.01.2018,SpVgg Greuther Fürth,Holstein Kiel,7755,Sportpark Ronhof | Thomas Sommer,https://www.transfermarkt.de/spielbericht/index/spielbericht/2871820
2017/18,27.01.2018,1.FC Kaiserslautern,Fortuna Düsseldorf,21739,Fritz-Walter-Stadion,https://www.transfermarkt.de/spielbericht/index/spielbericht/2871823
2017/18,27.01.2018,MSV Duisburg,1.FC Heidenheim 1846,13105,MSV-Arena,https://www.transfermarkt.de/spielbericht/index/spielbericht/2871825
2017/18,28.01.2018,FC St. Pauli,SV Darmstadt 98,29546,Millerntor-Stadion,https://www.transfermarkt.de/spielbericht/index/spielbericht/2871819
2017/18,28.01.2018,SV Sandhausen,SG Dynamo Dresden,6234,Stadion am Hardtwald,https://www.transfermarkt.de/spielbericht/index/spielbericht/2871822
2017/18,28.01.2018,FC Erzgebirge Aue,Eintracht Braunschweig,9850,eins Erzgebirgsstadion,https://www.transfermarkt.de/spielbericht/index/spielbericht/2871824
2017/18,29.01.2018,VfL Bochum,Arminia Bielefeld,12417,Vonovia Ruhrstadion,https://www.transfermarkt.de/spielbericht/index/spielbericht/2871821
2017/18,02.02.2018,Fortuna Düsseldorf,SV Sandhausen,23288,MERKUR SPIEL-ARENA,https://www.transfermarkt.de/spielbericht/index/spielbericht/2871841
2017/18,02.02.2018,1.FC Nürnberg,FC Erzgebirge Aue,24451,Max-Morlock-Stadion,https://www.transfermarkt.de/spielbericht/index/spielbericht/2871842
2017/18,03.02.2018,FC Ingolstadt 04,SpVgg Greuther Fürth,9658,Audi Sportpark,https://www.transfermarkt.de/spielbericht/index/spielbericht/2871836
2017/18,03.02.2018,1.FC Heidenheim 1846,FC St. Pauli,12300,Voith-Arena,https://www.transfermarkt.de/spielbericht/index/spielbericht/2871840
2017/18,03.02.2018,Holstein Kiel,SSV Jahn Regensburg,9506,Holstein-Stadion,https://www.transfermarkt.de/spielbericht/index/spielbericht/2871844
2017/18,04.02.2018,SV Darmstadt 98,MSV Duisburg,15100,Merck-Stadion am Böllenfalltor,https://www.transfermarkt.de/spielbericht/index/spielbericht/2871837
2017/18,04.02.2018,Eintracht Braunschweig,1.FC Kaiserslautern,20550,EINTRACHT-Stadion,https://www.transfermarkt.de/spielbericht/index/spielbericht/2871838
2017/18,04.02.2018,SG Dynamo Dresden,VfL Bochum,24097,Rudolf-Harbig-Stadion,https://www.transfermarkt.de/spielbericht/index/spielbericht/2871839
2017/18,05.02.2018,Arminia Bielefeld,1.FC Union Berlin,13542,SchücoArena,https://www.transfermarkt.de/spielbericht/index/spielbericht/2871843
2017/18,09.02.2018,VfL Bochum,SV Darmstadt 98,14520,Vonovia Ruhrstadion,https://www.transfermarkt.de/spielbericht/index/spielbericht/2871848
2017/18,09.02.2018,1.FC Kaiserslautern,Holstein Kiel,20664,Fritz-Walter-Stadion,https://www.transfermarkt.de/spielbericht/index/spielbericht/2871850
2017/18,10.02.2018,1.FC Union Berlin,Fortuna Düsseldorf,22012,Stadion An der Alten Försterei,https://www.transfermarkt.de/spielbericht/index/spielbericht/2871845
2017/18,10.02.2018,MSV Duisburg,Arminia Bielefeld,16219,MSV-Arena,https://www.transfermarkt.de/spielbericht/index/spielbericht/2871852
2017/18,10.02.2018,SSV Jahn Regensburg,1.FC Heidenheim 1846,8006,Jahnstadion Regensburg,https://www.transfermarkt.de/spielbericht/index/spielbericht/2871853
2017/18,11.02.2018,SpVgg Greuther Fürth,SG Dynamo Dresden,10390,Sportpark Ronhof | Thomas Sommer,https://www.transfermarkt.de/spielbericht/index/spielbericht/2871847
2017/18,11.02.2018,SV Sandhausen,Eintracht Braunschweig,4381,Stadion am Hardtwald,https://www.transfermarkt.de/spielbericht/index/spielbericht/2871849
2017/18,11.02.2018,FC Erzgebirge Aue,FC Ingolstadt 04,6850,eins Erzgebirgsstadion,https://www.transfermarkt.de/spielbericht/index/spielbericht/2871851
2017/18,12.02.2018,FC St. Pauli,1.FC Nürnberg,29313,Millerntor-Stadion,https://www.transfermarkt.de/spielbericht/index/spielbericht/2871846
2017/18,16.02.2018,1.FC Heidenheim 1846,VfL Bochum,10000,Voith-Arena,https://www.transfermarkt.de/spielbericht/index/spielbericht/2871866
2017/18,16.02.2018,1.FC Kaiserslautern,SV Sandhausen,23811,Fritz-Walter-Stadion,https://www.transfermarkt.de/spielbericht/index/spielbericht/2871869
2017/18,17.02.2018,FC Ingolstadt 04,FC St. Pauli,10071,Audi Sportpark,https://www.transfermarkt.de/spielbericht/index/spielbericht/2871863
2017/18,17.02.2018,Fortuna Düsseldorf,SpVgg Greuther Fürth,23849,MERKUR SPIEL-ARENA,https://www.transfermarkt.de/spielbericht/index/spielbericht/2871867
2017/18,17.02.2018,Arminia Bielefeld,SV Darmstadt 98,15236,SchücoArena,https://www.transfermarkt.de/spielbericht/index/spielbericht/2871870
2017/18,17.02.2018,Holstein Kiel,FC Erzgebirge Aue,9702,Holstein-Stadion,https://www.transfermarkt.de/spielbericht/index/spielbericht/2871871
2017/18,18.02.2018,Eintracht Braunschweig,1.FC Union Berlin,21150,EINTRACHT-Stadion,https://www.transfermarkt.de/spielbericht/index/spielbericht/2871864
2017/18,18.02.2018,SG Dynamo Dresden,SSV Jahn Regensburg,25003,Rudolf-Harbig-Stadion,https://www.transfermarkt.de/spielbericht/index/spielbericht/2871865
2017/18,18.02.2018,1.FC Nürnberg,MSV Duisburg,25257,Max-Morlock-Stadion,https://www.transfermarkt.de/spielbericht/index/spielbericht/2871868
2017/18,23.02.2018,Arminia Bielefeld,SG Dynamo Dresden,17503,SchücoArena,https://www.transfermarkt.de/spielbericht/index/spielbericht/2871887
2017/18,23.02.2018,SSV Jahn Regensburg,Fortuna Düsseldorf,10963,Jahnstadion Regensburg,https://www.transfermarkt.de/spielbericht/index/spielbericht/2871889
2017/18,24.02.2018,1.FC Union Berlin,SV Sandhausen,18974,Stadion An der Alten Försterei,https://www.transfermarkt.de/spielbericht/index/spielbericht/2871882
2017/18,24.02.2018,SpVgg Greuther Fürth,Eintracht Braunschweig,7845,Sportpark Ronhof | Thomas Sommer,https://www.transfermarkt.de/spielbericht/index/spielbericht/2871884
2017/18,24.02.2018,FC Erzgebirge Aue,1.FC Kaiserslautern,8500,eins Erzgebirgsstadion,https://www.transfermarkt.de/spielbericht/index/spielbericht/2871886
2017/18,24.02.2018,MSV Duisburg,FC Ingolstadt 04,12446,MSV-Arena,https://www.transfermarkt.de/spielbericht/index/spielbericht/2871888
2017/18,25.02.2018,SV Darmstadt 98,1.FC Heidenheim 1846,13650,Merck-Stadion am Böllenfalltor,https://www.transfermarkt.de/spielbericht/index/spielbericht/2871881
2017/18,25.02.2018,FC St. Pauli,Holstein Kiel,29546,Millerntor-Stadion,https://www.transfermarkt.de/spielbericht/index/spielbericht/2871883
2017/18,25.02.2018,VfL Bochum,1.FC Nürnberg,14016,Vonovia Ruhrstadion,https://www.transfermarkt.de/spielbericht/index/spielbericht/2871885
2017/18,02.03.2018,SG Dynamo Dresden,SV Darmstadt 98,26053,Rudolf-Harbig-Stadion,https://www.transfermarkt.de/spielbericht/index/spielbericht/2871892
2017/18,02.03.2018,1.FC Kaiserslautern,1.FC Union Berlin,20087,Fritz-Walter-Stadion,https://www.transfermarkt.de/spielbericht/index/spielbericht/2871897
2017/18,03.03.2018,SV Sandhausen,FC Erzgebirge Aue,5160,Stadion am Hardtwald,https://www.transfermarkt.de/spielbericht/index/spielbericht/2871894
2017/18,03.03.2018,1.FC Nürnberg,SpVgg Greuther Fürth,47489,Max-Morlock-Stadion,https://www.transfermarkt.de/spielbericht/index/spielbericht/2871896
2017/18,03.03.2018,Holstein Kiel,MSV Duisburg,10143,Holstein-Stadion,https://www.transfermarkt.de/spielbericht/index/spielbericht/2871898
2017/18,04.03.2018,Eintracht Braunschweig,SSV Jahn Regensburg,18560,EINTRACHT-Stadion,https://www.transfermarkt.de/spielbericht/index/spielbericht/2871891
2017/18,04.03.2018,1.FC Heidenheim 1846,Arminia Bielefeld,10300,Voith-Arena,https://www.transfermarkt.de/spielbericht/index/spielbericht/2871893
2017/18,04.03.2018,Fortuna Düsseldorf,FC St. Pauli,37206,MERKUR SPIEL-ARENA,https://www.transfermarkt.de/spielbericht/index/spielbericht/2871895
2017/18,05.03.2018,FC Ingolstadt 04,VfL Bochum,7934,Audi Sportpark,https://www.transfermarkt.de/spielbericht/index/spielbericht/2871890
2017/18,09.03.2018,SG Dynamo Dresden,1.FC Heidenheim 1846,24763,Rudolf-Harbig-Stadion,https://www.transfermarkt.de/spielbericht/index/spielbericht/2871919
2017/18,09.03.2018,Arminia Bielefeld,1.FC Nürnberg,18542,SchücoArena,https://www.transfermarkt.de/spielbericht/index/spielbericht/2871923
2017/18,10.03.2018,SV Darmstadt 98,FC Ingolstadt 04,14000,Merck-Stadion am Böllenfalltor,https://www.transfermarkt.de/spielbericht/index/spielbericht/2871917
2017/18,10.03.2018,FC St. Pauli,Eintracht Braunschweig,29546,Millerntor-Stadion,https://www.transfermarkt.de/spielbericht/index/spielbericht/2871920
2017/18,10.03.2018,SpVgg Greuther Fürth,1.FC Kaiserslautern,11460,Sportpark Ronhof | Thomas Sommer,https://www.transfermarkt.de/spielbericht/index/spielbericht/2871921
2017/18,10.03.2018,VfL Bochum,Holstein Kiel,14939,Vonovia Ruhrstadion,https://www.transfermarkt.de/spielbericht/index/spielbericht/2871922
2017/18,11.03.2018,1.FC Union Berlin,FC Erzgebirge Aue,21788,Stadion An der Alten Försterei,https://www.transfermarkt.de/spielbericht/index/spielbericht/2871918
2017/18,11.03.2018,MSV Duisburg,Fortuna Düsseldorf,28000,MSV-Arena,https://www.transfermarkt.de/spielbericht/index/spielbericht/2871924
2017/18,11.03.2018,SSV Jahn Regensburg,SV Sandhausen,11885,Jahnstadion Regensburg,https://www.transfermarkt.de/spielbericht/index/spielbericht/2871925
2017/18,16.03.2018,Fortuna Düsseldorf,Arminia Bielefeld,29567,MERKUR SPIEL-ARENA,https://www.transfermarkt.de/spielbericht/index/spielbericht/2871930
2017/18,16.03.2018,Holstein Kiel,1.FC Heidenheim 1846,10278,Holstein-Stadion,https://www.transfermarkt.de/spielbericht/index/spielbericht/2871934
2017/18,17.03.2018,1.FC Union Berlin,SSV Jahn Regensburg,21248,Stadion An der Alten Försterei,https://www.transfermarkt.de/spielbericht/index/spielbericht/2871928
2017/18,17.03.2018,SV Sandhausen,VfL Bochum,6526,Stadion am Hardtwald,https://www.transfermarkt.de/spielbericht/index/spielbericht/2871929
2017/18,17.03.2018,1.FC Kaiserslautern,FC St. Pauli,32243,Fritz-Walter-Stadion,https://www.transfermarkt.de/spielbericht/index/spielbericht/2871932
2017/18,18.03.2018,FC Ingolstadt 04,SG Dynamo Dresden,11388,Audi Sportpark,https://www.transfermarkt.de/spielbericht/index/spielbericht/2871926
2017/18,18.03.2018,Eintracht Braunschweig,MSV Duisburg,20015,EINTRACHT-Stadion,https://www.transfermarkt.de/spielbericht/index/spielbericht/2871927
2017/18,18.03.2018,1.FC Nürnberg,SV Darmstadt 98,27007,Max-Morlock-Stadion,https://www.transfermarkt.de/spielbericht/index/spielbericht/2871931
2017/18,19.03.2018,FC Erzgebirge Aue,SpVgg Greuther Fürth,8700,eins Erzgebirgsstadion,https://www.transfermarkt.de/spielbericht/index/spielbericht/2871933
2017/18,31.03.2018,SG Dynamo Dresden,1.FC Nürnberg,30765,Rudolf-Harbig-Stadion,https://www.transfermarkt.de/spielbericht/index/spielbericht/2871945
2017/18,31.03.2018,1.FC Heidenheim 1846,FC Ingolstadt 04,11300,Voith-Arena,https://www.transfermarkt.de/spielbericht/index/spielbericht/2871946
2017/18,31.03.2018,MSV Duisburg,1.FC Kaiserslautern,18273,MSV-Arena,https://www.transfermarkt.de/spielbericht/index/spielbericht/2871951
2017/18,01.04.2018,FC St. Pauli,SV Sandhausen,29381,Millerntor-Stadion,https://www.transfermarkt.de/spielbericht/index/spielbericht/2871947
2017/18,01.04.2018,SpVgg Greuther Fürth,1.FC Union Berlin,9170,Sportpark Ronhof | Thomas Sommer,https://www.transfermarkt.de/spielbericht/index/spielbericht/2871948
2017/18,01.04.2018,VfL Bochum,Eintracht Braunschweig,14976,Vonovia Ruhrstadion,https://www.transfermarkt.de/spielbericht/index/spielbericht/2871949
2017/18,01.04.2018,Arminia Bielefeld,Holstein Kiel,20150,SchücoArena,https://www.transfermarkt.de/spielbericht/index/spielbericht/2871950
2017/18,01.04.2018,SSV Jahn Regensburg,FC Erzgebirge Aue,11707,Jahnstadion Regensburg,https://www.transfermarkt.de/spielbericht/index/spielbericht/2871952
2017/18,02.04.2018,SV Darmstadt 98,Fortuna Düsseldorf,17400,Merck-Stadion am Böllenfalltor,https://www.transfermarkt.de/spielbericht/index/spielbericht/2871944
2017/18,06.04.2018,SV Sandhausen,SpVgg Greuther Fürth,6013,Stadion am Hardtwald,https://www.transfermarkt.de/spielbericht/index/spielbericht/2871965
2017/18,06.04.2018,Fortuna Düsseldorf,VfL Bochum,35600,MERKUR SPIEL-ARENA,https://www.transfermarkt.de/spielbericht/index/spielbericht/2871966
2017/18,07.04.2018,1.FC Union Berlin,MSV Duisburg,22012,Stadion An der Alten Försterei,https://www.transfermarkt.de/spielbericht/index/spielbericht/2871964
2017/18,07.04.2018,1.FC Nürnberg,1.FC Heidenheim 1846,29351,Max-Morlock-Stadion,https://www.transfermarkt.de/spielbericht/index/spielbericht/2871967
2017/18,07.04.2018,FC Erzgebirge Aue,FC St. Pauli,14700,eins Erzgebirgsstadion,https://www.transfermarkt.de/spielbericht/index/spielbericht/2871969
2017/18,07.04.2018,Holstein Kiel,SV Darmstadt 98,10483,Holstein-Stadion,https://www.transfermarkt.de/spielbericht/index/spielbericht/2871970
2017/18,08.04.2018,FC Ingolstadt 04,Arminia Bielefeld,10213,Audi Sportpark,https://www.transfermarkt.de/spielbericht/index/spielbericht/2871962
2017/18,08.04.2018,Eintracht Braunschweig,SG Dynamo Dresden,22700,EINTRACHT-Stadion,https://www.transfermarkt.de/spielbericht/index/spielbericht/2871963
2017/18,08.04.2018,1.FC Kaiserslautern,SSV Jahn Regensburg,27780,Fritz-Walter-Stadion,https://www.transfermarkt.de/spielbericht/index/spielbericht/2871968
2017/18,13.04.2018,SpVgg Greuther Fürth,SSV Jahn Regensburg,11105,Sportpark Ronhof | Thomas Sommer,https://www.transfermarkt.de/spielbericht/index/spielbericht/2871976
2017/18,13.04.2018,VfL Bochum,1.FC Kaiserslautern,23042,Vonovia Ruhrstadion,https://www.transfermarkt.de/spielbericht/index/spielbericht/2871977
2017/18,14.04.2018,SG Dynamo Dresden,Holstein Kiel,29035,Rudolf-Harbig-Stadion,https://www.transfermarkt.de/spielbericht/index/spielbericht/2871973
2017/18,14.04.2018,FC St. Pauli,1.FC Union Berlin,29546,Millerntor-Stadion,https://www.transfermarkt.de/spielbericht/index/spielbericht/2871975
2017/18,14.04.2018,Arminia Bielefeld,FC Erzgebirge Aue,16605,SchücoArena,https://www.transfermarkt.de/spielbericht/index/spielbericht/2871978
2017/18,14.04.2018,MSV Duisburg,SV Sandhausen,14231,MSV-Arena,https://www.transfermarkt.de/spielbericht/index/spielbericht/2871979
2017/18,15.04.2018,FC Ingolstadt 04,1.FC Nürnberg,15200,Audi Sportpark,https://www.transfermarkt.de/spielbericht/index/spielbericht/2871971
2017/18,15.04.2018,SV Darmstadt 98,Eintracht Braunschweig,16226,Merck-Stadion am Böllenfalltor,https://www.transfermarkt.de/spielbericht/index/spielbericht/2871972
2017/18,15.04.2018,1.FC Heidenheim 1846,Fortuna Düsseldorf,12800,Voith-Arena,https://www.transfermarkt.de/spielbericht/index/spielbericht/2871974
2017/18,20.04.2018,Eintracht Braunschweig,Arminia Bielefeld,22285,EINTRACHT-Stadion,https://www.transfermarkt.de/spielbericht/index/spielbericht/2871998
2017/18,20.04.2018,SpVgg Greuther Fürth,VfL Bochum,8820,Sportpark Ronhof | Thomas Sommer,https://www.transfermarkt.de/spielbericht/index/spielbericht/2872000
2017/18,21.04.2018,1.FC Union Berlin,1.FC Heidenheim 1846,21124,Stadion An der Alten Försterei,https://www.transfermarkt.de/spielbericht/index/spielbericht/2871999
2017/18,21.04.2018,SV Sandhausen,SV Darmstadt 98,10269,Stadion am Hardtwald,https://www.transfermarkt.de/spielbericht/index/spielbericht/2872001
2017/18,21.04.2018,SSV Jahn Regensburg,FC St. Pauli,15210,Jahnstadion Regensburg,https://www.transfermarkt.de/spielbericht/index/spielbericht/2872006
2017/18,22.04.2018,Fortuna Düsseldorf,FC Ingolstadt 04,33925,MERKUR SPIEL-ARENA,https://www.transfermarkt.de/spielbericht/index/spielbericht/2872002
2017/18,22.04.2018,1.FC Kaiserslautern,SG Dynamo Dresden,26851,Fritz-Walter-Stadion,https://www.transfermarkt.de/spielbericht/index/spielbericht/2872003
2017/18,22.04.2018,FC Erzgebirge Aue,MSV Duisburg,11950,eins Erzgebirgsstadion,https://www.transfermarkt.de/spielbericht/index/spielbericht/2872004
2017/18,23.04.2018,Holstein Kiel,1.FC Nürnberg,11386,Holstein-Stadion,https://www.transfermarkt.de/spielbericht/index/spielbericht/2872005
2017/18,27.04.2018,VfL Bochum,FC Erzgebirge Aue,20121,Vonovia Ruhrstadion,https://www.transfermarkt.de/spielbericht/index/spielbericht/2872012
2017/18,27.04.2018,Arminia Bielefeld,1.FC Kaiserslautern,21404,SchücoArena,https://www.transfermarkt.de/spielbericht/index/spielbericht/2872014
2017/18,28.04.2018,SV Darmstadt 98,1.FC Union Berlin,16570,Merck-Stadion am Böllenfalltor,https://www.transfermarkt.de/spielbericht/index/spielbericht/2872008
2017/18,28.04.2018,SG Dynamo Dresden,Fortuna Düsseldorf,30953,Rudolf-Harbig-Stadion,https://www.transfermarkt.de/spielbericht/index/spielbericht/2872009
2017/18,28.04.2018,FC St. Pauli,SpVgg Greuther Fürth,29546,Millerntor-Stadion,https://www.transfermarkt.de/spielbericht/index/spielbericht/2872011
2017/18,29.04.2018,FC Ingolstadt 04,Holstein Kiel,9649,Audi Sportpark,https://www.transfermarkt.de/spielbericht/index/spielbericht/2872007
2017/18,29.04.2018,1.FC Heidenheim 1846,SV Sandhausen,12800,Voith-Arena,https://www.transfermarkt.de/spielbericht/index/spielbericht/2872010
2017/18,29.04.2018,MSV Duisburg,SSV Jahn Regensburg,15149,MSV-Arena,https://www.transfermarkt.de/spielbericht/index/spielbericht/2872015
2017/18,30.04.2018,1.FC Nürnberg,Eintracht Braunschweig,45238,Max-Morlock-Stadion,https://www.transfermarkt.de/spielbericht/index/spielbericht/2872013
2017/18,06.05.2018,Eintracht Braunschweig,FC Ingolstadt 04,21400,EINTRACHT-Stadion,https://www.transfermarkt.de/spielbericht/index/spielbericht/2872034
2017/18,06.05.2018,1.FC Union Berlin,VfL Bochum,22012,Stadion An der Alten Försterei,https://www.transfermarkt.de/spielbericht/index/spielbericht/2872035
2017/18,06.05.2018,SpVgg Greuther Fürth,MSV Duisburg,12380,Sportpark Ronhof | Thomas Sommer,https://www.transfermarkt.de/spielbericht/index/spielbericht/2872036
2017/18,06.05.2018,SV Sandhausen,1.FC Nürnberg,12537,Stadion am Hardtwald,https://www.transfermarkt.de/spielbericht/index/spielbericht/2872037
2017/18,06.05.2018,Fortuna Düsseldorf,Holstein Kiel,54600,MERKUR SPIEL-ARENA,https://www.transfermarkt.de/spielbericht/index/spielbericht/2872038
2017/18,06.05.2018,FC St. Pauli,Arminia Bielefeld,29546,Millerntor-Stadion,https://www.transfermarkt.de/spielbericht/index/spielbericht/2872039
2017/18,06.05.2018,1.FC Kaiserslautern,1.FC Heidenheim 1846,26453,Fritz-Walter-Stadion,https://www.transfermarkt.de/spielbericht/index/spielbericht/2872040
2017/18,06.05.2018,FC Erzgebirge Aue,SG Dynamo Dresden,16080,eins Erzgebirgsstadion,https://www.transfermarkt.de/spielbericht/index/spielbericht/2872041
2017/18,06.05.2018,SSV Jahn Regensburg,SV Darmstadt 98,15210,Jahnstadion Regensburg,https://www.transfermarkt.de/spielbericht/index/spielbericht/2872042
2017/18,13.05.2018,FC Ingolstadt 04,1.FC Kaiserslautern,11721,Audi Sportpark,https://www.transfermarkt.de/spielbericht/index/spielbericht/2872052
2017/18,13.05.2018,SV Darmstadt 98,FC Erzgebirge Aue,16950,Merck-Stadion am Böllenfalltor,https://www.transfermarkt.de/spielbericht/index/spielbericht/2872053
2017/18,13.05.2018,SG Dynamo Dresden,1.FC Union Berlin,30785,Rudolf-Harbig-Stadion,https://www.transfermarkt.de/spielbericht/index/spielbericht/2872054
2017/18,13.05.2018,1.FC Heidenheim 1846,SpVgg Greuther Fürth,14850,Voith-Arena,https://www.transfermarkt.de/spielbericht/index/spielbericht/2872055
2017/18,13.05.2018,VfL Bochum,SSV Jahn Regensburg,20811,Vonovia Ruhrstadion,https://www.transfermarkt.de/spielbericht/index/spielbericht/2872056
2017/18,13.05.2018,Arminia Bielefeld,SV Sandhausen,23070,SchücoArena,https://www.transfermarkt.de/spielbericht/index/spielbericht/2872058
2017/18,13.05.2018,MSV Duisburg,FC St. Pauli,25324,MSV-Arena,https://www.transfermarkt.de/spielbericht/index/spielbericht/2872059
2017/18,13.05.2018,Holstein Kiel,Eintracht Braunschweig,11874,Holstein-Stadion,https://www.transfermarkt.de/spielbericht/index/spielbericht/2872060
2017/18,13.05.2018,1.FC Nürnberg,Fortuna Düsseldorf,50000,Max-Morlock-Stadion,https://www.transfermarkt.de/spielbericht/index/spielbericht/3028902
2018/19,03.08.2018,Hamburger SV,Holstein Kiel,57000,Volksparkstadion,https://www.transfermarkt.de/spielbericht/index/spielbericht/3058415
2018/19,04.08.2018,VfL Bochum,1.FC Köln,26600,Vonovia Ruhrstadion,https://www.transfermarkt.de/spielbericht/index/spielbericht/3058417
2018/19,04.08.2018,SSV Jahn Regensburg,FC Ingolstadt 04,13516,Jahnstadion Regensburg,https://www.transfermarkt.de/spielbericht/index/spielbericht/3058416
2018/19,04.08.2018,SpVgg Greuther Fürth,SV Sandhausen,8450,Sportpark Ronhof | Thomas Sommer,https://www.transfermarkt.de/spielbericht/index/spielbericht/3058422
2018/19,05.08.2018,1.FC Magdeburg,FC St. Pauli,24156,Avnet-Arena,https://www.transfermarkt.de/spielbericht/index/spielbericht/3058423
2018/19,05.08.2018,1.FC Union Berlin,FC Erzgebirge Aue,22012,Stadion An der Alten Försterei,https://www.transfermarkt.de/spielbericht/index/spielbericht/3058418
2018/19,05.08.2018,SV Darmstadt 98,SC Paderborn 07,15400,Merck-Stadion am Böllenfalltor,https://www.transfermarkt.de/spielbericht/index/spielbericht/3058419
2018/19,05.08.2018,1.FC Heidenheim 1846,Arminia Bielefeld,10500,Voith-Arena,https://www.transfermarkt.de/spielbericht/index/spielbericht/3058420
2018/19,06.08.2018,SG Dynamo Dresden,MSV Duisburg,28733,Rudolf-Harbig-Stadion,https://www.transfermarkt.de/spielbericht/index/spielbericht/3058421
2018/19,10.08.2018,FC Ingolstadt 04,SpVgg Greuther Fürth,9861,Audi Sportpark,https://www.transfermarkt.de/spielbericht/index/spielbericht/3058625
2018/19,10.08.2018,SC Paderborn 07,SSV Jahn Regensburg,9458,Home Deluxe Arena,https://www.transfermarkt.de/spielbericht/index/spielbericht/3058629
2018/19,10.08.2018,FC St. Pauli,SV Darmstadt 98,29140,Millerntor-Stadion,https://www.transfermarkt.de/spielbericht/index/spielbericht/3058627
2018/19,11.08.2018,MSV Duisburg,VfL Bochum,20541,MSV-Arena,https://www.transfermarkt.de/spielbericht/index/spielbericht/3058624
2018/19,11.08.2018,Arminia Bielefeld,SG Dynamo Dresden,19409,SchücoArena,https://www.transfermarkt.de/spielbericht/index/spielbericht/3058623
2018/19,12.08.2018,SV Sandhausen,Hamburger SV,14508,Stadion am Hardtwald,https://www.transfermarkt.de/spielbericht/index/spielbericht/3058626
2018/19,12.08.2018,Holstein Kiel,1.FC Heidenheim 1846,9041,Holstein-Stadion,https://www.transfermarkt.de/spielbericht/index/spielbericht/3058622
2018/19,12.08.2018,FC Erzgebirge Aue,1.FC Magdeburg,13300,eins Erzgebirgsstadion,https://www.transfermarkt.de/spielbericht/index/spielbericht/3058628
2018/19,13.08.2018,1.FC Köln,1.FC Union Berlin,50000,RheinEnergieSTADION,https://www.transfermarkt.de/spielbericht/index/spielbericht/3058621
2018/19,24.08.2018,VfL Bochum,SV Sandhausen,13821,Vonovia Ruhrstadion,https://www.transfermarkt.de/spielbericht/index/spielbericht/3058732
2018/19,24.08.2018,SV Darmstadt 98,MSV Duisburg,15200,Merck-Stadion am Böllenfalltor,https://www.transfermarkt.de/spielbericht/index/spielbericht/3058734
2018/19,25.08.2018,1.FC Köln,FC Erzgebirge Aue,48000,RheinEnergieSTADION,https://www.transfermarkt.de/spielbericht/index/spielbericht/3058730
2018/19,25.08.2018,SpVgg Greuther Fürth,SC Paderborn 07,7480,Sportpark Ronhof | Thomas Sommer,https://www.transfermarkt.de/spielbericht/index/spielbericht/3058736
2018/19,25.08.2018,1.FC Magdeburg,FC Ingolstadt 04,18913,Avnet-Arena,https://www.transfermarkt.de/spielbericht/index/spielbericht/3058737
2018/19,26.08.2018,SSV Jahn Regensburg,Holstein Kiel,9700,Jahnstadion Regensburg,https://www.transfermarkt.de/spielbericht/index/spielbericht/3058731
2018/19,26.08.2018,1.FC Union Berlin,FC St. Pauli,22012,Stadion An der Alten Försterei,https://www.transfermarkt.de/spielbericht/index/spielbericht/3058733
2018/19,26.08.2018,SG Dynamo Dresden,1.FC Heidenheim 1846,26868,Rudolf-Harbig-Stadion,https://www.transfermarkt.de/spielbericht/index/spielbericht/3058735
2018/19,27.08.2018,Hamburger SV,Arminia Bielefeld,46934,Volksparkstadion,https://www.transfermarkt.de/spielbericht/index/spielbericht/3058729
2018/19,31.08.2018,FC Ingolstadt 04,FC Erzgebirge Aue,8394,Audi Sportpark,https://www.transfermarkt.de/spielbericht/index/spielbericht/3058759
2018/19,31.08.2018,SC Paderborn 07,VfL Bochum,12518,Home Deluxe Arena,https://www.transfermarkt.de/spielbericht/index/spielbericht/3058764
2018/19,01.09.2018,Arminia Bielefeld,SSV Jahn Regensburg,15388,SchücoArena,https://www.transfermarkt.de/spielbericht/index/spielbericht/3058757
2018/19,01.09.2018,MSV Duisburg,SpVgg Greuther Fürth,12070,MSV-Arena,https://www.transfermarkt.de/spielbericht/index/spielbericht/3058758
2018/19,02.09.2018,SV Sandhausen,1.FC Union Berlin,5517,Stadion am Hardtwald,https://www.transfermarkt.de/spielbericht/index/spielbericht/3058760
2018/19,02.09.2018,FC St. Pauli,1.FC Köln,29546,Millerntor-Stadion,https://www.transfermarkt.de/spielbericht/index/spielbericht/3058761
2018/19,02.09.2018,1.FC Heidenheim 1846,SV Darmstadt 98,10350,Voith-Arena,https://www.transfermarkt.de/spielbericht/index/spielbericht/3058762
2018/19,03.09.2018,Holstein Kiel,1.FC Magdeburg,9314,Holstein-Stadion,https://www.transfermarkt.de/spielbericht/index/spielbericht/3058756
2018/19,18.09.2018,SG Dynamo Dresden,Hamburger SV,30723,Rudolf-Harbig-Stadion,https://www.transfermarkt.de/spielbericht/index/spielbericht/3058763
2018/19,14.09.2018,SSV Jahn Regensburg,SG Dynamo Dresden,13629,Jahnstadion Regensburg,https://www.transfermarkt.de/spielbericht/index/spielbericht/3058767
2018/19,14.09.2018,1.FC Union Berlin,MSV Duisburg,20329,Stadion An der Alten Försterei,https://www.transfermarkt.de/spielbericht/index/spielbericht/3058769
2018/19,15.09.2018,Hamburger SV,1.FC Heidenheim 1846,45379,Volksparkstadion,https://www.transfermarkt.de/spielbericht/index/spielbericht/3058765
2018/19,15.09.2018,SV Darmstadt 98,SV Sandhausen,15103,Merck-Stadion am Böllenfalltor,https://www.transfermarkt.de/spielbericht/index/spielbericht/3058770
2018/19,15.09.2018,SpVgg Greuther Fürth,Holstein Kiel,8370,Sportpark Ronhof | Thomas Sommer,https://www.transfermarkt.de/spielbericht/index/spielbericht/3058771
2018/19,16.09.2018,1.FC Köln,SC Paderborn 07,50000,RheinEnergieSTADION,https://www.transfermarkt.de/spielbericht/index/spielbericht/3058766
2018/19,16.09.2018,VfL Bochum,FC Ingolstadt 04,14341,Vonovia Ruhrstadion,https://www.transfermarkt.de/spielbericht/index/spielbericht/3058768
2018/19,16.09.2018,FC Erzgebirge Aue,FC St. Pauli,12000,eins Erzgebirgsstadion,https://www.transfermarkt.de/spielbericht/index/spielbericht/3058772
2018/19,17.09.2018,1.FC Magdeburg,Arminia Bielefeld,19794,Avnet-Arena,https://www.transfermarkt.de/spielbericht/index/spielbericht/3058773
2018/19,21.09.2018,SV Sandhausen,1.FC Köln,13237,Stadion am Hardtwald,https://www.transfermarkt.de/spielbericht/index/spielbericht/3058779
2018/19,21.09.2018,FC Ingolstadt 04,FC St. Pauli,10164,Audi Sportpark,https://www.transfermarkt.de/spielbericht/index/spielbericht/3058909
2018/19,22.09.2018,Holstein Kiel,VfL Bochum,8880,Holstein-Stadion,https://www.transfermarkt.de/spielbericht/index/spielbericht/3058776
2018/19,22.09.2018,Arminia Bielefeld,1.FC Union Berlin,18114,SchücoArena,https://www.transfermarkt.de/spielbericht/index/spielbericht/3058777
2018/19,22.09.2018,SG Dynamo Dresden,SV Darmstadt 98,26530,Rudolf-Harbig-Stadion,https://www.transfermarkt.de/spielbericht/index/spielbericht/3058780
2018/19,23.09.2018,Hamburger SV,SSV Jahn Regensburg,44716,Volksparkstadion,https://www.transfermarkt.de/spielbericht/index/spielbericht/3058774
2018/19,23.09.2018,1.FC Heidenheim 1846,SpVgg Greuther Fürth,10400,Voith-Arena,https://www.transfermarkt.de/spielbericht/index/spielbericht/3058775
2018/19,23.09.2018,MSV Duisburg,FC Erzgebirge Aue,13119,MSV-Arena,https://www.transfermarkt.de/spielbericht/index/spielbericht/3058778
2018/19,23.09.2018,SC Paderborn 07,1.FC Magdeburg,11525,Home Deluxe Arena,https://www.transfermarkt.de/spielbericht/index/spielbericht/3058781
2018/19,25.09.2018,VfL Bochum,SG Dynamo Dresden,15511,Vonovia Ruhrstadion,https://www.transfermarkt.de/spielbericht/index/spielbericht/3058783
2018/19,25.09.2018,1.FC Union Berlin,Holstein Kiel,20879,Stadion An der Alten Försterei,https://www.transfermarkt.de/spielbericht/index/spielbericht/3058784
2018/19,25.09.2018,SV Darmstadt 98,Arminia Bielefeld,14210,Merck-Stadion am Böllenfalltor,https://www.transfermarkt.de/spielbericht/index/spielbericht/3058785
2018/19,25.09.2018,1.FC Köln,FC Ingolstadt 04,45900,RheinEnergieSTADION,https://www.transfermarkt.de/spielbericht/index/spielbericht/3058910
2018/19,26.09.2018,SSV Jahn Regensburg,1.FC Heidenheim 1846,8728,Jahnstadion Regensburg,https://www.transfermarkt.de/spielbericht/index/spielbericht/3058782
2018/19,26.09.2018,FC St. Pauli,SC Paderborn 07,29546,Millerntor-Stadion,https://www.transfermarkt.de/spielbericht/index/spielbericht/3058786
2018/19,26.09.2018,FC Erzgebirge Aue,SV Sandhausen,7680,eins Erzgebirgsstadion,https://www.transfermarkt.de/spielbericht/index/spielbericht/3058788
2018/19,26.09.2018,1.FC Magdeburg,MSV Duisburg,18696,Avnet-Arena,https://www.transfermarkt.de/spielbericht/index/spielbericht/3058789
2018/19,27.09.2018,SpVgg Greuther Fürth,Hamburger SV,14965,Sportpark Ronhof | Thomas Sommer,https://www.transfermarkt.de/spielbericht/index/spielbericht/3058787
2018/19,28.09.2018,Holstein Kiel,SV Darmstadt 98,8527,Holstein-Stadion,https://www.transfermarkt.de/spielbericht/index/spielbericht/3058806
2018/19,28.09.2018,Arminia Bielefeld,1.FC Köln,26283,SchücoArena,https://www.transfermarkt.de/spielbericht/index/spielbericht/3058807
2018/19,29.09.2018,MSV Duisburg,SSV Jahn Regensburg,11096,MSV-Arena,https://www.transfermarkt.de/spielbericht/index/spielbericht/3058808
2018/19,29.09.2018,1.FC Heidenheim 1846,VfL Bochum,10600,Voith-Arena,https://www.transfermarkt.de/spielbericht/index/spielbericht/3058811
2018/19,29.09.2018,SC Paderborn 07,FC Erzgebirge Aue,8545,Home Deluxe Arena,https://www.transfermarkt.de/spielbericht/index/spielbericht/3058813
2018/19,30.09.2018,Hamburger SV,FC St. Pauli,57000,Volksparkstadion,https://www.transfermarkt.de/spielbericht/index/spielbericht/3058805
2018/19,30.09.2018,SV Sandhausen,1.FC Magdeburg,7352,Stadion am Hardtwald,https://www.transfermarkt.de/spielbericht/index/spielbericht/3058810
2018/19,30.09.2018,SG Dynamo Dresden,SpVgg Greuther Fürth,27750,Rudolf-Harbig-Stadion,https://www.transfermarkt.de/spielbericht/index/spielbericht/3058812
2018/19,01.10.2018,FC Ingolstadt 04,1.FC Union Berlin,7068,Audi Sportpark,https://www.transfermarkt.de/spielbericht/index/spielbericht/3058809
2018/19,05.10.2018,VfL Bochum,Arminia Bielefeld,19231,Vonovia Ruhrstadion,https://www.transfermarkt.de/spielbericht/index/spielbericht/3058830
2018/19,05.10.2018,SV Darmstadt 98,Hamburger SV,17400,Merck-Stadion am Böllenfalltor,https://www.transfermarkt.de/spielbericht/index/spielbericht/3058833
2018/19,06.10.2018,SpVgg Greuther Fürth,SSV Jahn Regensburg,10845,Sportpark Ronhof | Thomas Sommer,https://www.transfermarkt.de/spielbericht/index/spielbericht/3058835
2018/19,06.10.2018,FC Erzgebirge Aue,Holstein Kiel,7500,eins Erzgebirgsstadion,https://www.transfermarkt.de/spielbericht/index/spielbericht/3058836
2018/19,06.10.2018,1.FC Magdeburg,SG Dynamo Dresden,23042,Avnet-Arena,https://www.transfermarkt.de/spielbericht/index/spielbericht/3058837
2018/19,07.10.2018,1.FC Union Berlin,1.FC Heidenheim 1846,20108,Stadion An der Alten Försterei,https://www.transfermarkt.de/spielbericht/index/spielbericht/3058831
2018/19,07.10.2018,FC Ingolstadt 04,SC Paderborn 07,7594,Audi Sportpark,https://www.transfermarkt.de/spielbericht/index/spielbericht/3058832
2018/19,07.10.2018,FC St. Pauli,SV Sandhausen,29546,Millerntor-Stadion,https://www.transfermarkt.de/spielbericht/index/spielbericht/3058834
2018/19,08.10.2018,1.FC Köln,MSV Duisburg,49600,RheinEnergieSTADION,https://www.transfermarkt.de/spielbericht/index/spielbericht/3058829
2018/19,19.10.2018,SV Sandhausen,FC Ingolstadt 04,5653,Stadion am Hardtwald,https://www.transfermarkt.de/spielbericht/index/spielbericht/3058843
2018/19,19.10.2018,SG Dynamo Dresden,FC Erzgebirge Aue,30769,Rudolf-Harbig-Stadion,https://www.transfermarkt.de/spielbericht/index/spielbericht/3058845
2018/19,20.10.2018,Holstein Kiel,1.FC Köln,9700,Holstein-Stadion,https://www.transfermarkt.de/spielbericht/index/spielbericht/3058839
2018/19,20.10.2018,Arminia Bielefeld,SpVgg Greuther Fürth,16032,SchücoArena,https://www.transfermarkt.de/spielbericht/index/spielbericht/3058840
2018/19,20.10.2018,1.FC Heidenheim 1846,1.FC Magdeburg,10450,Voith-Arena,https://www.transfermarkt.de/spielbericht/index/spielbericht/3058844
2018/19,21.10.2018,Hamburger SV,VfL Bochum,51953,Volksparkstadion,https://www.transfermarkt.de/spielbericht/index/spielbericht/3058838
2018/19,21.10.2018,SSV Jahn Regensburg,SV Darmstadt 98,10907,Jahnstadion Regensburg,https://www.transfermarkt.de/spielbericht/index/spielbericht/3058841
2018/19,21.10.2018,SC Paderborn 07,1.FC Union Berlin,11336,Home Deluxe Arena,https://www.transfermarkt.de/spielbericht/index/spielbericht/3058846
2018/19,22.10.2018,MSV Duisburg,FC St. Pauli,20130,MSV-Arena,https://www.transfermarkt.de/spielbericht/index/spielbericht/3058842
2018/19,26.10.2018,SV Darmstadt 98,SpVgg Greuther Fürth,14050,Merck-Stadion am Böllenfalltor,https://www.transfermarkt.de/spielbericht/index/spielbericht/3058850
2018/19,26.10.2018,1.FC Magdeburg,Hamburger SV,23132,Avnet-Arena,https://www.transfermarkt.de/spielbericht/index/spielbericht/3058853
2018/19,27.10.2018,1.FC Köln,1.FC Heidenheim 1846,50000,RheinEnergieSTADION,https://www.transfermarkt.de/spielbericht/index/spielbericht/3058847
2018/19,27.10.2018,FC Erzgebirge Aue,Arminia Bielefeld,8050,eins Erzgebirgsstadion,https://www.transfermarkt.de/spielbericht/index/spielbericht/3058852
2018/19,27.10.2018,SC Paderborn 07,SV Sandhausen,8216,Home Deluxe Arena,https://www.transfermarkt.de/spielbericht/index/spielbericht/3058854
2018/19,28.10.2018,1.FC Union Berlin,SG Dynamo Dresden,22012,Stadion An der Alten Försterei,https://www.transfermarkt.de/spielbericht/index/spielbericht/3058849
2018/19,28.10.2018,FC St. Pauli,Holstein Kiel,29546,Millerntor-Stadion,https://www.transfermarkt.de/spielbericht/index/spielbericht/3058851
2018/19,28.10.2018,FC Ingolstadt 04,MSV Duisburg,7000,Audi Sportpark,https://www.transfermarkt.de/spielbericht/index/spielbericht/3095463
2018/19,29.10.2018,VfL Bochum,SSV Jahn Regensburg,12621,Vonovia Ruhrstadion,https://www.transfermarkt.de/spielbericht/index/spielbericht/3058848
2018/19,02.11.2018,SG Dynamo Dresden,SV Sandhausen,27253,Rudolf-Harbig-Stadion,https://www.transfermarkt.de/spielbericht/index/spielbericht/3058862
2018/19,02.11.2018,SpVgg Greuther Fürth,VfL Bochum,8750,Sportpark Ronhof | Thomas Sommer,https://www.transfermarkt.de/spielbericht/index/spielbericht/3058863
2018/19,03.11.2018,Holstein Kiel,FC Ingolstadt 04,8410,Holstein-Stadion,https://www.transfermarkt.de/spielbericht/index/spielbericht/3058856
2018/19,03.11.2018,MSV Duisburg,SC Paderborn 07,13161,MSV-Arena,https://www.transfermarkt.de/spielbericht/index/spielbericht/3058859
2018/19,03.11.2018,SV Darmstadt 98,1.FC Magdeburg,15410,Merck-Stadion am Böllenfalltor,https://www.transfermarkt.de/spielbericht/index/spielbericht/3058860
2018/19,04.11.2018,Arminia Bielefeld,FC St. Pauli,22446,SchücoArena,https://www.transfermarkt.de/spielbericht/index/spielbericht/3058857
2018/19,04.11.2018,SSV Jahn Regensburg,1.FC Union Berlin,10884,Jahnstadion Regensburg,https://www.transfermarkt.de/spielbericht/index/spielbericht/3058858
2018/19,04.11.2018,1.FC Heidenheim 1846,FC Erzgebirge Aue,10300,Voith-Arena,https://www.transfermarkt.de/spielbericht/index/spielbericht/3058861
2018/19,05.11.2018,Hamburger SV,1.FC Köln,53876,Volksparkstadion,https://www.transfermarkt.de/spielbericht/index/spielbericht/3058855
2018/19,09.11.2018,SV Sandhausen,MSV Duisburg,5534,Stadion am Hardtwald,https://www.transfermarkt.de/spielbericht/index/spielbericht/3058868
2018/19,09.11.2018,SC Paderborn 07,Holstein Kiel,10035,Home Deluxe Arena,https://www.transfermarkt.de/spielbericht/index/spielbericht/3058872
2018/19,10.11.2018,1.FC Köln,SG Dynamo Dresden,50000,RheinEnergieSTADION,https://www.transfermarkt.de/spielbericht/index/spielbericht/3058864
2018/19,10.11.2018,FC St. Pauli,1.FC Heidenheim 1846,29546,Millerntor-Stadion,https://www.transfermarkt.de/spielbericht/index/spielbericht/3058869
2018/19,10.11.2018,FC Erzgebirge Aue,Hamburger SV,16080,eins Erzgebirgsstadion,https://www.transfermarkt.de/spielbericht/index/spielbericht/3058870
2018/19,11.11.2018,1.FC Union Berlin,SpVgg Greuther Fürth,21785,Stadion An der Alten Försterei,https://www.transfermarkt.de/spielbericht/index/spielbericht/3058866
2018/19,11.11.2018,FC Ingolstadt 04,Arminia Bielefeld,7081,Audi Sportpark,https://www.transfermarkt.de/spielbericht/index/spielbericht/3058867
2018/19,11.11.2018,1.FC Magdeburg,SSV Jahn Regensburg,20336,Avnet-Arena,https://www.transfermarkt.de/spielbericht/index/spielbericht/3058871
2018/19,12.11.2018,VfL Bochum,SV Darmstadt 98,12022,Vonovia Ruhrstadion,https://www.transfermarkt.de/spielbericht/index/spielbericht/3058865
2018/19,23.11.2018,Arminia Bielefeld,MSV Duisburg,14766,SchücoArena,https://www.transfermarkt.de/spielbericht/index/spielbericht/3058913
2018/19,23.11.2018,SpVgg Greuther Fürth,1.FC Magdeburg,9390,Sportpark Ronhof | Thomas Sommer,https://www.transfermarkt.de/spielbericht/index/spielbericht/3058919
2018/19,24.11.2018,Holstein Kiel,SV Sandhausen,8404,Holstein-Stadion,https://www.transfermarkt.de/spielbericht/index/spielbericht/3058912
2018/19,24.11.2018,VfL Bochum,FC Erzgebirge Aue,17012,Vonovia Ruhrstadion,https://www.transfermarkt.de/spielbericht/index/spielbericht/3058915
2018/19,24.11.2018,SV Darmstadt 98,1.FC Köln,17400,Merck-Stadion am Böllenfalltor,https://www.transfermarkt.de/spielbericht/index/spielbericht/3058916
2018/19,25.11.2018,SSV Jahn Regensburg,FC St. Pauli,15210,Jahnstadion Regensburg,https://www.transfermarkt.de/spielbericht/index/spielbericht/3058914
2018/19,25.11.2018,1.FC Heidenheim 1846,SC Paderborn 07,10000,Voith-Arena,https://www.transfermarkt.de/spielbericht/index/spielbericht/3058917
2018/19,25.11.2018,SG Dynamo Dresden,FC Ingolstadt 04,26853,Rudolf-Harbig-Stadion,https://www.transfermarkt.de/spielbericht/index/spielbericht/3058918
2018/19,26.11.2018,Hamburger SV,1.FC Union Berlin,46000,Volksparkstadion,https://www.transfermarkt.de/spielbericht/index/spielbericht/3058911
2018/19,30.11.2018,FC Erzgebirge Aue,SSV Jahn Regensburg,7100,eins Erzgebirgsstadion,https://www.transfermarkt.de/spielbericht/index/spielbericht/3058906
2018/19,30.11.2018,SC Paderborn 07,Arminia Bielefeld,15000,Home Deluxe Arena,https://www.transfermarkt.de/spielbericht/index/spielbericht/3058908
2018/19,01.12.2018,1.FC Köln,SpVgg Greuther Fürth,49700,RheinEnergieSTADION,https://www.transfermarkt.de/spielbericht/index/spielbericht/3058900
2018/19,01.12.2018,1.FC Union Berlin,SV Darmstadt 98,21474,Stadion An der Alten Försterei,https://www.transfermarkt.de/spielbericht/index/spielbericht/3058902
2018/19,01.12.2018,FC Ingolstadt 04,Hamburger SV,13500,Audi Sportpark,https://www.transfermarkt.de/spielbericht/index/spielbericht/3058903
2018/19,01.12.2018,FC St. Pauli,SG Dynamo Dresden,29546,Millerntor-Stadion,https://www.transfermarkt.de/spielbericht/index/spielbericht/3058905
2018/19,02.12.2018,MSV Duisburg,Holstein Kiel,12000,MSV-Arena,https://www.transfermarkt.de/spielbericht/index/spielbericht/3058901
2018/19,02.12.2018,SV Sandhausen,1.FC Heidenheim 1846,4778,Stadion am Hardtwald,https://www.transfermarkt.de/spielbericht/index/spielbericht/3058904
2018/19,02.12.2018,1.FC Magdeburg,VfL Bochum,22252,Avnet-Arena,https://www.transfermarkt.de/spielbericht/index/spielbericht/3058907
2018/19,07.12.2018,Hamburger SV,SC Paderborn 07,49449,Volksparkstadion,https://www.transfermarkt.de/spielbericht/index/spielbericht/3058920
2018/19,07.12.2018,SSV Jahn Regensburg,1.FC Köln,15210,Jahnstadion Regensburg,https://www.transfermarkt.de/spielbericht/index/spielbericht/3058922
2018/19,08.12.2018,SV Darmstadt 98,FC Ingolstadt 04,16579,Merck-Stadion am Böllenfalltor,https://www.transfermarkt.de/spielbericht/index/spielbericht/3058924
2018/19,08.12.2018,1.FC Heidenheim 1846,MSV Duisburg,10250,Voith-Arena,https://www.transfermarkt.de/spielbericht/index/spielbericht/3058925
2018/19,08.12.2018,SpVgg Greuther Fürth,FC Erzgebirge Aue,9305,Sportpark Ronhof | Thomas Sommer,https://www.transfermarkt.de/spielbericht/index/spielbericht/3058927
2018/19,09.12.2018,Arminia Bielefeld,SV Sandhausen,14091,SchücoArena,https://www.transfermarkt.de/spielbericht/index/spielbericht/3058921
2018/19,09.12.2018,SG Dynamo Dresden,Holstein Kiel,26407,Rudolf-Harbig-Stadion,https://www.transfermarkt.de/spielbericht/index/spielbericht/3058926
2018/19,09.12.2018,1.FC Magdeburg,1.FC Union Berlin,23149,Avnet-Arena,https://www.transfermarkt.de/spielbericht/index/spielbericht/3058928
2018/19,10.12.2018,VfL Bochum,FC St. Pauli,22916,Vonovia Ruhrstadion,https://www.transfermarkt.de/spielbericht/index/spielbericht/3058923
2018/19,14.12.2018,Holstein Kiel,Arminia Bielefeld,8904,Holstein-Stadion,https://www.transfermarkt.de/spielbericht/index/spielbericht/3058930
2018/19,14.12.2018,MSV Duisburg,Hamburger SV,26500,MSV-Arena,https://www.transfermarkt.de/spielbericht/index/spielbericht/3058931
2018/19,15.12.2018,1.FC Union Berlin,VfL Bochum,21000,Stadion An der Alten Försterei,https://www.transfermarkt.de/spielbericht/index/spielbericht/3058932
2018/19,15.12.2018,FC St. Pauli,SpVgg Greuther Fürth,29546,Millerntor-Stadion,https://www.transfermarkt.de/spielbericht/index/spielbericht/3058935
2018/19,15.12.2018,SC Paderborn 07,SG Dynamo Dresden,9335,Home Deluxe Arena,https://www.transfermarkt.de/spielbericht/index/spielbericht/3058937
2018/19,16.12.2018,FC Ingolstadt 04,1.FC Heidenheim 1846,6965,Audi Sportpark,https://www.transfermarkt.de/spielbericht/index/spielbericht/3058933
2018/19,16.12.2018,SV Sandhausen,SSV Jahn Regensburg,4437,Stadion am Hardtwald,https://www.transfermarkt.de/spielbericht/index/spielbericht/3058934
2018/19,16.12.2018,FC Erzgebirge Aue,SV Darmstadt 98,7400,eins Erzgebirgsstadion,https://www.transfermarkt.de/spielbericht/index/spielbericht/3058936
2018/19,17.12.2018,1.FC Köln,1.FC Magdeburg,49500,RheinEnergieSTADION,https://www.transfermarkt.de/spielbericht/index/spielbericht/3058929
2018/19,21.12.2018,1.FC Köln,VfL Bochum,50000,RheinEnergieSTADION,https://www.transfermarkt.de/spielbericht/index/spielbericht/3058938
2018/19,21.12.2018,SV Sandhausen,SpVgg Greuther Fürth,4478,Stadion am Hardtwald,https://www.transfermarkt.de/spielbericht/index/spielbericht/3058943
2018/19,22.12.2018,Arminia Bielefeld,1.FC Heidenheim 1846,15874,SchücoArena,https://www.transfermarkt.de/spielbericht/index/spielbericht/3058940
2018/19,22.12.2018,FC Ingolstadt 04,SSV Jahn Regensburg,10038,Audi Sportpark,https://www.transfermarkt.de/spielbericht/index/spielbericht/3058942
2018/19,22.12.2018,FC St. Pauli,1.FC Magdeburg,29546,Millerntor-Stadion,https://www.transfermarkt.de/spielbericht/index/spielbericht/3058944
2018/19,23.12.2018,Holstein Kiel,Hamburger SV,11386,Holstein-Stadion,https://www.transfermarkt.de/spielbericht/index/spielbericht/3058939
2018/19,23.12.2018,MSV Duisburg,SG Dynamo Dresden,14836,MSV-Arena,https://www.transfermarkt.de/spielbericht/index/spielbericht/3058941
2018/19,23.12.2018,FC Erzgebirge Aue,1.FC Union Berlin,13800,eins Erzgebirgsstadion,https://www.transfermarkt.de/spielbericht/index/spielbericht/3058945
2018/19,23.12.2018,SC Paderborn 07,SV Darmstadt 98,11547,Home Deluxe Arena,https://www.transfermarkt.de/spielbericht/index/spielbericht/3058946
2018/19,29.01.2019,VfL Bochum,MSV Duisburg,17810,Vonovia Ruhrstadion,https://www.transfermarkt.de/spielbericht/index/spielbericht/3058949
2018/19,29.01.2019,SV Darmstadt 98,FC St. Pauli,11800,Merck-Stadion am Böllenfalltor,https://www.transfermarkt.de/spielbericht/index/spielbericht/3058951
2018/19,29.01.2019,SpVgg Greuther Fürth,FC Ingolstadt 04,7725,Sportpark Ronhof | Thomas Sommer,https://www.transfermarkt.de/spielbericht/index/spielbericht/3058954
2018/19,29.01.2019,1.FC Magdeburg,FC Erzgebirge Aue,18757,Avnet-Arena,https://www.transfermarkt.de/spielbericht/index/spielbericht/3058955
2018/19,30.01.2019,SSV Jahn Regensburg,SC Paderborn 07,7736,Jahnstadion Regensburg,https://www.transfermarkt.de/spielbericht/index/spielbericht/3058948
2018/19,30.01.2019,Hamburger SV,SV Sandhausen,36564,Volksparkstadion,https://www.transfermarkt.de/spielbericht/index/spielbericht/3058947
2018/19,30.01.2019,1.FC Heidenheim 1846,Holstein Kiel,9000,Voith-Arena,https://www.transfermarkt.de/spielbericht/index/spielbericht/3058952
2018/19,30.01.2019,SG Dynamo Dresden,Arminia Bielefeld,24706,Rudolf-Harbig-Stadion,https://www.transfermarkt.de/spielbericht/index/spielbericht/3058953
2018/19,31.01.2019,1.FC Union Berlin,1.FC Köln,22012,Stadion An der Alten Försterei,https://www.transfermarkt.de/spielbericht/index/spielbericht/3058950
2018/19,01.02.2019,MSV Duisburg,SV Darmstadt 98,11213,MSV-Arena,https://www.transfermarkt.de/spielbericht/index/spielbericht/3058958
2018/19,01.02.2019,FC Ingolstadt 04,1.FC Magdeburg,8216,Audi Sportpark,https://www.transfermarkt.de/spielbericht/index/spielbericht/3058959
2018/19,02.02.2019,Arminia Bielefeld,Hamburger SV,26515,SchücoArena,https://www.transfermarkt.de/spielbericht/index/spielbericht/3058957
2018/19,02.02.2019,1.FC Heidenheim 1846,SG Dynamo Dresden,11200,Voith-Arena,https://www.transfermarkt.de/spielbericht/index/spielbericht/3058962
2018/19,02.02.2019,SC Paderborn 07,SpVgg Greuther Fürth,9220,Home Deluxe Arena,https://www.transfermarkt.de/spielbericht/index/spielbericht/3058964
2018/19,03.02.2019,Holstein Kiel,SSV Jahn Regensburg,8235,Holstein-Stadion,https://www.transfermarkt.de/spielbericht/index/spielbericht/3058956
2018/19,03.02.2019,SV Sandhausen,VfL Bochum,5524,Stadion am Hardtwald,https://www.transfermarkt.de/spielbericht/index/spielbericht/3058960
2018/19,04.02.2019,FC St. Pauli,1.FC Union Berlin,29546,Millerntor-Stadion,https://www.transfermarkt.de/spielbericht/index/spielbericht/3058961
2018/19,27.02.2019,FC Erzgebirge Aue,1.FC Köln,13089,eins Erzgebirgsstadion,https://www.transfermarkt.de/spielbericht/index/spielbericht/3058963
2018/19,08.02.2019,1.FC Köln,FC St. Pauli,50000,RheinEnergieSTADION,https://www.transfermarkt.de/spielbericht/index/spielbericht/3058966
2018/19,08.02.2019,SSV Jahn Regensburg,Arminia Bielefeld,8639,Jahnstadion Regensburg,https://www.transfermarkt.de/spielbericht/index/spielbericht/3058967
2018/19,09.02.2019,VfL Bochum,SC Paderborn 07,16033,Vonovia Ruhrstadion,https://www.transfermarkt.de/spielbericht/index/spielbericht/3058968
2018/19,09.02.2019,1.FC Union Berlin,SV Sandhausen,19542,Stadion An der Alten Försterei,https://www.transfermarkt.de/spielbericht/index/spielbericht/3058969
2018/19,09.02.2019,SpVgg Greuther Fürth,MSV Duisburg,8635,Sportpark Ronhof | Thomas Sommer,https://www.transfermarkt.de/spielbericht/index/spielbericht/3058971
2018/19,10.02.2019,SV Darmstadt 98,1.FC Heidenheim 1846,10120,Merck-Stadion am Böllenfalltor,https://www.transfermarkt.de/spielbericht/index/spielbericht/3058970
2018/19,10.02.2019,FC Erzgebirge Aue,FC Ingolstadt 04,7100,eins Erzgebirgsstadion,https://www.transfermarkt.de/spielbericht/index/spielbericht/3058972
2018/19,10.02.2019,1.FC Magdeburg,Holstein Kiel,19704,Avnet-Arena,https://www.transfermarkt.de/spielbericht/index/spielbericht/3058973
2018/19,11.02.2019,Hamburger SV,SG Dynamo Dresden,46924,Volksparkstadion,https://www.transfermarkt.de/spielbericht/index/spielbericht/3058965
2018/19,15.02.2019,SV Sandhausen,SV Darmstadt 98,7624,Stadion am Hardtwald,https://www.transfermarkt.de/spielbericht/index/spielbericht/3058978
2018/19,15.02.2019,SC Paderborn 07,1.FC Köln,15000,Home Deluxe Arena,https://www.transfermarkt.de/spielbericht/index/spielbericht/3058982
2018/19,16.02.2019,MSV Duisburg,1.FC Union Berlin,12316,MSV-Arena,https://www.transfermarkt.de/spielbericht/index/spielbericht/3058976
2018/19,16.02.2019,FC Ingolstadt 04,VfL Bochum,7464,Audi Sportpark,https://www.transfermarkt.de/spielbericht/index/spielbericht/3058977
2018/19,16.02.2019,FC St. Pauli,FC Erzgebirge Aue,29546,Millerntor-Stadion,https://www.transfermarkt.de/spielbericht/index/spielbericht/3058979
2018/19,16.02.2019,1.FC Heidenheim 1846,Hamburger SV,15000,Voith-Arena,https://www.transfermarkt.de/spielbericht/index/spielbericht/3058980
2018/19,17.02.2019,Holstein Kiel,SpVgg Greuther Fürth,8669,Holstein-Stadion,https://www.transfermarkt.de/spielbericht/index/spielbericht/3058974
2018/19,17.02.2019,Arminia Bielefeld,1.FC Magdeburg,19568,SchücoArena,https://www.transfermarkt.de/spielbericht/index/spielbericht/3058975
2018/19,17.02.2019,SG Dynamo Dresden,SSV Jahn Regensburg,25303,Rudolf-Harbig-Stadion,https://www.transfermarkt.de/spielbericht/index/spielbericht/3058981
2018/19,22.02.2019,1.FC Union Berlin,Arminia Bielefeld,21286,Stadion An der Alten Försterei,https://www.transfermarkt.de/spielbericht/index/spielbericht/3058986
2018/19,22.02.2019,SpVgg Greuther Fürth,1.FC Heidenheim 1846,7870,Sportpark Ronhof | Thomas Sommer,https://www.transfermarkt.de/spielbericht/index/spielbericht/3058989
2018/19,23.02.2019,1.FC Köln,SV Sandhausen,49600,RheinEnergieSTADION,https://www.transfermarkt.de/spielbericht/index/spielbericht/3058983
2018/19,23.02.2019,VfL Bochum,Holstein Kiel,13398,Vonovia Ruhrstadion,https://www.transfermarkt.de/spielbericht/index/spielbericht/3058985
2018/19,23.02.2019,SV Darmstadt 98,SG Dynamo Dresden,11330,Merck-Stadion am Böllenfalltor,https://www.transfermarkt.de/spielbericht/index/spielbericht/3058987
2018/19,23.02.2019,FC St. Pauli,FC Ingolstadt 04,29546,Millerntor-Stadion,https://www.transfermarkt.de/spielbericht/index/spielbericht/3058988
2018/19,24.02.2019,SSV Jahn Regensburg,Hamburger SV,15210,Jahnstadion Regensburg,https://www.transfermarkt.de/spielbericht/index/spielbericht/3058984
2018/19,24.02.2019,FC Erzgebirge Aue,MSV Duisburg,8100,eins Erzgebirgsstadion,https://www.transfermarkt.de/spielbericht/index/spielbericht/3058990
2018/19,24.02.2019,1.FC Magdeburg,SC Paderborn 07,20201,Avnet-Arena,https://www.transfermarkt.de/spielbericht/index/spielbericht/3058991
2018/19,01.03.2019,Holstein Kiel,1.FC Union Berlin,9868,Holstein-Stadion,https://www.transfermarkt.de/spielbericht/index/spielbericht/3058993
2018/19,01.03.2019,MSV Duisburg,1.FC Magdeburg,13416,MSV-Arena,https://www.transfermarkt.de/spielbericht/index/spielbericht/3058995
2018/19,02.03.2019,SV Sandhausen,FC Erzgebirge Aue,4867,Stadion am Hardtwald,https://www.transfermarkt.de/spielbericht/index/spielbericht/3058997
2018/19,02.03.2019,1.FC Heidenheim 1846,SSV Jahn Regensburg,11100,Voith-Arena,https://www.transfermarkt.de/spielbericht/index/spielbericht/3058998
2018/19,02.03.2019,SC Paderborn 07,FC St. Pauli,14504,Home Deluxe Arena,https://www.transfermarkt.de/spielbericht/index/spielbericht/3059000
2018/19,03.03.2019,Arminia Bielefeld,SV Darmstadt 98,15011,SchücoArena,https://www.transfermarkt.de/spielbericht/index/spielbericht/3058994
2018/19,03.03.2019,FC Ingolstadt 04,1.FC Köln,11042,Audi Sportpark,https://www.transfermarkt.de/spielbericht/index/spielbericht/3058996
2018/19,03.03.2019,SG Dynamo Dresden,VfL Bochum,28153,Rudolf-Harbig-Stadion,https://www.transfermarkt.de/spielbericht/index/spielbericht/3058999
2018/19,04.03.2019,Hamburger SV,SpVgg Greuther Fürth,36560,Volksparkstadion,https://www.transfermarkt.de/spielbericht/index/spielbericht/3058992
2018/19,08.03.2019,VfL Bochum,1.FC Heidenheim 1846,13157,Vonovia Ruhrstadion,https://www.transfermarkt.de/spielbericht/index/spielbericht/3059003
2018/19,08.03.2019,1.FC Union Berlin,FC Ingolstadt 04,21419,Stadion An der Alten Försterei,https://www.transfermarkt.de/spielbericht/index/spielbericht/3059004
2018/19,09.03.2019,1.FC Köln,Arminia Bielefeld,50000,RheinEnergieSTADION,https://www.transfermarkt.de/spielbericht/index/spielbericht/3059001
2018/19,09.03.2019,SSV Jahn Regensburg,MSV Duisburg,10141,Jahnstadion Regensburg,https://www.transfermarkt.de/spielbericht/index/spielbericht/3059002
2018/19,09.03.2019,SV Darmstadt 98,Holstein Kiel,10210,Merck-Stadion am Böllenfalltor,https://www.transfermarkt.de/spielbericht/index/spielbericht/3059005
2018/19,09.03.2019,FC Erzgebirge Aue,SC Paderborn 07,7350,eins Erzgebirgsstadion,https://www.transfermarkt.de/spielbericht/index/spielbericht/3059008
2018/19,10.03.2019,FC St. Pauli,Hamburger SV,29546,Millerntor-Stadion,https://www.transfermarkt.de/spielbericht/index/spielbericht/3059006
2018/19,10.03.2019,1.FC Magdeburg,SV Sandhausen,19615,Avnet-Arena,https://www.transfermarkt.de/spielbericht/index/spielbericht/3059009
2018/19,04.04.2019,SpVgg Greuther Fürth,SG Dynamo Dresden,12590,Sportpark Ronhof | Thomas Sommer,https://www.transfermarkt.de/spielbericht/index/spielbericht/3059007
2018/19,15.03.2019,Holstein Kiel,FC Erzgebirge Aue,8800,Holstein-Stadion,https://www.transfermarkt.de/spielbericht/index/spielbericht/3059011
2018/19,15.03.2019,1.FC Heidenheim 1846,1.FC Union Berlin,11000,Voith-Arena,https://www.transfermarkt.de/spielbericht/index/spielbericht/3059016
2018/19,16.03.2019,Hamburger SV,SV Darmstadt 98,54668,Volksparkstadion,https://www.transfermarkt.de/spielbericht/index/spielbericht/3059010
2018/19,16.03.2019,SV Sandhausen,FC St. Pauli,10657,Stadion am Hardtwald,https://www.transfermarkt.de/spielbericht/index/spielbericht/3059015
2018/19,16.03.2019,SG Dynamo Dresden,1.FC Magdeburg,30500,Rudolf-Harbig-Stadion,https://www.transfermarkt.de/spielbericht/index/spielbericht/3059017
2018/19,17.03.2019,Arminia Bielefeld,VfL Bochum,18192,SchücoArena,https://www.transfermarkt.de/spielbericht/index/spielbericht/3059012
2018/19,17.03.2019,SC Paderborn 07,FC Ingolstadt 04,10696,Home Deluxe Arena,https://www.transfermarkt.de/spielbericht/index/spielbericht/3059018
2018/19,18.03.2019,SSV Jahn Regensburg,SpVgg Greuther Fürth,11330,Jahnstadion Regensburg,https://www.transfermarkt.de/spielbericht/index/spielbericht/3059013
2018/19,10.04.2019,MSV Duisburg,1.FC Köln,25675,MSV-Arena,https://www.transfermarkt.de/spielbericht/index/spielbericht/3059014
2018/19,29.03.2019,FC St. Pauli,MSV Duisburg,29546,Millerntor-Stadion,https://www.transfermarkt.de/spielbericht/index/spielbericht/3059024
2018/19,29.03.2019,1.FC Magdeburg,1.FC Heidenheim 1846,17517,Avnet-Arena,https://www.transfermarkt.de/spielbericht/index/spielbericht/3059027
2018/19,30.03.2019,VfL Bochum,Hamburger SV,26600,Vonovia Ruhrstadion,https://www.transfermarkt.de/spielbericht/index/spielbericht/3059020
2018/19,30.03.2019,1.FC Union Berlin,SC Paderborn 07,20789,Stadion An der Alten Försterei,https://www.transfermarkt.de/spielbericht/index/spielbericht/3059021
2018/19,30.03.2019,SV Darmstadt 98,SSV Jahn Regensburg,10385,Merck-Stadion am Böllenfalltor,https://www.transfermarkt.de/spielbericht/index/spielbericht/3059023
2018/19,31.03.2019,1.FC Köln,Holstein Kiel,50000,RheinEnergieSTADION,https://www.transfermarkt.de/spielbericht/index/spielbericht/3059019
2018/19,31.03.2019,FC Ingolstadt 04,SV Sandhausen,9317,Audi Sportpark,https://www.transfermarkt.de/spielbericht/index/spielbericht/3059022
2018/19,31.03.2019,SpVgg Greuther Fürth,Arminia Bielefeld,9440,Sportpark Ronhof | Thomas Sommer,https://www.transfermarkt.de/spielbericht/index/spielbericht/3059025
2018/19,01.04.2019,FC Erzgebirge Aue,SG Dynamo Dresden,14550,eins Erzgebirgsstadion,https://www.transfermarkt.de/spielbericht/index/spielbericht/3059026
2018/19,05.04.2019,Arminia Bielefeld,FC Erzgebirge Aue,18429,SchücoArena,https://www.transfermarkt.de/spielbericht/index/spielbericht/3059030
2018/19,05.04.2019,SSV Jahn Regensburg,VfL Bochum,12363,Jahnstadion Regensburg,https://www.transfermarkt.de/spielbericht/index/spielbericht/3059031
2018/19,06.04.2019,Holstein Kiel,FC St. Pauli,13274,Holstein-Stadion,https://www.transfermarkt.de/spielbericht/index/spielbericht/3059029
2018/19,06.04.2019,MSV Duisburg,FC Ingolstadt 04,14127,MSV-Arena,https://www.transfermarkt.de/spielbericht/index/spielbericht/3059032
2018/19,06.04.2019,SV Sandhausen,SC Paderborn 07,4500,Stadion am Hardtwald,https://www.transfermarkt.de/spielbericht/index/spielbericht/3059033
2018/19,07.04.2019,1.FC Heidenheim 1846,1.FC Köln,15000,Voith-Arena,https://www.transfermarkt.de/spielbericht/index/spielbericht/3059034
2018/19,07.04.2019,SG Dynamo Dresden,1.FC Union Berlin,30700,Rudolf-Harbig-Stadion,https://www.transfermarkt.de/spielbericht/index/spielbericht/3059035
2018/19,07.04.2019,SpVgg Greuther Fürth,SV Darmstadt 98,9730,Sportpark Ronhof | Thomas Sommer,https://www.transfermarkt.de/spielbericht/index/spielbericht/3059036
2018/19,08.04.2019,Hamburger SV,1.FC Magdeburg,49823,Volksparkstadion,https://www.transfermarkt.de/spielbericht/index/spielbericht/3059028
2018/19,12.04.2019,1.FC Union Berlin,SSV Jahn Regensburg,20243,Stadion An der Alten Försterei,https://www.transfermarkt.de/spielbericht/index/spielbericht/3059039
2018/19,12.04.2019,FC Erzgebirge Aue,1.FC Heidenheim 1846,7100,eins Erzgebirgsstadion,https://www.transfermarkt.de/spielbericht/index/spielbericht/3059043
2018/19,13.04.2019,SV Sandhausen,SG Dynamo Dresden,6541,Stadion am Hardtwald,https://www.transfermarkt.de/spielbericht/index/spielbericht/3059041
2018/19,13.04.2019,1.FC Magdeburg,SV Darmstadt 98,17413,Avnet-Arena,https://www.transfermarkt.de/spielbericht/index/spielbericht/3059044
2018/19,13.04.2019,SC Paderborn 07,MSV Duisburg,11111,Home Deluxe Arena,https://www.transfermarkt.de/spielbericht/index/spielbericht/3059045
2018/19,14.04.2019,VfL Bochum,SpVgg Greuther Fürth,17334,Vonovia Ruhrstadion,https://www.transfermarkt.de/spielbericht/index/spielbericht/3059038
2018/19,14.04.2019,FC Ingolstadt 04,Holstein Kiel,8377,Audi Sportpark,https://www.transfermarkt.de/spielbericht/index/spielbericht/3059040
2018/19,14.04.2019,FC St. Pauli,Arminia Bielefeld,29546,Millerntor-Stadion,https://www.transfermarkt.de/spielbericht/index/spielbericht/3059042
2018/19,15.04.2019,1.FC Köln,Hamburger SV,50000,RheinEnergieSTADION,https://www.transfermarkt.de/spielbericht/index/spielbericht/3059037
2018/19,20.04.2019,Hamburger SV,FC Erzgebirge Aue,52354,Volksparkstadion,https://www.transfermarkt.de/spielbericht/index/spielbericht/3059046
2018/19,20.04.2019,Holstein Kiel,SC Paderborn 07,13129,Holstein-Stadion,https://www.transfermarkt.de/spielbericht/index/spielbericht/3059047
2018/19,20.04.2019,MSV Duisburg,SV Sandhausen,13295,MSV-Arena,https://www.transfermarkt.de/spielbericht/index/spielbericht/3059050
2018/19,20.04.2019,SpVgg Greuther Fürth,1.FC Union Berlin,9650,Sportpark Ronhof | Thomas Sommer,https://www.transfermarkt.de/spielbericht/index/spielbericht/3059054
2018/19,21.04.2019,Arminia Bielefeld,FC Ingolstadt 04,15880,SchücoArena,https://www.transfermarkt.de/spielbericht/index/spielbericht/3059048
2018/19,21.04.2019,SSV Jahn Regensburg,1.FC Magdeburg,10543,Jahnstadion Regensburg,https://www.transfermarkt.de/spielbericht/index/spielbericht/3059049
2018/19,21.04.2019,SV Darmstadt 98,VfL Bochum,10590,Merck-Stadion am Böllenfalltor,https://www.transfermarkt.de/spielbericht/index/spielbericht/3059051
2018/19,21.04.2019,1.FC Heidenheim 1846,FC St. Pauli,13700,Voith-Arena,https://www.transfermarkt.de/spielbericht/index/spielbericht/3059052
2018/19,21.04.2019,SG Dynamo Dresden,1.FC Köln,30753,Rudolf-Harbig-Stadion,https://www.transfermarkt.de/spielbericht/index/spielbericht/3059053
2018/19,26.04.2019,1.FC Köln,SV Darmstadt 98,50000,RheinEnergieSTADION,https://www.transfermarkt.de/spielbericht/index/spielbericht/3059055
2018/19,26.04.2019,FC Ingolstadt 04,SG Dynamo Dresden,11208,Audi Sportpark,https://www.transfermarkt.de/spielbericht/index/spielbericht/3059058
2018/19,27.04.2019,SV Sandhausen,Holstein Kiel,5298,Stadion am Hardtwald,https://www.transfermarkt.de/spielbericht/index/spielbericht/3059059
2018/19,27.04.2019,FC St. Pauli,SSV Jahn Regensburg,29546,Millerntor-Stadion,https://www.transfermarkt.de/spielbericht/index/spielbericht/3059060
2018/19,27.04.2019,1.FC Magdeburg,SpVgg Greuther Fürth,18243,Avnet-Arena,https://www.transfermarkt.de/spielbericht/index/spielbericht/3059062
2018/19,28.04.2019,1.FC Union Berlin,Hamburger SV,22012,Stadion An der Alten Försterei,https://www.transfermarkt.de/spielbericht/index/spielbericht/3059057
2018/19,28.04.2019,FC Erzgebirge Aue,VfL Bochum,10150,eins Erzgebirgsstadion,https://www.transfermarkt.de/spielbericht/index/spielbericht/3059061
2018/19,28.04.2019,SC Paderborn 07,1.FC Heidenheim 1846,12588,Home Deluxe Arena,https://www.transfermarkt.de/spielbericht/index/spielbericht/3059063
2018/19,29.04.2019,MSV Duisburg,Arminia Bielefeld,13340,MSV-Arena,https://www.transfermarkt.de/spielbericht/index/spielbericht/3059056
2018/19,03.05.2019,Arminia Bielefeld,SC Paderborn 07,26300,SchücoArena,https://www.transfermarkt.de/spielbericht/index/spielbericht/3059066
2018/19,03.05.2019,SG Dynamo Dresden,FC St. Pauli,30803,Rudolf-Harbig-Stadion,https://www.transfermarkt.de/spielbericht/index/spielbericht/3059071
2018/19,04.05.2019,Hamburger SV,FC Ingolstadt 04,50768,Volksparkstadion,https://www.transfermarkt.de/spielbericht/index/spielbericht/3059064
2018/19,04.05.2019,VfL Bochum,1.FC Magdeburg,17339,Vonovia Ruhrstadion,https://www.transfermarkt.de/spielbericht/index/spielbericht/3059068
2018/19,04.05.2019,1.FC Heidenheim 1846,SV Sandhausen,10400,Voith-Arena,https://www.transfermarkt.de/spielbericht/index/spielbericht/3059070
2018/19,05.05.2019,Holstein Kiel,MSV Duisburg,12122,Holstein-Stadion,https://www.transfermarkt.de/spielbericht/index/spielbericht/3059065
2018/19,05.05.2019,SSV Jahn Regensburg,FC Erzgebirge Aue,13425,Jahnstadion Regensburg,https://www.transfermarkt.de/spielbericht/index/spielbericht/3059067
2018/19,05.05.2019,SV Darmstadt 98,1.FC Union Berlin,11510,Merck-Stadion am Böllenfalltor,https://www.transfermarkt.de/spielbericht/index/spielbericht/3059069
2018/19,06.05.2019,SpVgg Greuther Fürth,1.FC Köln,12520,Sportpark Ronhof | Thomas Sommer,https://www.transfermarkt.de/spielbericht/index/spielbericht/3059072
2018/19,12.05.2019,1.FC Köln,SSV Jahn Regensburg,50000,RheinEnergieSTADION,https://www.transfermarkt.de/spielbericht/index/spielbericht/3058747
2018/19,12.05.2019,Holstein Kiel,SG Dynamo Dresden,12712,Holstein-Stadion,https://www.transfermarkt.de/spielbericht/index/spielbericht/3058748
2018/19,12.05.2019,MSV Duisburg,1.FC Heidenheim 1846,14392,MSV-Arena,https://www.transfermarkt.de/spielbericht/index/spielbericht/3058749
2018/19,12.05.2019,1.FC Union Berlin,1.FC Magdeburg,22012,Stadion An der Alten Försterei,https://www.transfermarkt.de/spielbericht/index/spielbericht/3058750
2018/19,12.05.2019,FC Ingolstadt 04,SV Darmstadt 98,10190,Audi Sportpark,https://www.transfermarkt.de/spielbericht/index/spielbericht/3058751
2018/19,12.05.2019,SV Sandhausen,Arminia Bielefeld,7453,Stadion am Hardtwald,https://www.transfermarkt.de/spielbericht/index/spielbericht/3058752
2018/19,12.05.2019,FC St. Pauli,VfL Bochum,29546,Millerntor-Stadion,https://www.transfermarkt.de/spielbericht/index/spielbericht/3058753
2018/19,12.05.2019,FC Erzgebirge Aue,SpVgg Greuther Fürth,13600,eins Erzgebirgsstadion,https://www.transfermarkt.de/spielbericht/index/spielbericht/3058754
2018/19,12.05.2019,SC Paderborn 07,Hamburger SV,15000,Home Deluxe Arena,https://www.transfermarkt.de/spielbericht/index/spielbericht/3058755
2018/19,19.05.2019,Hamburger SV,MSV Duisburg,51147,Volksparkstadion,https://www.transfermarkt.de/spielbericht/index/spielbericht/3058738
2018/19,19.05.2019,Arminia Bielefeld,Holstein Kiel,22867,SchücoArena,https://www.transfermarkt.de/spielbericht/index/spielbericht/3058739
2018/19,19.05.2019,SSV Jahn Regensburg,SV Sandhausen,12909,Jahnstadion Regensburg,https://www.transfermarkt.de/spielbericht/index/spielbericht/3058740
2018/19,19.05.2019,VfL Bochum,1.FC Union Berlin,26000,Vonovia Ruhrstadion,https://www.transfermarkt.de/spielbericht/index/spielbericht/3058741
2018/19,19.05.2019,SV Darmstadt 98,FC Erzgebirge Aue,10570,Merck-Stadion am Böllenfalltor,https://www.transfermarkt.de/spielbericht/index/spielbericht/3058742
2018/19,19.05.2019,1.FC Heidenheim 1846,FC Ingolstadt 04,14250,Voith-Arena,https://www.transfermarkt.de/spielbericht/index/spielbericht/3058743
2018/19,19.05.2019,SG Dynamo Dresden,SC Paderborn 07,30575,Rudolf-Harbig-Stadion,https://www.transfermarkt.de/spielbericht/index/spielbericht/3058744
2018/19,19.05.2019,SpVgg Greuther Fürth,FC St. Pauli,13890,Sportpark Ronhof | Thomas Sommer,https://www.transfermarkt.de/spielbericht/index/spielbericht/3058745
2018/19,19.05.2019,1.FC Magdeburg,1.FC Köln,18902,Avnet-Arena,https://www.transfermarkt.de/spielbericht/index/spielbericht/3058746
2019/20,26.07.2019,VfB Stuttgart,Hannover 96,52021,MHPArena Stuttgart,https://www.transfermarkt.de/spielbericht/index/spielbericht/3203433
2019/20,27.07.2019,SG Dynamo Dresden,1.FC Nürnberg,29753,Rudolf-Harbig-Stadion,https://www.transfermarkt.de/spielbericht/index/spielbericht/3203438
2019/20,27.07.2019,Holstein Kiel,SV Sandhausen,10103,Holstein-Stadion,https://www.transfermarkt.de/spielbericht/index/spielbericht/3203435
2019/20,27.07.2019,VfL Osnabrück,1.FC Heidenheim 1846,12909,Bremer Brücke,https://www.transfermarkt.de/spielbericht/index/spielbericht/3203440
2019/20,28.07.2019,Hamburger SV,SV Darmstadt 98,44475,Volksparkstadion,https://www.transfermarkt.de/spielbericht/index/spielbericht/3203434
2019/20,28.07.2019,SSV Jahn Regensburg,VfL Bochum,10268,Jahnstadion Regensburg,https://www.transfermarkt.de/spielbericht/index/spielbericht/3203437
2019/20,28.07.2019,SpVgg Greuther Fürth,FC Erzgebirge Aue,9970,Sportpark Ronhof | Thomas Sommer,https://www.transfermarkt.de/spielbericht/index/spielbericht/3203439
2019/20,28.07.2019,SV Wehen Wiesbaden,Karlsruher SC,6871,BRITA Arena,https://www.transfermarkt.de/spielbericht/index/spielbericht/3203441
2019/20,29.07.2019,Arminia Bielefeld,FC St. Pauli,23857,SchücoArena,https://www.transfermarkt.de/spielbericht/index/spielbericht/3203436
2019/20,02.08.2019,VfL Bochum,Arminia Bielefeld,21708,Vonovia Ruhrstadion,https://www.transfermarkt.de/spielbericht/index/spielbericht/3203744
2019/20,02.08.2019,SV Sandhausen,VfL Osnabrück,5025,Stadion am Hardtwald,https://www.transfermarkt.de/spielbericht/index/spielbericht/3203746
2019/20,02.08.2019,FC St. Pauli,SpVgg Greuther Fürth,29546,Millerntor-Stadion,https://www.transfermarkt.de/spielbericht/index/spielbericht/3203742
2019/20,03.08.2019,Karlsruher SC,SG Dynamo Dresden,13099,BBBank Wildpark,https://www.transfermarkt.de/spielbericht/index/spielbericht/3203747
2019/20,03.08.2019,Hannover 96,SSV Jahn Regensburg,28500,Heinz-von-Heiden-Arena,https://www.transfermarkt.de/spielbericht/index/spielbericht/3203739
2019/20,04.08.2019,1.FC Heidenheim 1846,VfB Stuttgart,15000,Voith-Arena,https://www.transfermarkt.de/spielbericht/index/spielbericht/3203741
2019/20,04.08.2019,SV Darmstadt 98,Holstein Kiel,13065,Merck-Stadion am Böllenfalltor,https://www.transfermarkt.de/spielbericht/index/spielbericht/3203743
2019/20,04.08.2019,FC Erzgebirge Aue,SV Wehen Wiesbaden,9500,eins Erzgebirgsstadion,https://www.transfermarkt.de/spielbericht/index/spielbericht/3203745
2019/20,05.08.2019,1.FC Nürnberg,Hamburger SV,44497,Max-Morlock-Stadion,https://www.transfermarkt.de/spielbericht/index/spielbericht/3203740
2019/20,16.08.2019,Hamburger SV,VfL Bochum,41737,Volksparkstadion,https://www.transfermarkt.de/spielbericht/index/spielbericht/3203749
2019/20,16.08.2019,SV Sandhausen,1.FC Nürnberg,7542,Stadion am Hardtwald,https://www.transfermarkt.de/spielbericht/index/spielbericht/3203754
2019/20,17.08.2019,VfB Stuttgart,FC St. Pauli,53315,MHPArena Stuttgart,https://www.transfermarkt.de/spielbericht/index/spielbericht/3203748
2019/20,17.08.2019,Arminia Bielefeld,FC Erzgebirge Aue,15021,SchücoArena,https://www.transfermarkt.de/spielbericht/index/spielbericht/3203751
2019/20,17.08.2019,SV Wehen Wiesbaden,Hannover 96,5607,BRITA Arena,https://www.transfermarkt.de/spielbericht/index/spielbericht/3203756
2019/20,18.08.2019,Holstein Kiel,Karlsruher SC,11758,Holstein-Stadion,https://www.transfermarkt.de/spielbericht/index/spielbericht/3203750
2019/20,18.08.2019,SG Dynamo Dresden,1.FC Heidenheim 1846,26350,Rudolf-Harbig-Stadion,https://www.transfermarkt.de/spielbericht/index/spielbericht/3203752
2019/20,18.08.2019,SpVgg Greuther Fürth,SSV Jahn Regensburg,9665,Sportpark Ronhof | Thomas Sommer,https://www.transfermarkt.de/spielbericht/index/spielbericht/3203753
2019/20,19.08.2019,VfL Osnabrück,SV Darmstadt 98,14101,Bremer Brücke,https://www.transfermarkt.de/spielbericht/index/spielbericht/3203755
2019/20,23.08.2019,SV Darmstadt 98,SG Dynamo Dresden,14610,Merck-Stadion am Böllenfalltor,https://www.transfermarkt.de/spielbericht/index/spielbericht/3203769
2019/20,23.08.2019,FC Erzgebirge Aue,VfB Stuttgart,13950,eins Erzgebirgsstadion,https://www.transfermarkt.de/spielbericht/index/spielbericht/3203771
2019/20,24.08.2019,Hannover 96,SpVgg Greuther Fürth,25300,Heinz-von-Heiden-Arena,https://www.transfermarkt.de/spielbericht/index/spielbericht/3203764
2019/20,24.08.2019,SSV Jahn Regensburg,Arminia Bielefeld,9514,Jahnstadion Regensburg,https://www.transfermarkt.de/spielbericht/index/spielbericht/3203767
2019/20,24.08.2019,VfL Bochum,SV Wehen Wiesbaden,14189,Vonovia Ruhrstadion,https://www.transfermarkt.de/spielbericht/index/spielbericht/3203770
2019/20,25.08.2019,1.FC Nürnberg,VfL Osnabrück,27083,Max-Morlock-Stadion,https://www.transfermarkt.de/spielbericht/index/spielbericht/3203765
2019/20,25.08.2019,1.FC Heidenheim 1846,SV Sandhausen,10500,Voith-Arena,https://www.transfermarkt.de/spielbericht/index/spielbericht/3203766
2019/20,25.08.2019,Karlsruher SC,Hamburger SV,15000,BBBank Wildpark,https://www.transfermarkt.de/spielbericht/index/spielbericht/3203772
2019/20,26.08.2019,FC St. Pauli,Holstein Kiel,29546,Millerntor-Stadion,https://www.transfermarkt.de/spielbericht/index/spielbericht/3203768
2019/20,30.08.2019,1.FC Nürnberg,1.FC Heidenheim 1846,27444,Max-Morlock-Stadion,https://www.transfermarkt.de/spielbericht/index/spielbericht/3203781
2019/20,30.08.2019,SV Sandhausen,SV Darmstadt 98,7682,Stadion am Hardtwald,https://www.transfermarkt.de/spielbericht/index/spielbericht/3203786
2019/20,31.08.2019,Arminia Bielefeld,SpVgg Greuther Fürth,15820,SchücoArena,https://www.transfermarkt.de/spielbericht/index/spielbericht/3203784
2019/20,31.08.2019,SG Dynamo Dresden,FC St. Pauli,29953,Rudolf-Harbig-Stadion,https://www.transfermarkt.de/spielbericht/index/spielbericht/3203785
2019/20,31.08.2019,SV Wehen Wiesbaden,SSV Jahn Regensburg,3857,BRITA Arena,https://www.transfermarkt.de/spielbericht/index/spielbericht/3203788
2019/20,01.09.2019,Hamburger SV,Hannover 96,54732,Volksparkstadion,https://www.transfermarkt.de/spielbericht/index/spielbericht/3203782
2019/20,01.09.2019,Holstein Kiel,FC Erzgebirge Aue,9465,Holstein-Stadion,https://www.transfermarkt.de/spielbericht/index/spielbericht/3203783
2019/20,01.09.2019,VfL Osnabrück,Karlsruher SC,14003,Bremer Brücke,https://www.transfermarkt.de/spielbericht/index/spielbericht/3203787
2019/20,02.09.2019,VfB Stuttgart,VfL Bochum,48624,MHPArena Stuttgart,https://www.transfermarkt.de/spielbericht/index/spielbericht/3203780
2019/20,13.09.2019,SpVgg Greuther Fürth,SV Wehen Wiesbaden,8730,Sportpark Ronhof | Thomas Sommer,https://www.transfermarkt.de/spielbericht/index/spielbericht/3203802
2019/20,13.09.2019,Karlsruher SC,SV Sandhausen,13517,BBBank Wildpark,https://www.transfermarkt.de/spielbericht/index/spielbericht/3203804
2019/20,14.09.2019,Hannover 96,Arminia Bielefeld,37200,Heinz-von-Heiden-Arena,https://www.transfermarkt.de/spielbericht/index/spielbericht/3203796
2019/20,14.09.2019,1.FC Heidenheim 1846,Holstein Kiel,10800,Voith-Arena,https://www.transfermarkt.de/spielbericht/index/spielbericht/3203797
2019/20,14.09.2019,SSV Jahn Regensburg,VfB Stuttgart,15210,Jahnstadion Regensburg,https://www.transfermarkt.de/spielbericht/index/spielbericht/3203798
2019/20,15.09.2019,SV Darmstadt 98,1.FC Nürnberg,15220,Merck-Stadion am Böllenfalltor,https://www.transfermarkt.de/spielbericht/index/spielbericht/3203800
2019/20,15.09.2019,VfL Bochum,SG Dynamo Dresden,16859,Vonovia Ruhrstadion,https://www.transfermarkt.de/spielbericht/index/spielbericht/3203801
2019/20,15.09.2019,FC Erzgebirge Aue,VfL Osnabrück,9750,eins Erzgebirgsstadion,https://www.transfermarkt.de/spielbericht/index/spielbericht/3203803
2019/20,16.09.2019,FC St. Pauli,Hamburger SV,29546,Millerntor-Stadion,https://www.transfermarkt.de/spielbericht/index/spielbericht/3203799
2019/20,20.09.2019,1.FC Heidenheim 1846,SV Darmstadt 98,10800,Voith-Arena,https://www.transfermarkt.de/spielbericht/index/spielbericht/3203822
2019/20,20.09.2019,Holstein Kiel,Hannover 96,15034,Holstein-Stadion,https://www.transfermarkt.de/spielbericht/index/spielbericht/3203823
2019/20,21.09.2019,VfB Stuttgart,SpVgg Greuther Fürth,50543,MHPArena Stuttgart,https://www.transfermarkt.de/spielbericht/index/spielbericht/3203819
2019/20,21.09.2019,1.FC Nürnberg,Karlsruher SC,30332,Max-Morlock-Stadion,https://www.transfermarkt.de/spielbericht/index/spielbericht/3203820
2019/20,21.09.2019,SV Sandhausen,VfL Bochum,5339,Stadion am Hardtwald,https://www.transfermarkt.de/spielbericht/index/spielbericht/3203825
2019/20,21.09.2019,SV Wehen Wiesbaden,Arminia Bielefeld,4621,BRITA Arena,https://www.transfermarkt.de/spielbericht/index/spielbericht/3203827
2019/20,22.09.2019,Hamburger SV,FC Erzgebirge Aue,44021,Volksparkstadion,https://www.transfermarkt.de/spielbericht/index/spielbericht/3203821
2019/20,22.09.2019,SG Dynamo Dresden,SSV Jahn Regensburg,27260,Rudolf-Harbig-Stadion,https://www.transfermarkt.de/spielbericht/index/spielbericht/3203824
2019/20,22.09.2019,VfL Osnabrück,FC St. Pauli,16000,Bremer Brücke,https://www.transfermarkt.de/spielbericht/index/spielbericht/3203826
2019/20,27.09.2019,Arminia Bielefeld,VfB Stuttgart,26124,SchücoArena,https://www.transfermarkt.de/spielbericht/index/spielbericht/3203836
2019/20,27.09.2019,SV Wehen Wiesbaden,VfL Osnabrück,3723,BRITA Arena,https://www.transfermarkt.de/spielbericht/index/spielbericht/3203843
2019/20,28.09.2019,SSV Jahn Regensburg,Hamburger SV,15210,Jahnstadion Regensburg,https://www.transfermarkt.de/spielbericht/index/spielbericht/3203837
2019/20,28.09.2019,VfL Bochum,SV Darmstadt 98,14321,Vonovia Ruhrstadion,https://www.transfermarkt.de/spielbericht/index/spielbericht/3203839
2019/20,28.09.2019,Karlsruher SC,1.FC Heidenheim 1846,12713,BBBank Wildpark,https://www.transfermarkt.de/spielbericht/index/spielbericht/3203842
2019/20,29.09.2019,FC St. Pauli,SV Sandhausen,29546,Millerntor-Stadion,https://www.transfermarkt.de/spielbericht/index/spielbericht/3203838
2019/20,29.09.2019,SpVgg Greuther Fürth,Holstein Kiel,9350,Sportpark Ronhof | Thomas Sommer,https://www.transfermarkt.de/spielbericht/index/spielbericht/3203840
2019/20,29.09.2019,FC Erzgebirge Aue,SG Dynamo Dresden,15500,eins Erzgebirgsstadion,https://www.transfermarkt.de/spielbericht/index/spielbericht/3203841
2019/20,30.09.2019,Hannover 96,1.FC Nürnberg,27000,Heinz-von-Heiden-Arena,https://www.transfermarkt.de/spielbericht/index/spielbericht/3203835
2019/20,04.10.2019,VfB Stuttgart,SV Wehen Wiesbaden,49627,MHPArena Stuttgart,https://www.transfermarkt.de/spielbericht/index/spielbericht/3203844
2019/20,04.10.2019,SV Darmstadt 98,Karlsruher SC,14850,Merck-Stadion am Böllenfalltor,https://www.transfermarkt.de/spielbericht/index/spielbericht/3203849
2019/20,05.10.2019,Hamburger SV,SpVgg Greuther Fürth,44180,Volksparkstadion,https://www.transfermarkt.de/spielbericht/index/spielbericht/3203846
2019/20,05.10.2019,SG Dynamo Dresden,Hannover 96,28359,Rudolf-Harbig-Stadion,https://www.transfermarkt.de/spielbericht/index/spielbericht/3203850
2019/20,05.10.2019,SV Sandhausen,FC Erzgebirge Aue,5042,Stadion am Hardtwald,https://www.transfermarkt.de/spielbericht/index/spielbericht/3203851
2019/20,06.10.2019,1.FC Nürnberg,FC St. Pauli,32117,Max-Morlock-Stadion,https://www.transfermarkt.de/spielbericht/index/spielbericht/3203845
2019/20,06.10.2019,1.FC Heidenheim 1846,VfL Bochum,10350,Voith-Arena,https://www.transfermarkt.de/spielbericht/index/spielbericht/3203847
2019/20,06.10.2019,Holstein Kiel,SSV Jahn Regensburg,10055,Holstein-Stadion,https://www.transfermarkt.de/spielbericht/index/spielbericht/3203848
2019/20,07.10.2019,VfL Osnabrück,Arminia Bielefeld,15800,Bremer Brücke,https://www.transfermarkt.de/spielbericht/index/spielbericht/3203852
2019/20,18.10.2019,SpVgg Greuther Fürth,SG Dynamo Dresden,9770,Sportpark Ronhof | Thomas Sommer,https://www.transfermarkt.de/spielbericht/index/spielbericht/3203859
2019/20,18.10.2019,FC Erzgebirge Aue,1.FC Nürnberg,14000,eins Erzgebirgsstadion,https://www.transfermarkt.de/spielbericht/index/spielbericht/3203860
2019/20,19.10.2019,SSV Jahn Regensburg,SV Sandhausen,11342,Jahnstadion Regensburg,https://www.transfermarkt.de/spielbericht/index/spielbericht/3203856
2019/20,19.10.2019,FC St. Pauli,SV Darmstadt 98,29412,Millerntor-Stadion,https://www.transfermarkt.de/spielbericht/index/spielbericht/3203857
2019/20,19.10.2019,SV Wehen Wiesbaden,1.FC Heidenheim 1846,5023,BRITA Arena,https://www.transfermarkt.de/spielbericht/index/spielbericht/3203861
2019/20,20.10.2019,VfB Stuttgart,Holstein Kiel,54176,MHPArena Stuttgart,https://www.transfermarkt.de/spielbericht/index/spielbericht/3203853
2019/20,20.10.2019,Hannover 96,VfL Osnabrück,37600,Heinz-von-Heiden-Arena,https://www.transfermarkt.de/spielbericht/index/spielbericht/3203854
2019/20,20.10.2019,VfL Bochum,Karlsruher SC,14954,Vonovia Ruhrstadion,https://www.transfermarkt.de/spielbericht/index/spielbericht/3203858
2019/20,21.10.2019,Arminia Bielefeld,Hamburger SV,26515,SchücoArena,https://www.transfermarkt.de/spielbericht/index/spielbericht/3203855
2019/20,25.10.2019,Holstein Kiel,VfL Bochum,12359,Holstein-Stadion,https://www.transfermarkt.de/spielbericht/index/spielbericht/3203865
2019/20,25.10.2019,SV Darmstadt 98,FC Erzgebirge Aue,14095,Merck-Stadion am Böllenfalltor,https://www.transfermarkt.de/spielbericht/index/spielbericht/3203866
2019/20,26.10.2019,Hamburger SV,VfB Stuttgart,57000,Volksparkstadion,https://www.transfermarkt.de/spielbericht/index/spielbericht/3203863
2019/20,26.10.2019,SG Dynamo Dresden,Arminia Bielefeld,25197,Rudolf-Harbig-Stadion,https://www.transfermarkt.de/spielbericht/index/spielbericht/3203867
2019/20,26.10.2019,Karlsruher SC,Hannover 96,13370,BBBank Wildpark,https://www.transfermarkt.de/spielbericht/index/spielbericht/3203870
2019/20,27.10.2019,1.FC Nürnberg,SSV Jahn Regensburg,34365,Max-Morlock-Stadion,https://www.transfermarkt.de/spielbericht/index/spielbericht/3203862
2019/20,27.10.2019,1.FC Heidenheim 1846,FC St. Pauli,13500,Voith-Arena,https://www.transfermarkt.de/spielbericht/index/spielbericht/3203864
2019/20,27.10.2019,VfL Osnabrück,SpVgg Greuther Fürth,13386,Bremer Brücke,https://www.transfermarkt.de/spielbericht/index/spielbericht/3203869
2019/20,28.10.2019,SV Sandhausen,SV Wehen Wiesbaden,5965,Stadion am Hardtwald,https://www.transfermarkt.de/spielbericht/index/spielbericht/3203868
2019/20,01.11.2019,Hannover 96,SV Sandhausen,24100,Heinz-von-Heiden-Arena,https://www.transfermarkt.de/spielbericht/index/spielbericht/3203875
2019/20,01.11.2019,SSV Jahn Regensburg,VfL Osnabrück,10179,Jahnstadion Regensburg,https://www.transfermarkt.de/spielbericht/index/spielbericht/3203877
2019/20,02.11.2019,FC St. Pauli,Karlsruher SC,29546,Millerntor-Stadion,https://www.transfermarkt.de/spielbericht/index/spielbericht/3203878
2019/20,02.11.2019,SpVgg Greuther Fürth,SV Darmstadt 98,8225,Sportpark Ronhof | Thomas Sommer,https://www.transfermarkt.de/spielbericht/index/spielbericht/3203880
2019/20,02.11.2019,FC Erzgebirge Aue,1.FC Heidenheim 1846,8000,eins Erzgebirgsstadion,https://www.transfermarkt.de/spielbericht/index/spielbericht/3203881
2019/20,03.11.2019,VfB Stuttgart,SG Dynamo Dresden,52129,MHPArena Stuttgart,https://www.transfermarkt.de/spielbericht/index/spielbericht/3203874
2019/20,03.11.2019,Arminia Bielefeld,Holstein Kiel,19007,SchücoArena,https://www.transfermarkt.de/spielbericht/index/spielbericht/3203876
2019/20,03.11.2019,SV Wehen Wiesbaden,Hamburger SV,8200,BRITA Arena,https://www.transfermarkt.de/spielbericht/index/spielbericht/3203882
2019/20,04.11.2019,VfL Bochum,1.FC Nürnberg,16046,Vonovia Ruhrstadion,https://www.transfermarkt.de/spielbericht/index/spielbericht/3203879
2019/20,08.11.2019,FC St. Pauli,VfL Bochum,29546,Millerntor-Stadion,https://www.transfermarkt.de/spielbericht/index/spielbericht/3203886
2019/20,08.11.2019,SG Dynamo Dresden,SV Wehen Wiesbaden,25444,Rudolf-Harbig-Stadion,https://www.transfermarkt.de/spielbericht/index/spielbericht/3203888
2019/20,09.11.2019,Holstein Kiel,Hamburger SV,15034,Holstein-Stadion,https://www.transfermarkt.de/spielbericht/index/spielbericht/3203885
2019/20,09.11.2019,SV Sandhausen,SpVgg Greuther Fürth,5632,Stadion am Hardtwald,https://www.transfermarkt.de/spielbericht/index/spielbericht/3203889
2019/20,09.11.2019,VfL Osnabrück,VfB Stuttgart,15801,Bremer Brücke,https://www.transfermarkt.de/spielbericht/index/spielbericht/3203890
2019/20,10.11.2019,1.FC Nürnberg,Arminia Bielefeld,28624,Max-Morlock-Stadion,https://www.transfermarkt.de/spielbericht/index/spielbericht/3203883
2019/20,10.11.2019,1.FC Heidenheim 1846,Hannover 96,11100,Voith-Arena,https://www.transfermarkt.de/spielbericht/index/spielbericht/3203884
2019/20,10.11.2019,SV Darmstadt 98,SSV Jahn Regensburg,13350,Merck-Stadion am Böllenfalltor,https://www.transfermarkt.de/spielbericht/index/spielbericht/3203887
2019/20,11.11.2019,Karlsruher SC,FC Erzgebirge Aue,12283,BBBank Wildpark,https://www.transfermarkt.de/spielbericht/index/spielbericht/3203891
2019/20,22.11.2019,VfL Bochum,VfL Osnabrück,20768,Vonovia Ruhrstadion,https://www.transfermarkt.de/spielbericht/index/spielbericht/3203897
2019/20,22.11.2019,FC Erzgebirge Aue,FC St. Pauli,14000,eins Erzgebirgsstadion,https://www.transfermarkt.de/spielbericht/index/spielbericht/3203899
2019/20,23.11.2019,Hamburger SV,SG Dynamo Dresden,51586,Volksparkstadion,https://www.transfermarkt.de/spielbericht/index/spielbericht/3203894
2019/20,23.11.2019,Arminia Bielefeld,SV Sandhausen,21012,SchücoArena,https://www.transfermarkt.de/spielbericht/index/spielbericht/3203895
2019/20,23.11.2019,SV Wehen Wiesbaden,Holstein Kiel,4053,BRITA Arena,https://www.transfermarkt.de/spielbericht/index/spielbericht/3203900
2019/20,24.11.2019,VfB Stuttgart,Karlsruher SC,57483,MHPArena Stuttgart,https://www.transfermarkt.de/spielbericht/index/spielbericht/3203892
2019/20,24.11.2019,SSV Jahn Regensburg,1.FC Heidenheim 1846,11762,Jahnstadion Regensburg,https://www.transfermarkt.de/spielbericht/index/spielbericht/3203896
2019/20,24.11.2019,SpVgg Greuther Fürth,1.FC Nürnberg,15000,Sportpark Ronhof | Thomas Sommer,https://www.transfermarkt.de/spielbericht/index/spielbericht/3203898
2019/20,25.11.2019,Hannover 96,SV Darmstadt 98,22100,Heinz-von-Heiden-Arena,https://www.transfermarkt.de/spielbericht/index/spielbericht/3203893
2019/20,29.11.2019,VfL Osnabrück,Hamburger SV,15800,Bremer Brücke,https://www.transfermarkt.de/spielbericht/index/spielbericht/3203908
2019/20,29.11.2019,Karlsruher SC,SSV Jahn Regensburg,12454,BBBank Wildpark,https://www.transfermarkt.de/spielbericht/index/spielbericht/3203909
2019/20,30.11.2019,1.FC Nürnberg,SV Wehen Wiesbaden,28167,Max-Morlock-Stadion,https://www.transfermarkt.de/spielbericht/index/spielbericht/3203901
2019/20,30.11.2019,FC St. Pauli,Hannover 96,29546,Millerntor-Stadion,https://www.transfermarkt.de/spielbericht/index/spielbericht/3203903
2019/20,30.11.2019,VfL Bochum,FC Erzgebirge Aue,14794,Vonovia Ruhrstadion,https://www.transfermarkt.de/spielbericht/index/spielbericht/3203905
2019/20,30.11.2019,SG Dynamo Dresden,Holstein Kiel,24811,Rudolf-Harbig-Stadion,https://www.transfermarkt.de/spielbericht/index/spielbericht/3203906
2019/20,01.12.2019,1.FC Heidenheim 1846,SpVgg Greuther Fürth,10700,Voith-Arena,https://www.transfermarkt.de/spielbericht/index/spielbericht/3203902
2019/20,01.12.2019,SV Darmstadt 98,Arminia Bielefeld,13900,Merck-Stadion am Böllenfalltor,https://www.transfermarkt.de/spielbericht/index/spielbericht/3203904
2019/20,01.12.2019,SV Sandhausen,VfB Stuttgart,13689,Stadion am Hardtwald,https://www.transfermarkt.de/spielbericht/index/spielbericht/3203907
2019/20,06.12.2019,Hamburger SV,1.FC Heidenheim 1846,42190,Volksparkstadion,https://www.transfermarkt.de/spielbericht/index/spielbericht/3203919
2019/20,06.12.2019,Arminia Bielefeld,Karlsruher SC,20426,SchücoArena,https://www.transfermarkt.de/spielbericht/index/spielbericht/3203921
2019/20,07.12.2019,Hannover 96,FC Erzgebirge Aue,26200,Heinz-von-Heiden-Arena,https://www.transfermarkt.de/spielbericht/index/spielbericht/3203918
2019/20,07.12.2019,Holstein Kiel,VfL Osnabrück,11920,Holstein-Stadion,https://www.transfermarkt.de/spielbericht/index/spielbericht/3203920
2019/20,07.12.2019,SpVgg Greuther Fürth,VfL Bochum,8875,Sportpark Ronhof | Thomas Sommer,https://www.transfermarkt.de/spielbericht/index/spielbericht/3203924
2019/20,08.12.2019,SSV Jahn Regensburg,FC St. Pauli,15026,Jahnstadion Regensburg,https://www.transfermarkt.de/spielbericht/index/spielbericht/3203922
2019/20,08.12.2019,SG Dynamo Dresden,SV Sandhausen,26019,Rudolf-Harbig-Stadion,https://www.transfermarkt.de/spielbericht/index/spielbericht/3203923
2019/20,08.12.2019,SV Wehen Wiesbaden,SV Darmstadt 98,8034,BRITA Arena,https://www.transfermarkt.de/spielbericht/index/spielbericht/3203925
2019/20,09.12.2019,VfB Stuttgart,1.FC Nürnberg,48971,MHPArena Stuttgart,https://www.transfermarkt.de/spielbericht/index/spielbericht/3203917
2019/20,13.12.2019,VfL Bochum,Hannover 96,16519,Vonovia Ruhrstadion,https://www.transfermarkt.de/spielbericht/index/spielbericht/3203932
2019/20,13.12.2019,FC Erzgebirge Aue,SSV Jahn Regensburg,8300,eins Erzgebirgsstadion,https://www.transfermarkt.de/spielbericht/index/spielbericht/3203933
2019/20,14.12.2019,1.FC Heidenheim 1846,Arminia Bielefeld,11200,Voith-Arena,https://www.transfermarkt.de/spielbericht/index/spielbericht/3203929
2019/20,14.12.2019,FC St. Pauli,SV Wehen Wiesbaden,29211,Millerntor-Stadion,https://www.transfermarkt.de/spielbericht/index/spielbericht/3203930
2019/20,14.12.2019,Karlsruher SC,SpVgg Greuther Fürth,12750,BBBank Wildpark,https://www.transfermarkt.de/spielbericht/index/spielbericht/3203936
2019/20,15.12.2019,1.FC Nürnberg,Holstein Kiel,25275,Max-Morlock-Stadion,https://www.transfermarkt.de/spielbericht/index/spielbericht/3203928
2019/20,15.12.2019,SV Sandhausen,Hamburger SV,12958,Stadion am Hardtwald,https://www.transfermarkt.de/spielbericht/index/spielbericht/3203934
2019/20,15.12.2019,VfL Osnabrück,SG Dynamo Dresden,15352,Bremer Brücke,https://www.transfermarkt.de/spielbericht/index/spielbericht/3203935
2019/20,16.12.2019,SV Darmstadt 98,VfB Stuttgart,14875,Merck-Stadion am Böllenfalltor,https://www.transfermarkt.de/spielbericht/index/spielbericht/3203931
2019/20,20.12.2019,1.FC Nürnberg,SG Dynamo Dresden,29741,Max-Morlock-Stadion,https://www.transfermarkt.de/spielbericht/index/spielbericht/3203945
2019/20,20.12.2019,Karlsruher SC,SV Wehen Wiesbaden,12693,BBBank Wildpark,https://www.transfermarkt.de/spielbericht/index/spielbericht/3203952
2019/20,21.12.2019,Hannover 96,VfB Stuttgart,35200,Heinz-von-Heiden-Arena,https://www.transfermarkt.de/spielbericht/index/spielbericht/3203944
2019/20,21.12.2019,FC St. Pauli,Arminia Bielefeld,29546,Millerntor-Stadion,https://www.transfermarkt.de/spielbericht/index/spielbericht/3203947
2019/20,21.12.2019,SV Darmstadt 98,Hamburger SV,14875,Merck-Stadion am Böllenfalltor,https://www.transfermarkt.de/spielbericht/index/spielbericht/3203948
2019/20,21.12.2019,FC Erzgebirge Aue,SpVgg Greuther Fürth,13200,eins Erzgebirgsstadion,https://www.transfermarkt.de/spielbericht/index/spielbericht/3203950
2019/20,22.12.2019,1.FC Heidenheim 1846,VfL Osnabrück,12100,Voith-Arena,https://www.transfermarkt.de/spielbericht/index/spielbericht/3203946
2019/20,22.12.2019,VfL Bochum,SSV Jahn Regensburg,18679,Vonovia Ruhrstadion,https://www.transfermarkt.de/spielbericht/index/spielbericht/3203949
2019/20,22.12.2019,SV Sandhausen,Holstein Kiel,4995,Stadion am Hardtwald,https://www.transfermarkt.de/spielbericht/index/spielbericht/3203951
2019/20,28.01.2020,Arminia Bielefeld,VfL Bochum,19685,SchücoArena,https://www.transfermarkt.de/spielbericht/index/spielbericht/3203977
2019/20,28.01.2020,SSV Jahn Regensburg,Hannover 96,8418,Jahnstadion Regensburg,https://www.transfermarkt.de/spielbericht/index/spielbericht/3203978
2019/20,28.01.2020,SpVgg Greuther Fürth,FC St. Pauli,9220,Sportpark Ronhof | Thomas Sommer,https://www.transfermarkt.de/spielbericht/index/spielbericht/3203980
2019/20,28.01.2020,SV Wehen Wiesbaden,FC Erzgebirge Aue,4037,BRITA Arena,https://www.transfermarkt.de/spielbericht/index/spielbericht/3203982
2019/20,29.01.2020,VfB Stuttgart,1.FC Heidenheim 1846,52585,MHPArena Stuttgart,https://www.transfermarkt.de/spielbericht/index/spielbericht/3203974
2019/20,29.01.2020,Holstein Kiel,SV Darmstadt 98,9600,Holstein-Stadion,https://www.transfermarkt.de/spielbericht/index/spielbericht/3203976
2019/20,29.01.2020,SG Dynamo Dresden,Karlsruher SC,27595,Rudolf-Harbig-Stadion,https://www.transfermarkt.de/spielbericht/index/spielbericht/3203979
2019/20,29.01.2020,VfL Osnabrück,SV Sandhausen,13298,Bremer Brücke,https://www.transfermarkt.de/spielbericht/index/spielbericht/3203981
2019/20,30.01.2020,Hamburger SV,1.FC Nürnberg,39985,Volksparkstadion,https://www.transfermarkt.de/spielbericht/index/spielbericht/3203975
2019/20,31.01.2020,SSV Jahn Regensburg,SpVgg Greuther Fürth,11013,Jahnstadion Regensburg,https://www.transfermarkt.de/spielbericht/index/spielbericht/3203993
2019/20,31.01.2020,FC Erzgebirge Aue,Arminia Bielefeld,9000,eins Erzgebirgsstadion,https://www.transfermarkt.de/spielbericht/index/spielbericht/3203997
2019/20,01.02.2020,Hannover 96,SV Wehen Wiesbaden,22400,Heinz-von-Heiden-Arena,https://www.transfermarkt.de/spielbericht/index/spielbericht/3203990
2019/20,01.02.2020,FC St. Pauli,VfB Stuttgart,29546,Millerntor-Stadion,https://www.transfermarkt.de/spielbericht/index/spielbericht/3203994
2019/20,01.02.2020,Karlsruher SC,Holstein Kiel,13500,BBBank Wildpark,https://www.transfermarkt.de/spielbericht/index/spielbericht/3203998
2019/20,02.02.2020,1.FC Nürnberg,SV Sandhausen,25094,Max-Morlock-Stadion,https://www.transfermarkt.de/spielbericht/index/spielbericht/3203991
2019/20,02.02.2020,1.FC Heidenheim 1846,SG Dynamo Dresden,12150,Voith-Arena,https://www.transfermarkt.de/spielbericht/index/spielbericht/3203992
2019/20,02.02.2020,SV Darmstadt 98,VfL Osnabrück,14825,Merck-Stadion am Böllenfalltor,https://www.transfermarkt.de/spielbericht/index/spielbericht/3203995
2019/20,03.02.2020,VfL Bochum,Hamburger SV,24421,Vonovia Ruhrstadion,https://www.transfermarkt.de/spielbericht/index/spielbericht/3203996
2019/20,07.02.2020,SG Dynamo Dresden,SV Darmstadt 98,26243,Rudolf-Harbig-Stadion,https://www.transfermarkt.de/spielbericht/index/spielbericht/3204010
2019/20,07.02.2020,SV Sandhausen,1.FC Heidenheim 1846,4726,Stadion am Hardtwald,https://www.transfermarkt.de/spielbericht/index/spielbericht/3204012
2019/20,08.02.2020,VfB Stuttgart,FC Erzgebirge Aue,50846,MHPArena Stuttgart,https://www.transfermarkt.de/spielbericht/index/spielbericht/3204006
2019/20,08.02.2020,Hamburger SV,Karlsruher SC,49581,Volksparkstadion,https://www.transfermarkt.de/spielbericht/index/spielbericht/3204007
2019/20,08.02.2020,VfL Osnabrück,1.FC Nürnberg,15313,Bremer Brücke,https://www.transfermarkt.de/spielbericht/index/spielbericht/3204013
2019/20,09.02.2020,Arminia Bielefeld,SSV Jahn Regensburg,18160,SchücoArena,https://www.transfermarkt.de/spielbericht/index/spielbericht/3204009
2019/20,09.02.2020,SpVgg Greuther Fürth,Hannover 96,9580,Sportpark Ronhof | Thomas Sommer,https://www.transfermarkt.de/spielbericht/index/spielbericht/3204011
2019/20,09.02.2020,SV Wehen Wiesbaden,VfL Bochum,5373,BRITA Arena,https://www.transfermarkt.de/spielbericht/index/spielbericht/3204014
2019/20,10.02.2020,Holstein Kiel,FC St. Pauli,14129,Holstein-Stadion,https://www.transfermarkt.de/spielbericht/index/spielbericht/3204008
2019/20,14.02.2020,1.FC Heidenheim 1846,1.FC Nürnberg,13600,Voith-Arena,https://www.transfermarkt.de/spielbericht/index/spielbericht/3204016
2019/20,14.02.2020,FC St. Pauli,SG Dynamo Dresden,28980,Millerntor-Stadion,https://www.transfermarkt.de/spielbericht/index/spielbericht/3204018
2019/20,15.02.2020,Hannover 96,Hamburger SV,49000,Heinz-von-Heiden-Arena,https://www.transfermarkt.de/spielbericht/index/spielbericht/3204015
2019/20,15.02.2020,SSV Jahn Regensburg,SV Wehen Wiesbaden,7804,Jahnstadion Regensburg,https://www.transfermarkt.de/spielbericht/index/spielbericht/3204017
2019/20,15.02.2020,SpVgg Greuther Fürth,Arminia Bielefeld,8770,Sportpark Ronhof | Thomas Sommer,https://www.transfermarkt.de/spielbericht/index/spielbericht/3204021
2019/20,16.02.2020,SV Darmstadt 98,SV Sandhausen,14310,Merck-Stadion am Böllenfalltor,https://www.transfermarkt.de/spielbericht/index/spielbericht/3204019
2019/20,16.02.2020,FC Erzgebirge Aue,Holstein Kiel,8700,eins Erzgebirgsstadion,https://www.transfermarkt.de/spielbericht/index/spielbericht/3204022
2019/20,16.02.2020,Karlsruher SC,VfL Osnabrück,12069,BBBank Wildpark,https://www.transfermarkt.de/spielbericht/index/spielbericht/3204023
2019/20,17.02.2020,VfL Bochum,VfB Stuttgart,18090,Vonovia Ruhrstadion,https://www.transfermarkt.de/spielbericht/index/spielbericht/3204020
2019/20,21.02.2020,VfL Osnabrück,FC Erzgebirge Aue,14014,Bremer Brücke,https://www.transfermarkt.de/spielbericht/index/spielbericht/3204045
2019/20,21.02.2020,SV Wehen Wiesbaden,SpVgg Greuther Fürth,3961,BRITA Arena,https://www.transfermarkt.de/spielbericht/index/spielbericht/3204046
2019/20,22.02.2020,VfB Stuttgart,SSV Jahn Regensburg,46924,MHPArena Stuttgart,https://www.transfermarkt.de/spielbericht/index/spielbericht/3204038
2019/20,22.02.2020,Hamburger SV,FC St. Pauli,57000,Volksparkstadion,https://www.transfermarkt.de/spielbericht/index/spielbericht/3204040
2019/20,22.02.2020,Holstein Kiel,1.FC Heidenheim 1846,8000,Holstein-Stadion,https://www.transfermarkt.de/spielbericht/index/spielbericht/3204041
2019/20,22.02.2020,SG Dynamo Dresden,VfL Bochum,26279,Rudolf-Harbig-Stadion,https://www.transfermarkt.de/spielbericht/index/spielbericht/3204043
2019/20,23.02.2020,1.FC Nürnberg,SV Darmstadt 98,25549,Max-Morlock-Stadion,https://www.transfermarkt.de/spielbericht/index/spielbericht/3204039
2019/20,23.02.2020,SV Sandhausen,Karlsruher SC,8469,Stadion am Hardtwald,https://www.transfermarkt.de/spielbericht/index/spielbericht/3204044
2019/20,23.02.2020,Arminia Bielefeld,Hannover 96,26285,SchücoArena,https://www.transfermarkt.de/spielbericht/index/spielbericht/3204042
2019/20,28.02.2020,SSV Jahn Regensburg,SG Dynamo Dresden,11309,Jahnstadion Regensburg,https://www.transfermarkt.de/spielbericht/index/spielbericht/3204056
2019/20,28.02.2020,Karlsruher SC,1.FC Nürnberg,14450,BBBank Wildpark,https://www.transfermarkt.de/spielbericht/index/spielbericht/3204062
2019/20,29.02.2020,SV Darmstadt 98,1.FC Heidenheim 1846,13020,Merck-Stadion am Böllenfalltor,https://www.transfermarkt.de/spielbericht/index/spielbericht/3204058
2019/20,29.02.2020,SpVgg Greuther Fürth,VfB Stuttgart,13490,Sportpark Ronhof | Thomas Sommer,https://www.transfermarkt.de/spielbericht/index/spielbericht/3204060
2019/20,29.02.2020,FC Erzgebirge Aue,Hamburger SV,15100,eins Erzgebirgsstadion,https://www.transfermarkt.de/spielbericht/index/spielbericht/3204061
2019/20,01.03.2020,Arminia Bielefeld,SV Wehen Wiesbaden,22373,SchücoArena,https://www.transfermarkt.de/spielbericht/index/spielbericht/3204055
2019/20,01.03.2020,FC St. Pauli,VfL Osnabrück,29546,Millerntor-Stadion,https://www.transfermarkt.de/spielbericht/index/spielbericht/3204057
2019/20,01.03.2020,VfL Bochum,SV Sandhausen,14000,Vonovia Ruhrstadion,https://www.transfermarkt.de/spielbericht/index/spielbericht/3204059
2019/20,02.03.2020,Hannover 96,Holstein Kiel,25200,Heinz-von-Heiden-Arena,https://www.transfermarkt.de/spielbericht/index/spielbericht/3204054
2019/20,06.03.2020,1.FC Nürnberg,Hannover 96,26745,Max-Morlock-Stadion,https://www.transfermarkt.de/spielbericht/index/spielbericht/3204071
2019/20,06.03.2020,VfL Osnabrück,SV Wehen Wiesbaden,15469,Bremer Brücke,https://www.transfermarkt.de/spielbericht/index/spielbericht/3204078
2019/20,07.03.2020,Hamburger SV,SSV Jahn Regensburg,41317,Volksparkstadion,https://www.transfermarkt.de/spielbericht/index/spielbericht/3204072
2019/20,07.03.2020,1.FC Heidenheim 1846,Karlsruher SC,12050,Voith-Arena,https://www.transfermarkt.de/spielbericht/index/spielbericht/3204073
2019/20,07.03.2020,SV Darmstadt 98,VfL Bochum,15125,Merck-Stadion am Böllenfalltor,https://www.transfermarkt.de/spielbericht/index/spielbericht/3204075
2019/20,08.03.2020,Holstein Kiel,SpVgg Greuther Fürth,9390,Holstein-Stadion,https://www.transfermarkt.de/spielbericht/index/spielbericht/3204074
2019/20,08.03.2020,SG Dynamo Dresden,FC Erzgebirge Aue,30753,Rudolf-Harbig-Stadion,https://www.transfermarkt.de/spielbericht/index/spielbericht/3204076
2019/20,08.03.2020,SV Sandhausen,FC St. Pauli,9872,Stadion am Hardtwald,https://www.transfermarkt.de/spielbericht/index/spielbericht/3204077
2019/20,09.03.2020,VfB Stuttgart,Arminia Bielefeld,54302,MHPArena Stuttgart,https://www.transfermarkt.de/spielbericht/index/spielbericht/3204070
2021/22,23.07.2021,FC Schalke 04,Hamburger SV,19770,Veltins-Arena,https://www.transfermarkt.de/spielbericht/index/spielbericht/3588157
2021/22,24.07.2021,SV Darmstadt 98,SSV Jahn Regensburg,4500,Merck-Stadion am Böllenfalltor,https://www.transfermarkt.de/spielbericht/index/spielbericht/3588159
2021/22,24.07.2021,1.FC Heidenheim 1846,SC Paderborn 07,3954,Voith-Arena,https://www.transfermarkt.de/spielbericht/index/spielbericht/3588160
2021/22,24.07.2021,SG Dynamo Dresden,FC Ingolstadt 04,7102,Rudolf-Harbig-Stadion,https://www.transfermarkt.de/spielbericht/index/spielbericht/3588164
2021/22,24.07.2021,FC Hansa Rostock,Karlsruher SC,14500,Ostseestadion,https://www.transfermarkt.de/spielbericht/index/spielbericht/3588165
2021/22,24.07.2021,SV Werder Bremen,Hannover 96,14000,Weserstadion,https://www.transfermarkt.de/spielbericht/index/spielbericht/3588158
2021/22,25.07.2021,FC St. Pauli,Holstein Kiel,8900,Millerntor-Stadion,https://www.transfermarkt.de/spielbericht/index/spielbericht/3588161
2021/22,25.07.2021,1.FC Nürnberg,FC Erzgebirge Aue,11089,Max-Morlock-Stadion,https://www.transfermarkt.de/spielbericht/index/spielbericht/3588162
2021/22,25.07.2021,SV Sandhausen,Fortuna Düsseldorf,3454,Stadion am Hardtwald,https://www.transfermarkt.de/spielbericht/index/spielbericht/3588163
2021/22,30.07.2021,Karlsruher SC,SV Darmstadt 98,9750,BBBank Wildpark,https://www.transfermarkt.de/spielbericht/index/spielbericht/3588187
2021/22,30.07.2021,SC Paderborn 07,1.FC Nürnberg,5000,Home Deluxe Arena,https://www.transfermarkt.de/spielbericht/index/spielbericht/3588188
2021/22,31.07.2021,Hannover 96,FC Hansa Rostock,13600,Heinz-von-Heiden-Arena,https://www.transfermarkt.de/spielbericht/index/spielbericht/3588190
2021/22,31.07.2021,SSV Jahn Regensburg,SV Sandhausen,5018,Jahnstadion Regensburg,https://www.transfermarkt.de/spielbericht/index/spielbericht/3588191
2021/22,31.07.2021,FC Ingolstadt 04,1.FC Heidenheim 1846,3360,Audi Sportpark,https://www.transfermarkt.de/spielbericht/index/spielbericht/3588192
2021/22,31.07.2021,Fortuna Düsseldorf,SV Werder Bremen,12850,MERKUR SPIEL-ARENA,https://www.transfermarkt.de/spielbericht/index/spielbericht/3588186
2021/22,01.08.2021,Holstein Kiel,FC Schalke 04,4100,Holstein-Stadion,https://www.transfermarkt.de/spielbericht/index/spielbericht/3588184
2021/22,01.08.2021,Hamburger SV,SG Dynamo Dresden,17100,Volksparkstadion,https://www.transfermarkt.de/spielbericht/index/spielbericht/3588185
2021/22,01.08.2021,FC Erzgebirge Aue,FC St. Pauli,6828,eins Erzgebirgsstadion,https://www.transfermarkt.de/spielbericht/index/spielbericht/3588189
2021/22,13.08.2021,FC Schalke 04,FC Erzgebirge Aue,20768,Veltins-Arena,https://www.transfermarkt.de/spielbericht/index/spielbericht/3588203
2021/22,13.08.2021,FC St. Pauli,Hamburger SV,10003,Millerntor-Stadion,https://www.transfermarkt.de/spielbericht/index/spielbericht/3588207
2021/22,14.08.2021,Holstein Kiel,SSV Jahn Regensburg,3700,Holstein-Stadion,https://www.transfermarkt.de/spielbericht/index/spielbericht/3588204
2021/22,14.08.2021,1.FC Nürnberg,Fortuna Düsseldorf,12361,Max-Morlock-Stadion,https://www.transfermarkt.de/spielbericht/index/spielbericht/3588208
2021/22,14.08.2021,SV Sandhausen,Karlsruher SC,4908,Stadion am Hardtwald,https://www.transfermarkt.de/spielbericht/index/spielbericht/3588209
2021/22,14.08.2021,SG Dynamo Dresden,Hannover 96,13780,Rudolf-Harbig-Stadion,https://www.transfermarkt.de/spielbericht/index/spielbericht/3588210
2021/22,15.08.2021,SV Werder Bremen,SC Paderborn 07,21000,Weserstadion,https://www.transfermarkt.de/spielbericht/index/spielbericht/3588202
2021/22,15.08.2021,SV Darmstadt 98,FC Ingolstadt 04,4506,Merck-Stadion am Böllenfalltor,https://www.transfermarkt.de/spielbericht/index/spielbericht/3588205
2021/22,15.08.2021,1.FC Heidenheim 1846,FC Hansa Rostock,5400,Voith-Arena,https://www.transfermarkt.de/spielbericht/index/spielbericht/3588206
2021/22,20.08.2021,Fortuna Düsseldorf,Holstein Kiel,16349,MERKUR SPIEL-ARENA,https://www.transfermarkt.de/spielbericht/index/spielbericht/3588230
2021/22,20.08.2021,Hannover 96,1.FC Heidenheim 1846,8600,Heinz-von-Heiden-Arena,https://www.transfermarkt.de/spielbericht/index/spielbericht/3588234
2021/22,21.08.2021,Karlsruher SC,SV Werder Bremen,10000,BBBank Wildpark,https://www.transfermarkt.de/spielbericht/index/spielbericht/3588231
2021/22,21.08.2021,SC Paderborn 07,FC St. Pauli,6000,Home Deluxe Arena,https://www.transfermarkt.de/spielbericht/index/spielbericht/3588232
2021/22,21.08.2021,SSV Jahn Regensburg,FC Schalke 04,5324,Jahnstadion Regensburg,https://www.transfermarkt.de/spielbericht/index/spielbericht/3588235
2021/22,21.08.2021,FC Hansa Rostock,SG Dynamo Dresden,14500,Ostseestadion,https://www.transfermarkt.de/spielbericht/index/spielbericht/3588236
2021/22,22.08.2021,Hamburger SV,SV Darmstadt 98,17950,Volksparkstadion,https://www.transfermarkt.de/spielbericht/index/spielbericht/3588229
2021/22,22.08.2021,FC Erzgebirge Aue,SV Sandhausen,6640,eins Erzgebirgsstadion,https://www.transfermarkt.de/spielbericht/index/spielbericht/3588233
2021/22,22.08.2021,FC Ingolstadt 04,1.FC Nürnberg,3533,Audi Sportpark,https://www.transfermarkt.de/spielbericht/index/spielbericht/3588237
2021/22,27.08.2021,1.FC Nürnberg,Karlsruher SC,13120,Max-Morlock-Stadion,https://www.transfermarkt.de/spielbericht/index/spielbericht/3588253
2021/22,27.08.2021,SV Sandhausen,FC Ingolstadt 04,3153,Stadion am Hardtwald,https://www.transfermarkt.de/spielbericht/index/spielbericht/3588254
2021/22,28.08.2021,Holstein Kiel,FC Erzgebirge Aue,3848,Holstein-Stadion,https://www.transfermarkt.de/spielbericht/index/spielbericht/3588249
2021/22,28.08.2021,SV Darmstadt 98,Hannover 96,6050,Merck-Stadion am Böllenfalltor,https://www.transfermarkt.de/spielbericht/index/spielbericht/3588250
2021/22,28.08.2021,1.FC Heidenheim 1846,Hamburger SV,7500,Voith-Arena,https://www.transfermarkt.de/spielbericht/index/spielbericht/3588251
2021/22,28.08.2021,FC Schalke 04,Fortuna Düsseldorf,25000,Veltins-Arena,https://www.transfermarkt.de/spielbericht/index/spielbericht/3588248
2021/22,29.08.2021,SV Werder Bremen,FC Hansa Rostock,21050,Weserstadion,https://www.transfermarkt.de/spielbericht/index/spielbericht/3588247
2021/22,29.08.2021,FC St. Pauli,SSV Jahn Regensburg,10003,Millerntor-Stadion,https://www.transfermarkt.de/spielbericht/index/spielbericht/3588252
2021/22,29.08.2021,SG Dynamo Dresden,SC Paderborn 07,16000,Rudolf-Harbig-Stadion,https://www.transfermarkt.de/spielbericht/index/spielbericht/3588255
2021/22,11.09.2021,Karlsruher SC,Holstein Kiel,10000,BBBank Wildpark,https://www.transfermarkt.de/spielbericht/index/spielbericht/3588266
2021/22,11.09.2021,Hannover 96,FC St. Pauli,16100,Heinz-von-Heiden-Arena,https://www.transfermarkt.de/spielbericht/index/spielbericht/3588270
2021/22,11.09.2021,FC Ingolstadt 04,SV Werder Bremen,5825,Audi Sportpark,https://www.transfermarkt.de/spielbericht/index/spielbericht/3588273
2021/22,11.09.2021,Hamburger SV,SV Sandhausen,19950,Volksparkstadion,https://www.transfermarkt.de/spielbericht/index/spielbericht/3588265
2021/22,12.09.2021,1.FC Heidenheim 1846,SG Dynamo Dresden,6342,Voith-Arena,https://www.transfermarkt.de/spielbericht/index/spielbericht/3588267
2021/22,12.09.2021,SC Paderborn 07,FC Schalke 04,8500,Home Deluxe Arena,https://www.transfermarkt.de/spielbericht/index/spielbericht/3588268
2021/22,12.09.2021,FC Erzgebirge Aue,Fortuna Düsseldorf,6064,eins Erzgebirgsstadion,https://www.transfermarkt.de/spielbericht/index/spielbericht/3588269
2021/22,12.09.2021,SSV Jahn Regensburg,1.FC Nürnberg,10105,Jahnstadion Regensburg,https://www.transfermarkt.de/spielbericht/index/spielbericht/3588271
2021/22,12.09.2021,FC Hansa Rostock,SV Darmstadt 98,14500,Ostseestadion,https://www.transfermarkt.de/spielbericht/index/spielbericht/3588272
2021/22,17.09.2021,FC Schalke 04,Karlsruher SC,25000,Veltins-Arena,https://www.transfermarkt.de/spielbericht/index/spielbericht/3588293
2021/22,17.09.2021,1.FC Nürnberg,FC Hansa Rostock,25000,Max-Morlock-Stadion,https://www.transfermarkt.de/spielbericht/index/spielbericht/3588298
2021/22,18.09.2021,Holstein Kiel,Hannover 96,8165,Holstein-Stadion,https://www.transfermarkt.de/spielbericht/index/spielbericht/3588294
2021/22,18.09.2021,Fortuna Düsseldorf,SSV Jahn Regensburg,19256,MERKUR SPIEL-ARENA,https://www.transfermarkt.de/spielbericht/index/spielbericht/3588295
2021/22,18.09.2021,SV Sandhausen,1.FC Heidenheim 1846,3081,Stadion am Hardtwald,https://www.transfermarkt.de/spielbericht/index/spielbericht/3588300
2021/22,18.09.2021,SV Werder Bremen,Hamburger SV,21050,Weserstadion,https://www.transfermarkt.de/spielbericht/index/spielbericht/3588292
2021/22,19.09.2021,SV Darmstadt 98,SG Dynamo Dresden,7020,Merck-Stadion am Böllenfalltor,https://www.transfermarkt.de/spielbericht/index/spielbericht/3588296
2021/22,19.09.2021,FC St. Pauli,FC Ingolstadt 04,13917,Millerntor-Stadion,https://www.transfermarkt.de/spielbericht/index/spielbericht/3588297
2021/22,19.09.2021,FC Erzgebirge Aue,SC Paderborn 07,5150,eins Erzgebirgsstadion,https://www.transfermarkt.de/spielbericht/index/spielbericht/3588299
2021/22,24.09.2021,1.FC Heidenheim 1846,SV Darmstadt 98,5095,Voith-Arena,https://www.transfermarkt.de/spielbericht/index/spielbericht/3588312
2021/22,24.09.2021,SSV Jahn Regensburg,FC Erzgebirge Aue,8127,Jahnstadion Regensburg,https://www.transfermarkt.de/spielbericht/index/spielbericht/3588315
2021/22,25.09.2021,Karlsruher SC,FC St. Pauli,12500,BBBank Wildpark,https://www.transfermarkt.de/spielbericht/index/spielbericht/3588311
2021/22,25.09.2021,SC Paderborn 07,Holstein Kiel,6656,Home Deluxe Arena,https://www.transfermarkt.de/spielbericht/index/spielbericht/3588313
2021/22,25.09.2021,FC Ingolstadt 04,Fortuna Düsseldorf,4579,Audi Sportpark,https://www.transfermarkt.de/spielbericht/index/spielbericht/3588318
2021/22,25.09.2021,FC Hansa Rostock,FC Schalke 04,14500,Ostseestadion,https://www.transfermarkt.de/spielbericht/index/spielbericht/3588317
2021/22,26.09.2021,Hamburger SV,1.FC Nürnberg,21337,Volksparkstadion,https://www.transfermarkt.de/spielbericht/index/spielbericht/3588310
2021/22,26.09.2021,Hannover 96,SV Sandhausen,10900,Heinz-von-Heiden-Arena,https://www.transfermarkt.de/spielbericht/index/spielbericht/3588314
2021/22,26.09.2021,SG Dynamo Dresden,SV Werder Bremen,16000,Rudolf-Harbig-Stadion,https://www.transfermarkt.de/spielbericht/index/spielbericht/3588316
2021/22,01.10.2021,SV Werder Bremen,1.FC Heidenheim 1846,30000,Weserstadion,https://www.transfermarkt.de/spielbericht/index/spielbericht/3588328
2021/22,01.10.2021,FC Erzgebirge Aue,Hamburger SV,7750,eins Erzgebirgsstadion,https://www.transfermarkt.de/spielbericht/index/spielbericht/3588334
2021/22,02.10.2021,Holstein Kiel,FC Hansa Rostock,9240,Holstein-Stadion,https://www.transfermarkt.de/spielbericht/index/spielbericht/3588330
2021/22,02.10.2021,Fortuna Düsseldorf,SC Paderborn 07,19727,MERKUR SPIEL-ARENA,https://www.transfermarkt.de/spielbericht/index/spielbericht/3588331
2021/22,02.10.2021,SSV Jahn Regensburg,Karlsruher SC,8790,Jahnstadion Regensburg,https://www.transfermarkt.de/spielbericht/index/spielbericht/3588335
2021/22,02.10.2021,1.FC Nürnberg,Hannover 96,24211,Max-Morlock-Stadion,https://www.transfermarkt.de/spielbericht/index/spielbericht/3588333
2021/22,03.10.2021,FC Schalke 04,FC Ingolstadt 04,26546,Veltins-Arena,https://www.transfermarkt.de/spielbericht/index/spielbericht/3588329
2021/22,03.10.2021,FC St. Pauli,SG Dynamo Dresden,14773,Millerntor-Stadion,https://www.transfermarkt.de/spielbericht/index/spielbericht/3588332
2021/22,03.10.2021,SV Sandhausen,SV Darmstadt 98,4457,Stadion am Hardtwald,https://www.transfermarkt.de/spielbericht/index/spielbericht/3588336
2021/22,15.10.2021,SC Paderborn 07,SSV Jahn Regensburg,7900,Home Deluxe Arena,https://www.transfermarkt.de/spielbericht/index/spielbericht/3588359
2021/22,15.10.2021,Hannover 96,FC Schalke 04,40000,Heinz-von-Heiden-Arena,https://www.transfermarkt.de/spielbericht/index/spielbericht/3588360
2021/22,16.10.2021,Karlsruher SC,FC Erzgebirge Aue,12000,BBBank Wildpark,https://www.transfermarkt.de/spielbericht/index/spielbericht/3588356
2021/22,16.10.2021,1.FC Heidenheim 1846,FC St. Pauli,8013,Voith-Arena,https://www.transfermarkt.de/spielbericht/index/spielbericht/3588358
2021/22,16.10.2021,FC Ingolstadt 04,Holstein Kiel,5000,Audi Sportpark,https://www.transfermarkt.de/spielbericht/index/spielbericht/3588363
2021/22,16.10.2021,Hamburger SV,Fortuna Düsseldorf,38954,Volksparkstadion,https://www.transfermarkt.de/spielbericht/index/spielbericht/3588355
2021/22,17.10.2021,SV Darmstadt 98,SV Werder Bremen,13000,Merck-Stadion am Böllenfalltor,https://www.transfermarkt.de/spielbericht/index/spielbericht/3588357
2021/22,17.10.2021,SG Dynamo Dresden,1.FC Nürnberg,16000,Rudolf-Harbig-Stadion,https://www.transfermarkt.de/spielbericht/index/spielbericht/3588361
2021/22,17.10.2021,FC Hansa Rostock,SV Sandhausen,21200,Ostseestadion,https://www.transfermarkt.de/spielbericht/index/spielbericht/3588362
2021/22,22.10.2021,SC Paderborn 07,Hamburger SV,13000,Home Deluxe Arena,https://www.transfermarkt.de/spielbericht/index/spielbericht/3588367
2021/22,22.10.2021,FC Erzgebirge Aue,FC Ingolstadt 04,7349,eins Erzgebirgsstadion,https://www.transfermarkt.de/spielbericht/index/spielbericht/3588370
2021/22,23.10.2021,Holstein Kiel,SV Darmstadt 98,7004,Holstein-Stadion,https://www.transfermarkt.de/spielbericht/index/spielbericht/3588365
2021/22,23.10.2021,Fortuna Düsseldorf,Karlsruher SC,22458,MERKUR SPIEL-ARENA,https://www.transfermarkt.de/spielbericht/index/spielbericht/3588366
2021/22,23.10.2021,1.FC Nürnberg,1.FC Heidenheim 1846,23056,Max-Morlock-Stadion,https://www.transfermarkt.de/spielbericht/index/spielbericht/3588369
2021/22,23.10.2021,FC Schalke 04,SG Dynamo Dresden,54526,Veltins-Arena,https://www.transfermarkt.de/spielbericht/index/spielbericht/3588364
2021/22,24.10.2021,FC St. Pauli,FC Hansa Rostock,22006,Millerntor-Stadion,https://www.transfermarkt.de/spielbericht/index/spielbericht/3588368
2021/22,24.10.2021,SSV Jahn Regensburg,Hannover 96,8462,Jahnstadion Regensburg,https://www.transfermarkt.de/spielbericht/index/spielbericht/3588371
2021/22,24.10.2021,SV Sandhausen,SV Werder Bremen,7252,Stadion am Hardtwald,https://www.transfermarkt.de/spielbericht/index/spielbericht/3588372
2021/22,29.10.2021,SV Darmstadt 98,1.FC Nürnberg,13000,Merck-Stadion am Böllenfalltor,https://www.transfermarkt.de/spielbericht/index/spielbericht/3588394
2021/22,29.10.2021,1.FC Heidenheim 1846,FC Schalke 04,10000,Voith-Arena,https://www.transfermarkt.de/spielbericht/index/spielbericht/3588395
2021/22,30.10.2021,SV Werder Bremen,FC St. Pauli,42100,Weserstadion,https://www.transfermarkt.de/spielbericht/index/spielbericht/3588391
2021/22,30.10.2021,Hannover 96,FC Erzgebirge Aue,9300,Heinz-von-Heiden-Arena,https://www.transfermarkt.de/spielbericht/index/spielbericht/3588396
2021/22,30.10.2021,SG Dynamo Dresden,SV Sandhausen,11144,Rudolf-Harbig-Stadion,https://www.transfermarkt.de/spielbericht/index/spielbericht/3588397
2021/22,30.10.2021,Hamburger SV,Holstein Kiel,40000,Volksparkstadion,https://www.transfermarkt.de/spielbericht/index/spielbericht/3588392
2021/22,31.10.2021,Karlsruher SC,SC Paderborn 07,14039,BBBank Wildpark,https://www.transfermarkt.de/spielbericht/index/spielbericht/3588393
2021/22,31.10.2021,FC Hansa Rostock,Fortuna Düsseldorf,21000,Ostseestadion,https://www.transfermarkt.de/spielbericht/index/spielbericht/3588398
2021/22,31.10.2021,FC Ingolstadt 04,SSV Jahn Regensburg,7024,Audi Sportpark,https://www.transfermarkt.de/spielbericht/index/spielbericht/3588399
2021/22,05.11.2021,Holstein Kiel,SG Dynamo Dresden,8919,Holstein-Stadion,https://www.transfermarkt.de/spielbericht/index/spielbericht/3588410
2021/22,05.11.2021,1.FC Nürnberg,SV Werder Bremen,25000,Max-Morlock-Stadion,https://www.transfermarkt.de/spielbericht/index/spielbericht/3588415
2021/22,06.11.2021,Fortuna Düsseldorf,Hannover 96,22398,MERKUR SPIEL-ARENA,https://www.transfermarkt.de/spielbericht/index/spielbericht/3588411
2021/22,06.11.2021,SC Paderborn 07,FC Ingolstadt 04,6625,Home Deluxe Arena,https://www.transfermarkt.de/spielbericht/index/spielbericht/3588413
2021/22,06.11.2021,SSV Jahn Regensburg,FC Hansa Rostock,8616,Jahnstadion Regensburg,https://www.transfermarkt.de/spielbericht/index/spielbericht/3588417
2021/22,06.11.2021,Karlsruher SC,Hamburger SV,20000,BBBank Wildpark,https://www.transfermarkt.de/spielbericht/index/spielbericht/3588412
2021/22,07.11.2021,FC Schalke 04,SV Darmstadt 98,51327,Veltins-Arena,https://www.transfermarkt.de/spielbericht/index/spielbericht/3588409
2021/22,07.11.2021,FC Erzgebirge Aue,1.FC Heidenheim 1846,6899,eins Erzgebirgsstadion,https://www.transfermarkt.de/spielbericht/index/spielbericht/3588416
2021/22,24.11.2021,FC St. Pauli,SV Sandhausen,23401,Millerntor-Stadion,https://www.transfermarkt.de/spielbericht/index/spielbericht/3588414
2021/22,19.11.2021,Hannover 96,SC Paderborn 07,10400,Heinz-von-Heiden-Arena,https://www.transfermarkt.de/spielbericht/index/spielbericht/3588431
2021/22,19.11.2021,SV Sandhausen,1.FC Nürnberg,4617,Stadion am Hardtwald,https://www.transfermarkt.de/spielbericht/index/spielbericht/3588432
2021/22,20.11.2021,Hamburger SV,SSV Jahn Regensburg,23505,Volksparkstadion,https://www.transfermarkt.de/spielbericht/index/spielbericht/3588428
2021/22,20.11.2021,SV Darmstadt 98,FC St. Pauli,13000,Merck-Stadion am Böllenfalltor,https://www.transfermarkt.de/spielbericht/index/spielbericht/3588429
2021/22,20.11.2021,FC Hansa Rostock,FC Erzgebirge Aue,21750,Ostseestadion,https://www.transfermarkt.de/spielbericht/index/spielbericht/3588434
2021/22,20.11.2021,SV Werder Bremen,FC Schalke 04,42100,Weserstadion,https://www.transfermarkt.de/spielbericht/index/spielbericht/3588427
2021/22,21.11.2021,1.FC Heidenheim 1846,Holstein Kiel,5021,Voith-Arena,https://www.transfermarkt.de/spielbericht/index/spielbericht/3588430
2021/22,21.11.2021,SG Dynamo Dresden,Fortuna Düsseldorf,8912,Rudolf-Harbig-Stadion,https://www.transfermarkt.de/spielbericht/index/spielbericht/3588433
2021/22,21.11.2021,FC Ingolstadt 04,Karlsruher SC,4348,Audi Sportpark,https://www.transfermarkt.de/spielbericht/index/spielbericht/3588435
2021/22,26.11.2021,Fortuna Düsseldorf,1.FC Heidenheim 1846,13873,MERKUR SPIEL-ARENA,https://www.transfermarkt.de/spielbericht/index/spielbericht/3588448
2021/22,26.11.2021,SSV Jahn Regensburg,SG Dynamo Dresden,3421,Jahnstadion Regensburg,https://www.transfermarkt.de/spielbericht/index/spielbericht/3588453
2021/22,27.11.2021,FC Schalke 04,SV Sandhausen,46319,Veltins-Arena,https://www.transfermarkt.de/spielbericht/index/spielbericht/3588445
2021/22,27.11.2021,Karlsruher SC,Hannover 96,10000,BBBank Wildpark,https://www.transfermarkt.de/spielbericht/index/spielbericht/3588449
2021/22,27.11.2021,Holstein Kiel,SV Werder Bremen,10000,Holstein-Stadion,https://www.transfermarkt.de/spielbericht/index/spielbericht/3588446
2021/22,28.11.2021,Hamburger SV,FC Ingolstadt 04,19937,Volksparkstadion,https://www.transfermarkt.de/spielbericht/index/spielbericht/3588447
2021/22,28.11.2021,SC Paderborn 07,FC Hansa Rostock,7084,Home Deluxe Arena,https://www.transfermarkt.de/spielbericht/index/spielbericht/3588450
2021/22,28.11.2021,1.FC Nürnberg,FC St. Pauli,8479,Max-Morlock-Stadion,https://www.transfermarkt.de/spielbericht/index/spielbericht/3588451
2021/22,03.12.2021,SV Werder Bremen,FC Erzgebirge Aue,15024,Weserstadion,https://www.transfermarkt.de/spielbericht/index/spielbericht/3588472
2021/22,03.12.2021,SV Darmstadt 98,Fortuna Düsseldorf,12450,Merck-Stadion am Böllenfalltor,https://www.transfermarkt.de/spielbericht/index/spielbericht/3588473
2021/22,04.12.2021,FC Hansa Rostock,FC Ingolstadt 04,1000,Ostseestadion,https://www.transfermarkt.de/spielbericht/index/spielbericht/3588480
2021/22,04.12.2021,FC St. Pauli,FC Schalke 04,19950,Millerntor-Stadion,https://www.transfermarkt.de/spielbericht/index/spielbericht/3588475
2021/22,05.12.2021,Hannover 96,Hamburger SV,22500,Heinz-von-Heiden-Arena,https://www.transfermarkt.de/spielbericht/index/spielbericht/3588477
2021/22,10.12.2021,FC Schalke 04,1.FC Nürnberg,15000,Veltins-Arena,https://www.transfermarkt.de/spielbericht/index/spielbericht/3588499
2021/22,11.12.2021,Holstein Kiel,SV Sandhausen,7879,Holstein-Stadion,https://www.transfermarkt.de/spielbericht/index/spielbericht/3588500
2021/22,11.12.2021,SC Paderborn 07,SV Darmstadt 98,2924,Home Deluxe Arena,https://www.transfermarkt.de/spielbericht/index/spielbericht/3588504
2021/22,11.12.2021,Fortuna Düsseldorf,FC St. Pauli,15000,MERKUR SPIEL-ARENA,https://www.transfermarkt.de/spielbericht/index/spielbericht/3588502
2021/22,12.12.2021,Hamburger SV,FC Hansa Rostock,15000,Volksparkstadion,https://www.transfermarkt.de/spielbericht/index/spielbericht/3588501
2021/22,17.12.2021,Holstein Kiel,FC St. Pauli,8700,Holstein-Stadion,https://www.transfermarkt.de/spielbericht/index/spielbericht/3588517
2021/22,17.12.2021,Fortuna Düsseldorf,SV Sandhausen,10543,MERKUR SPIEL-ARENA,https://www.transfermarkt.de/spielbericht/index/spielbericht/3588519
2021/22,18.12.2021,SC Paderborn 07,1.FC Heidenheim 1846,2730,Home Deluxe Arena,https://www.transfermarkt.de/spielbericht/index/spielbericht/3588521
2021/22,18.12.2021,Hamburger SV,FC Schalke 04,15000,Volksparkstadion,https://www.transfermarkt.de/spielbericht/index/spielbericht/3588518
2021/22,19.12.2021,Hannover 96,SV Werder Bremen,5000,Heinz-von-Heiden-Arena,https://www.transfermarkt.de/spielbericht/index/spielbericht/3588523
2021/22,14.01.2022,SG Dynamo Dresden,Hamburger SV,1000,Rudolf-Harbig-Stadion,https://www.transfermarkt.de/spielbericht/index/spielbericht/3588542
2021/22,15.01.2022,FC St. Pauli,FC Erzgebirge Aue,1724,Millerntor-Stadion,https://www.transfermarkt.de/spielbericht/index/spielbericht/3588539
2021/22,21.01.2022,Hamburger SV,FC St. Pauli,2000,Volksparkstadion,https://www.transfermarkt.de/spielbericht/index/spielbericht/3588553
2021/22,22.01.2022,FC Erzgebirge Aue,FC Schalke 04,1000,eins Erzgebirgsstadion,https://www.transfermarkt.de/spielbericht/index/spielbericht/3588557
2021/22,08.02.2022,Karlsruher SC,SV Sandhausen,6532,BBBank Wildpark,https://www.transfermarkt.de/spielbericht/index/spielbericht/3588555
2021/22,04.02.2022,1.FC Heidenheim 1846,Hannover 96,4350,Voith-Arena,https://www.transfermarkt.de/spielbericht/index/spielbericht/3588575
2021/22,04.02.2022,1.FC Nürnberg,FC Ingolstadt 04,10000,Max-Morlock-Stadion,https://www.transfermarkt.de/spielbericht/index/spielbericht/3588577
2021/22,05.02.2022,SV Werder Bremen,Karlsruher SC,10000,Weserstadion,https://www.transfermarkt.de/spielbericht/index/spielbericht/3588571
2021/22,05.02.2022,FC Schalke 04,SSV Jahn Regensburg,10000,Veltins-Arena,https://www.transfermarkt.de/spielbericht/index/spielbericht/3588572
2021/22,05.02.2022,SV Sandhausen,FC Erzgebirge Aue,3500,Stadion am Hardtwald,https://www.transfermarkt.de/spielbericht/index/spielbericht/3588578
2021/22,05.02.2022,FC St. Pauli,SC Paderborn 07,6012,Millerntor-Stadion,https://www.transfermarkt.de/spielbericht/index/spielbericht/3588576
2021/22,06.02.2022,SV Darmstadt 98,Hamburger SV,1000,Merck-Stadion am Böllenfalltor,https://www.transfermarkt.de/spielbericht/index/spielbericht/3588574
2021/22,06.02.2022,SG Dynamo Dresden,FC Hansa Rostock,10000,Rudolf-Harbig-Stadion,https://www.transfermarkt.de/spielbericht/index/spielbericht/3588579
2021/22,11.02.2022,FC Erzgebirge Aue,Holstein Kiel,6000,eins Erzgebirgsstadion,https://www.transfermarkt.de/spielbericht/index/spielbericht/3588602
2021/22,11.02.2022,FC Hansa Rostock,SV Werder Bremen,10000,Ostseestadion,https://www.transfermarkt.de/spielbericht/index/spielbericht/3588605
2021/22,12.02.2022,Hamburger SV,1.FC Heidenheim 1846,10000,Volksparkstadion,https://www.transfermarkt.de/spielbericht/index/spielbericht/3588598
2021/22,12.02.2022,Karlsruher SC,1.FC Nürnberg,9265,BBBank Wildpark,https://www.transfermarkt.de/spielbericht/index/spielbericht/3588600
2021/22,12.02.2022,SC Paderborn 07,SG Dynamo Dresden,3614,Home Deluxe Arena,https://www.transfermarkt.de/spielbericht/index/spielbericht/3588601
2021/22,12.02.2022,SSV Jahn Regensburg,FC St. Pauli,7605,Jahnstadion Regensburg,https://www.transfermarkt.de/spielbericht/index/spielbericht/3588604
2021/22,13.02.2022,Fortuna Düsseldorf,FC Schalke 04,10000,MERKUR SPIEL-ARENA,https://www.transfermarkt.de/spielbericht/index/spielbericht/3588599
2021/22,13.02.2022,Hannover 96,SV Darmstadt 98,3800,Heinz-von-Heiden-Arena,https://www.transfermarkt.de/spielbericht/index/spielbericht/3588603
2021/22,13.02.2022,FC Ingolstadt 04,SV Sandhausen,4247,Audi Sportpark,https://www.transfermarkt.de/spielbericht/index/spielbericht/3588606
2021/22,18.02.2022,FC Schalke 04,SC Paderborn 07,10000,Veltins-Arena,https://www.transfermarkt.de/spielbericht/index/spielbericht/3588617
2021/22,18.02.2022,SG Dynamo Dresden,1.FC Heidenheim 1846,6792,Rudolf-Harbig-Stadion,https://www.transfermarkt.de/spielbericht/index/spielbericht/3588624
2021/22,19.02.2022,SV Werder Bremen,FC Ingolstadt 04,15000,Weserstadion,https://www.transfermarkt.de/spielbericht/index/spielbericht/3588616
2021/22,19.02.2022,Holstein Kiel,Karlsruher SC,7953,Holstein-Stadion,https://www.transfermarkt.de/spielbericht/index/spielbericht/3588618
2021/22,19.02.2022,SV Sandhausen,Hamburger SV,7500,Stadion am Hardtwald,https://www.transfermarkt.de/spielbericht/index/spielbericht/3588623
2021/22,19.02.2022,1.FC Nürnberg,SSV Jahn Regensburg,23042,Max-Morlock-Stadion,https://www.transfermarkt.de/spielbericht/index/spielbericht/3588622
2021/22,20.02.2022,Fortuna Düsseldorf,FC Erzgebirge Aue,10000,MERKUR SPIEL-ARENA,https://www.transfermarkt.de/spielbericht/index/spielbericht/3588619
2021/22,20.02.2022,SV Darmstadt 98,FC Hansa Rostock,7500,Merck-Stadion am Böllenfalltor,https://www.transfermarkt.de/spielbericht/index/spielbericht/3588620
2021/22,20.02.2022,FC St. Pauli,Hannover 96,8470,Millerntor-Stadion,https://www.transfermarkt.de/spielbericht/index/spielbericht/3588621
2021/22,25.02.2022,SC Paderborn 07,FC Erzgebirge Aue,3319,Home Deluxe Arena,https://www.transfermarkt.de/spielbericht/index/spielbericht/3588637
2021/22,25.02.2022,Hannover 96,Holstein Kiel,9200,Heinz-von-Heiden-Arena,https://www.transfermarkt.de/spielbericht/index/spielbericht/3588638
2021/22,26.02.2022,Karlsruher SC,FC Schalke 04,15000,BBBank Wildpark,https://www.transfermarkt.de/spielbericht/index/spielbericht/3588635
2021/22,26.02.2022,FC Hansa Rostock,1.FC Nürnberg,10000,Ostseestadion,https://www.transfermarkt.de/spielbericht/index/spielbericht/3588641
2021/22,26.02.2022,FC Ingolstadt 04,FC St. Pauli,5511,Audi Sportpark,https://www.transfermarkt.de/spielbericht/index/spielbericht/3588642
2021/22,26.02.2022,SG Dynamo Dresden,SV Darmstadt 98,10024,Rudolf-Harbig-Stadion,https://www.transfermarkt.de/spielbericht/index/spielbericht/3588640
2021/22,27.02.2022,Hamburger SV,SV Werder Bremen,25000,Volksparkstadion,https://www.transfermarkt.de/spielbericht/index/spielbericht/3588634
2021/22,27.02.2022,1.FC Heidenheim 1846,SV Sandhausen,5961,Voith-Arena,https://www.transfermarkt.de/spielbericht/index/spielbericht/3588636
2021/22,27.02.2022,SSV Jahn Regensburg,Fortuna Düsseldorf,6319,Jahnstadion Regensburg,https://www.transfermarkt.de/spielbericht/index/spielbericht/3588639
2021/22,04.03.2022,Holstein Kiel,SC Paderborn 07,9174,Holstein-Stadion,https://www.transfermarkt.de/spielbericht/index/spielbericht/3588660
2021/22,04.03.2022,SV Darmstadt 98,1.FC Heidenheim 1846,11000,Merck-Stadion am Böllenfalltor,https://www.transfermarkt.de/spielbericht/index/spielbericht/3588662
2021/22,05.03.2022,FC Schalke 04,FC Hansa Rostock,28790,Veltins-Arena,https://www.transfermarkt.de/spielbericht/index/spielbericht/3588659
2021/22,05.03.2022,FC St. Pauli,Karlsruher SC,22158,Millerntor-Stadion,https://www.transfermarkt.de/spielbericht/index/spielbericht/3588663
2021/22,05.03.2022,SV Sandhausen,Hannover 96,3852,Stadion am Hardtwald,https://www.transfermarkt.de/spielbericht/index/spielbericht/3588666
2021/22,05.03.2022,1.FC Nürnberg,Hamburger SV,25000,Max-Morlock-Stadion,https://www.transfermarkt.de/spielbericht/index/spielbericht/3588664
2021/22,06.03.2022,SV Werder Bremen,SG Dynamo Dresden,25000,Weserstadion,https://www.transfermarkt.de/spielbericht/index/spielbericht/3588658
2021/22,06.03.2022,Fortuna Düsseldorf,FC Ingolstadt 04,15200,MERKUR SPIEL-ARENA,https://www.transfermarkt.de/spielbericht/index/spielbericht/3588661
2021/22,06.03.2022,FC Erzgebirge Aue,SSV Jahn Regensburg,6268,eins Erzgebirgsstadion,https://www.transfermarkt.de/spielbericht/index/spielbericht/3588665
2021/22,11.03.2022,SV Darmstadt 98,SV Sandhausen,11300,Merck-Stadion am Böllenfalltor,https://www.transfermarkt.de/spielbericht/index/spielbericht/3588687
2021/22,11.03.2022,FC Hansa Rostock,Holstein Kiel,21250,Ostseestadion,https://www.transfermarkt.de/spielbericht/index/spielbericht/3588692
2021/22,12.03.2022,SC Paderborn 07,Fortuna Düsseldorf,5253,Home Deluxe Arena,https://www.transfermarkt.de/spielbericht/index/spielbericht/3588689
2021/22,12.03.2022,SG Dynamo Dresden,FC St. Pauli,16000,Rudolf-Harbig-Stadion,https://www.transfermarkt.de/spielbericht/index/spielbericht/3588691
2021/22,12.03.2022,1.FC Heidenheim 1846,SV Werder Bremen,11250,Voith-Arena,https://www.transfermarkt.de/spielbericht/index/spielbericht/3588688
2021/22,13.03.2022,Karlsruher SC,SSV Jahn Regensburg,13258,BBBank Wildpark,https://www.transfermarkt.de/spielbericht/index/spielbericht/3588686
2021/22,13.03.2022,Hannover 96,1.FC Nürnberg,14300,Heinz-von-Heiden-Arena,https://www.transfermarkt.de/spielbericht/index/spielbericht/3588690
2021/22,13.03.2022,FC Ingolstadt 04,FC Schalke 04,7593,Audi Sportpark,https://www.transfermarkt.de/spielbericht/index/spielbericht/3588693
2021/22,05.04.2022,Hamburger SV,FC Erzgebirge Aue,21890,Volksparkstadion,https://www.transfermarkt.de/spielbericht/index/spielbericht/3588685
2021/22,18.03.2022,FC St. Pauli,1.FC Heidenheim 1846,27433,Millerntor-Stadion,https://www.transfermarkt.de/spielbericht/index/spielbericht/3588680
2021/22,18.03.2022,FC Erzgebirge Aue,Karlsruher SC,6619,eins Erzgebirgsstadion,https://www.transfermarkt.de/spielbericht/index/spielbericht/3588682
2021/22,19.03.2022,FC Schalke 04,Hannover 96,55152,Veltins-Arena,https://www.transfermarkt.de/spielbericht/index/spielbericht/3588677
2021/22,19.03.2022,Fortuna Düsseldorf,Hamburger SV,31353,MERKUR SPIEL-ARENA,https://www.transfermarkt.de/spielbericht/index/spielbericht/3588679
2021/22,19.03.2022,SV Sandhausen,FC Hansa Rostock,5246,Stadion am Hardtwald,https://www.transfermarkt.de/spielbericht/index/spielbericht/3588684
2021/22,19.03.2022,SV Werder Bremen,SV Darmstadt 98,41000,Weserstadion,https://www.transfermarkt.de/spielbericht/index/spielbericht/3588676
2021/22,20.03.2022,Holstein Kiel,FC Ingolstadt 04,9163,Holstein-Stadion,https://www.transfermarkt.de/spielbericht/index/spielbericht/3588678
2021/22,20.03.2022,1.FC Nürnberg,SG Dynamo Dresden,27826,Max-Morlock-Stadion,https://www.transfermarkt.de/spielbericht/index/spielbericht/3588681
2021/22,20.03.2022,SSV Jahn Regensburg,SC Paderborn 07,7680,Jahnstadion Regensburg,https://www.transfermarkt.de/spielbericht/index/spielbericht/3588683
2021/22,01.04.2022,SG Dynamo Dresden,FC Schalke 04,30273,Rudolf-Harbig-Stadion,https://www.transfermarkt.de/spielbericht/index/spielbericht/3588707
2021/22,01.04.2022,FC Ingolstadt 04,FC Erzgebirge Aue,4189,Audi Sportpark,https://www.transfermarkt.de/spielbericht/index/spielbericht/3588709
2021/22,02.04.2022,Hamburger SV,SC Paderborn 07,27136,Volksparkstadion,https://www.transfermarkt.de/spielbericht/index/spielbericht/3588702
2021/22,02.04.2022,SV Darmstadt 98,Holstein Kiel,13400,Merck-Stadion am Böllenfalltor,https://www.transfermarkt.de/spielbericht/index/spielbericht/3588704
2021/22,02.04.2022,Hannover 96,SSV Jahn Regensburg,9200,Heinz-von-Heiden-Arena,https://www.transfermarkt.de/spielbericht/index/spielbericht/3588706
2021/22,02.04.2022,FC Hansa Rostock,FC St. Pauli,25000,Ostseestadion,https://www.transfermarkt.de/spielbericht/index/spielbericht/3588708
2021/22,03.04.2022,SV Werder Bremen,SV Sandhausen,36000,Weserstadion,https://www.transfermarkt.de/spielbericht/index/spielbericht/3588701
2021/22,03.04.2022,Karlsruher SC,Fortuna Düsseldorf,17907,BBBank Wildpark,https://www.transfermarkt.de/spielbericht/index/spielbericht/3588703
2021/22,03.04.2022,1.FC Heidenheim 1846,1.FC Nürnberg,10673,Voith-Arena,https://www.transfermarkt.de/spielbericht/index/spielbericht/3588705
2021/22,08.04.2022,Fortuna Düsseldorf,FC Hansa Rostock,22346,MERKUR SPIEL-ARENA,https://www.transfermarkt.de/spielbericht/index/spielbericht/3588712
2021/22,08.04.2022,SSV Jahn Regensburg,FC Ingolstadt 04,12089,Jahnstadion Regensburg,https://www.transfermarkt.de/spielbericht/index/spielbericht/3588717
2021/22,09.04.2022,FC Schalke 04,1.FC Heidenheim 1846,57126,Veltins-Arena,https://www.transfermarkt.de/spielbericht/index/spielbericht/3588710
2021/22,09.04.2022,FC St. Pauli,SV Werder Bremen,29546,Millerntor-Stadion,https://www.transfermarkt.de/spielbericht/index/spielbericht/3588714
2021/22,09.04.2022,FC Erzgebirge Aue,Hannover 96,6196,eins Erzgebirgsstadion,https://www.transfermarkt.de/spielbericht/index/spielbericht/3588716
2021/22,09.04.2022,1.FC Nürnberg,SV Darmstadt 98,28000,Max-Morlock-Stadion,https://www.transfermarkt.de/spielbericht/index/spielbericht/3588715
2021/22,10.04.2022,Holstein Kiel,Hamburger SV,15034,Holstein-Stadion,https://www.transfermarkt.de/spielbericht/index/spielbericht/3588711
2021/22,10.04.2022,SC Paderborn 07,Karlsruher SC,9652,Home Deluxe Arena,https://www.transfermarkt.de/spielbericht/index/spielbericht/3588713
2021/22,10.04.2022,SV Sandhausen,SG Dynamo Dresden,6012,Stadion am Hardtwald,https://www.transfermarkt.de/spielbericht/index/spielbericht/3588718
2021/22,16.04.2022,Hannover 96,Fortuna Düsseldorf,17250,Heinz-von-Heiden-Arena,https://www.transfermarkt.de/spielbericht/index/spielbericht/3588723
2021/22,16.04.2022,SV Sandhausen,FC St. Pauli,7094,Stadion am Hardtwald,https://www.transfermarkt.de/spielbericht/index/spielbericht/3588724
2021/22,16.04.2022,SG Dynamo Dresden,Holstein Kiel,21544,Rudolf-Harbig-Stadion,https://www.transfermarkt.de/spielbericht/index/spielbericht/3588725
2021/22,16.04.2022,Hamburger SV,Karlsruher SC,24892,Volksparkstadion,https://www.transfermarkt.de/spielbericht/index/spielbericht/3588720
2021/22,17.04.2022,SV Werder Bremen,1.FC Nürnberg,42100,Weserstadion,https://www.transfermarkt.de/spielbericht/index/spielbericht/3588719
2021/22,17.04.2022,SV Darmstadt 98,FC Schalke 04,14500,Merck-Stadion am Böllenfalltor,https://www.transfermarkt.de/spielbericht/index/spielbericht/3588721
2021/22,17.04.2022,1.FC Heidenheim 1846,FC Erzgebirge Aue,7768,Voith-Arena,https://www.transfermarkt.de/spielbericht/index/spielbericht/3588722
2021/22,17.04.2022,FC Hansa Rostock,SSV Jahn Regensburg,26000,Ostseestadion,https://www.transfermarkt.de/spielbericht/index/spielbericht/3588726
2021/22,17.04.2022,FC Ingolstadt 04,SC Paderborn 07,4219,Audi Sportpark,https://www.transfermarkt.de/spielbericht/index/spielbericht/3588727
2021/22,22.04.2022,Fortuna Düsseldorf,SG Dynamo Dresden,25264,MERKUR SPIEL-ARENA,https://www.transfermarkt.de/spielbericht/index/spielbericht/3588730
2021/22,22.04.2022,Karlsruher SC,FC Ingolstadt 04,16655,BBBank Wildpark,https://www.transfermarkt.de/spielbericht/index/spielbericht/3588731
2021/22,23.04.2022,FC Schalke 04,SV Werder Bremen,62271,Veltins-Arena,https://www.transfermarkt.de/spielbericht/index/spielbericht/3588728
2021/22,23.04.2022,Holstein Kiel,1.FC Heidenheim 1846,10445,Holstein-Stadion,https://www.transfermarkt.de/spielbericht/index/spielbericht/3588729
2021/22,23.04.2022,SSV Jahn Regensburg,Hamburger SV,13252,Jahnstadion Regensburg,https://www.transfermarkt.de/spielbericht/index/spielbericht/3588736
2021/22,23.04.2022,FC St. Pauli,SV Darmstadt 98,29546,Millerntor-Stadion,https://www.transfermarkt.de/spielbericht/index/spielbericht/3588733
2021/22,24.04.2022,SC Paderborn 07,Hannover 96,8400,Home Deluxe Arena,https://www.transfermarkt.de/spielbericht/index/spielbericht/3588732
2021/22,24.04.2022,1.FC Nürnberg,SV Sandhausen,40103,Max-Morlock-Stadion,https://www.transfermarkt.de/spielbericht/index/spielbericht/3588734
2021/22,24.04.2022,FC Erzgebirge Aue,FC Hansa Rostock,10929,eins Erzgebirgsstadion,https://www.transfermarkt.de/spielbericht/index/spielbericht/3588735
2021/22,29.04.2022,SV Werder Bremen,Holstein Kiel,42100,Weserstadion,https://www.transfermarkt.de/spielbericht/index/spielbericht/3588737
2021/22,29.04.2022,1.FC Heidenheim 1846,Fortuna Düsseldorf,7778,Voith-Arena,https://www.transfermarkt.de/spielbericht/index/spielbericht/3588739
2021/22,29.04.2022,FC St. Pauli,1.FC Nürnberg,29312,Millerntor-Stadion,https://www.transfermarkt.de/spielbericht/index/spielbericht/3588740
2021/22,29.04.2022,Hannover 96,Karlsruher SC,13700,Heinz-von-Heiden-Arena,https://www.transfermarkt.de/spielbericht/index/spielbericht/3588741
2021/22,29.04.2022,SV Sandhausen,FC Schalke 04,12355,Stadion am Hardtwald,https://www.transfermarkt.de/spielbericht/index/spielbericht/3588742
2021/22,30.04.2022,SG Dynamo Dresden,SSV Jahn Regensburg,20376,Rudolf-Harbig-Stadion,https://www.transfermarkt.de/spielbericht/index/spielbericht/3588743
2021/22,30.04.2022,FC Hansa Rostock,SC Paderborn 07,24500,Ostseestadion,https://www.transfermarkt.de/spielbericht/index/spielbericht/3588744
2021/22,30.04.2022,FC Ingolstadt 04,Hamburger SV,8081,Audi Sportpark,https://www.transfermarkt.de/spielbericht/index/spielbericht/3588745
2021/22,30.04.2022,SV Darmstadt 98,FC Erzgebirge Aue,13850,Merck-Stadion am Böllenfalltor,https://www.transfermarkt.de/spielbericht/index/spielbericht/3588738
2021/22,06.05.2022,Fortuna Düsseldorf,SV Darmstadt 98,31622,MERKUR SPIEL-ARENA,https://www.transfermarkt.de/spielbericht/index/spielbericht/3588749
2021/22,06.05.2022,SC Paderborn 07,SV Sandhausen,7719,Home Deluxe Arena,https://www.transfermarkt.de/spielbericht/index/spielbericht/3588751
2021/22,07.05.2022,Hamburger SV,Hannover 96,57000,Volksparkstadion,https://www.transfermarkt.de/spielbericht/index/spielbericht/3588748
2021/22,07.05.2022,SSV Jahn Regensburg,1.FC Heidenheim 1846,10175,Jahnstadion Regensburg,https://www.transfermarkt.de/spielbericht/index/spielbericht/3588753
2021/22,07.05.2022,FC Ingolstadt 04,FC Hansa Rostock,6371,Audi Sportpark,https://www.transfermarkt.de/spielbericht/index/spielbericht/3588754
2021/22,07.05.2022,FC Schalke 04,FC St. Pauli,62271,Veltins-Arena,https://www.transfermarkt.de/spielbericht/index/spielbericht/3588746
2021/22,08.05.2022,Holstein Kiel,1.FC Nürnberg,12455,Holstein-Stadion,https://www.transfermarkt.de/spielbericht/index/spielbericht/3588747
2021/22,08.05.2022,Karlsruher SC,SG Dynamo Dresden,18649,BBBank Wildpark,https://www.transfermarkt.de/spielbericht/index/spielbericht/3588750
2021/22,08.05.2022,FC Erzgebirge Aue,SV Werder Bremen,12360,eins Erzgebirgsstadion,https://www.transfermarkt.de/spielbericht/index/spielbericht/3588752
2021/22,15.05.2022,SV Werder Bremen,SSV Jahn Regensburg,41000,Weserstadion,https://www.transfermarkt.de/spielbericht/index/spielbericht/3588755
2021/22,15.05.2022,SV Darmstadt 98,SC Paderborn 07,13710,Merck-Stadion am Böllenfalltor,https://www.transfermarkt.de/spielbericht/index/spielbericht/3588756
2021/22,15.05.2022,1.FC Heidenheim 1846,Karlsruher SC,10599,Voith-Arena,https://www.transfermarkt.de/spielbericht/index/spielbericht/3588757
2021/22,15.05.2022,FC St. Pauli,Fortuna Düsseldorf,29546,Millerntor-Stadion,https://www.transfermarkt.de/spielbericht/index/spielbericht/3588758
2021/22,15.05.2022,1.FC Nürnberg,FC Schalke 04,50000,Max-Morlock-Stadion,https://www.transfermarkt.de/spielbericht/index/spielbericht/3588759
2021/22,15.05.2022,Hannover 96,FC Ingolstadt 04,22300,Heinz-von-Heiden-Arena,https://www.transfermarkt.de/spielbericht/index/spielbericht/3588760
2021/22,15.05.2022,SV Sandhausen,Holstein Kiel,4878,Stadion am Hardtwald,https://www.transfermarkt.de/spielbericht/index/spielbericht/3588761
2021/22,15.05.2022,SG Dynamo Dresden,FC Erzgebirge Aue,29382,Rudolf-Harbig-Stadion,https://www.transfermarkt.de/spielbericht/index/spielbericht/3588762
2021/22,15.05.2022,FC Hansa Rostock,Hamburger SV,26150,Ostseestadion,https://www.transfermarkt.de/spielbericht/index/spielbericht/3588763
2022/23,15.07.2022,1.FC Kaiserslautern,Hannover 96,40579,Fritz-Walter-Stadion,https://www.transfermarkt.de/spielbericht/index/spielbericht/3839016
2022/23,16.07.2022,SpVgg Greuther Fürth,Holstein Kiel,8756,Sportpark Ronhof | Thomas Sommer,https://www.transfermarkt.de/spielbericht/index/spielbericht/3839017
2022/23,16.07.2022,FC St. Pauli,1.FC Nürnberg,28582,Millerntor-Stadion,https://www.transfermarkt.de/spielbericht/index/spielbericht/3839018
2022/23,16.07.2022,SV Sandhausen,Arminia Bielefeld,4709,Stadion am Hardtwald,https://www.transfermarkt.de/spielbericht/index/spielbericht/3839021
2022/23,16.07.2022,SSV Jahn Regensburg,SV Darmstadt 98,8509,Jahnstadion Regensburg,https://www.transfermarkt.de/spielbericht/index/spielbericht/3839022
2022/23,16.07.2022,1.FC Magdeburg,Fortuna Düsseldorf,22288,Avnet-Arena,https://www.transfermarkt.de/spielbericht/index/spielbericht/3839023
2022/23,17.07.2022,SC Paderborn 07,Karlsruher SC,9399,Home Deluxe Arena,https://www.transfermarkt.de/spielbericht/index/spielbericht/3839019
2022/23,17.07.2022,FC Hansa Rostock,1.FC Heidenheim 1846,24200,Ostseestadion,https://www.transfermarkt.de/spielbericht/index/spielbericht/3839020
2022/23,17.07.2022,Eintracht Braunschweig,Hamburger SV,21900,EINTRACHT-Stadion,https://www.transfermarkt.de/spielbericht/index/spielbericht/3839024
2022/23,22.07.2022,SV Darmstadt 98,SV Sandhausen,13620,Merck-Stadion am Böllenfalltor,https://www.transfermarkt.de/spielbericht/index/spielbericht/3839036
2022/23,22.07.2022,Fortuna Düsseldorf,SC Paderborn 07,22634,MERKUR SPIEL-ARENA,https://www.transfermarkt.de/spielbericht/index/spielbericht/3839040
2022/23,23.07.2022,1.FC Heidenheim 1846,Eintracht Braunschweig,7088,Voith-Arena,https://www.transfermarkt.de/spielbericht/index/spielbericht/3839037
2022/23,23.07.2022,1.FC Nürnberg,SpVgg Greuther Fürth,41204,Max-Morlock-Stadion,https://www.transfermarkt.de/spielbericht/index/spielbericht/3839038
2022/23,23.07.2022,Holstein Kiel,1.FC Kaiserslautern,13113,Holstein-Stadion,https://www.transfermarkt.de/spielbericht/index/spielbericht/3839039
2022/23,23.07.2022,Hannover 96,FC St. Pauli,33600,Heinz-von-Heiden-Arena,https://www.transfermarkt.de/spielbericht/index/spielbericht/3839041
2022/23,24.07.2022,Arminia Bielefeld,SSV Jahn Regensburg,18144,SchücoArena,https://www.transfermarkt.de/spielbericht/index/spielbericht/3839034
2022/23,24.07.2022,Hamburger SV,FC Hansa Rostock,54500,Volksparkstadion,https://www.transfermarkt.de/spielbericht/index/spielbericht/3839035
2022/23,24.07.2022,Karlsruher SC,1.FC Magdeburg,16679,BBBank Wildpark,https://www.transfermarkt.de/spielbericht/index/spielbericht/3839042
2022/23,05.08.2022,SpVgg Greuther Fürth,Karlsruher SC,9678,Sportpark Ronhof | Thomas Sommer,https://www.transfermarkt.de/spielbericht/index/spielbericht/3839043
2022/23,05.08.2022,SV Sandhausen,Fortuna Düsseldorf,4671,Stadion am Hardtwald,https://www.transfermarkt.de/spielbericht/index/spielbericht/3839047
2022/23,06.08.2022,Hamburger SV,1.FC Heidenheim 1846,43094,Volksparkstadion,https://www.transfermarkt.de/spielbericht/index/spielbericht/3839044
2022/23,06.08.2022,SC Paderborn 07,Hannover 96,11528,Home Deluxe Arena,https://www.transfermarkt.de/spielbericht/index/spielbericht/3839045
2022/23,06.08.2022,SSV Jahn Regensburg,1.FC Nürnberg,15210,Jahnstadion Regensburg,https://www.transfermarkt.de/spielbericht/index/spielbericht/3839048
2022/23,06.08.2022,FC Hansa Rostock,Arminia Bielefeld,24300,Ostseestadion,https://www.transfermarkt.de/spielbericht/index/spielbericht/3839046
2022/23,07.08.2022,1.FC Magdeburg,Holstein Kiel,19511,Avnet-Arena,https://www.transfermarkt.de/spielbericht/index/spielbericht/3839049
2022/23,07.08.2022,Eintracht Braunschweig,SV Darmstadt 98,16731,EINTRACHT-Stadion,https://www.transfermarkt.de/spielbericht/index/spielbericht/3839050
2022/23,07.08.2022,1.FC Kaiserslautern,FC St. Pauli,39579,Fritz-Walter-Stadion,https://www.transfermarkt.de/spielbericht/index/spielbericht/3839051
2022/23,12.08.2022,1.FC Nürnberg,1.FC Heidenheim 1846,27155,Max-Morlock-Stadion,https://www.transfermarkt.de/spielbericht/index/spielbericht/3839064
2022/23,12.08.2022,1.FC Kaiserslautern,SC Paderborn 07,33098,Fritz-Walter-Stadion,https://www.transfermarkt.de/spielbericht/index/spielbericht/3839069
2022/23,13.08.2022,Arminia Bielefeld,Hamburger SV,26875,SchücoArena,https://www.transfermarkt.de/spielbericht/index/spielbericht/3839061
2022/23,13.08.2022,Holstein Kiel,Eintracht Braunschweig,11575,Holstein-Stadion,https://www.transfermarkt.de/spielbericht/index/spielbericht/3839065
2022/23,13.08.2022,Karlsruher SC,SV Sandhausen,14778,BBBank Wildpark,https://www.transfermarkt.de/spielbericht/index/spielbericht/3839068
2022/23,13.08.2022,SV Darmstadt 98,FC Hansa Rostock,14120,Merck-Stadion am Böllenfalltor,https://www.transfermarkt.de/spielbericht/index/spielbericht/3839062
2022/23,14.08.2022,FC St. Pauli,1.FC Magdeburg,29164,Millerntor-Stadion,https://www.transfermarkt.de/spielbericht/index/spielbericht/3839063
2022/23,14.08.2022,Fortuna Düsseldorf,SpVgg Greuther Fürth,23861,MERKUR SPIEL-ARENA,https://www.transfermarkt.de/spielbericht/index/spielbericht/3839066
2022/23,14.08.2022,Hannover 96,SSV Jahn Regensburg,20700,Heinz-von-Heiden-Arena,https://www.transfermarkt.de/spielbericht/index/spielbericht/3839067
2022/23,19.08.2022,Hamburger SV,SV Darmstadt 98,43943,Volksparkstadion,https://www.transfermarkt.de/spielbericht/index/spielbericht/3839071
2022/23,19.08.2022,1.FC Magdeburg,Hannover 96,23908,Avnet-Arena,https://www.transfermarkt.de/spielbericht/index/spielbericht/3839077
2022/23,20.08.2022,SC Paderborn 07,Holstein Kiel,9641,Home Deluxe Arena,https://www.transfermarkt.de/spielbericht/index/spielbericht/3839073
2022/23,20.08.2022,SV Sandhausen,1.FC Nürnberg,5701,Stadion am Hardtwald,https://www.transfermarkt.de/spielbericht/index/spielbericht/3839075
2022/23,20.08.2022,SSV Jahn Regensburg,Karlsruher SC,9612,Jahnstadion Regensburg,https://www.transfermarkt.de/spielbericht/index/spielbericht/3839076
2022/23,20.08.2022,Eintracht Braunschweig,Fortuna Düsseldorf,17471,EINTRACHT-Stadion,https://www.transfermarkt.de/spielbericht/index/spielbericht/3839078
2022/23,21.08.2022,SpVgg Greuther Fürth,1.FC Kaiserslautern,12475,Sportpark Ronhof | Thomas Sommer,https://www.transfermarkt.de/spielbericht/index/spielbericht/3839070
2022/23,21.08.2022,1.FC Heidenheim 1846,Arminia Bielefeld,8395,Voith-Arena,https://www.transfermarkt.de/spielbericht/index/spielbericht/3839072
2022/23,21.08.2022,FC Hansa Rostock,FC St. Pauli,26000,Ostseestadion,https://www.transfermarkt.de/spielbericht/index/spielbericht/3839074
2022/23,26.08.2022,Arminia Bielefeld,Eintracht Braunschweig,18057,SchücoArena,https://www.transfermarkt.de/spielbericht/index/spielbericht/3839088
2022/23,26.08.2022,Fortuna Düsseldorf,SSV Jahn Regensburg,22500,MERKUR SPIEL-ARENA,https://www.transfermarkt.de/spielbericht/index/spielbericht/3839092
2022/23,27.08.2022,FC St. Pauli,SC Paderborn 07,29269,Millerntor-Stadion,https://www.transfermarkt.de/spielbericht/index/spielbericht/3839089
2022/23,27.08.2022,Karlsruher SC,FC Hansa Rostock,17435,BBBank Wildpark,https://www.transfermarkt.de/spielbericht/index/spielbericht/3839094
2022/23,27.08.2022,SV Darmstadt 98,1.FC Heidenheim 1846,13280,Merck-Stadion am Böllenfalltor,https://www.transfermarkt.de/spielbericht/index/spielbericht/3839627
2022/23,27.08.2022,1.FC Nürnberg,Hamburger SV,35713,Max-Morlock-Stadion,https://www.transfermarkt.de/spielbericht/index/spielbericht/3839090
2022/23,28.08.2022,Holstein Kiel,SV Sandhausen,10006,Holstein-Stadion,https://www.transfermarkt.de/spielbericht/index/spielbericht/3839091
2022/23,28.08.2022,Hannover 96,SpVgg Greuther Fürth,22800,Heinz-von-Heiden-Arena,https://www.transfermarkt.de/spielbericht/index/spielbericht/3839093
2022/23,28.08.2022,1.FC Kaiserslautern,1.FC Magdeburg,35643,Fritz-Walter-Stadion,https://www.transfermarkt.de/spielbericht/index/spielbericht/3839095
2022/23,02.09.2022,1.FC Heidenheim 1846,Fortuna Düsseldorf,9468,Voith-Arena,https://www.transfermarkt.de/spielbericht/index/spielbericht/3839126
2022/23,02.09.2022,Eintracht Braunschweig,1.FC Nürnberg,17173,EINTRACHT-Stadion,https://www.transfermarkt.de/spielbericht/index/spielbericht/3839131
2022/23,03.09.2022,SpVgg Greuther Fürth,FC St. Pauli,10553,Sportpark Ronhof | Thomas Sommer,https://www.transfermarkt.de/spielbericht/index/spielbericht/3839123
2022/23,03.09.2022,SC Paderborn 07,1.FC Magdeburg,11213,Home Deluxe Arena,https://www.transfermarkt.de/spielbericht/index/spielbericht/3839127
2022/23,03.09.2022,SSV Jahn Regensburg,Holstein Kiel,8893,Jahnstadion Regensburg,https://www.transfermarkt.de/spielbericht/index/spielbericht/3839130
2022/23,03.09.2022,Hamburger SV,Karlsruher SC,45623,Volksparkstadion,https://www.transfermarkt.de/spielbericht/index/spielbericht/3839124
2022/23,04.09.2022,SV Darmstadt 98,Arminia Bielefeld,13860,Merck-Stadion am Böllenfalltor,https://www.transfermarkt.de/spielbericht/index/spielbericht/3839125
2022/23,04.09.2022,FC Hansa Rostock,Hannover 96,24500,Ostseestadion,https://www.transfermarkt.de/spielbericht/index/spielbericht/3839128
2022/23,04.09.2022,SV Sandhausen,1.FC Kaiserslautern,11378,Stadion am Hardtwald,https://www.transfermarkt.de/spielbericht/index/spielbericht/3839129
2022/23,09.09.2022,1.FC Nürnberg,Arminia Bielefeld,26641,Max-Morlock-Stadion,https://www.transfermarkt.de/spielbericht/index/spielbericht/3839143
2022/23,09.09.2022,Holstein Kiel,Hamburger SV,15034,Holstein-Stadion,https://www.transfermarkt.de/spielbericht/index/spielbericht/3839144
2022/23,10.09.2022,SC Paderborn 07,SSV Jahn Regensburg,9276,Home Deluxe Arena,https://www.transfermarkt.de/spielbericht/index/spielbericht/3839142
2022/23,10.09.2022,Hannover 96,Eintracht Braunschweig,42000,Heinz-von-Heiden-Arena,https://www.transfermarkt.de/spielbericht/index/spielbericht/3839146
2022/23,10.09.2022,Karlsruher SC,1.FC Heidenheim 1846,17776,BBBank Wildpark,https://www.transfermarkt.de/spielbericht/index/spielbericht/3839147
2022/23,10.09.2022,Fortuna Düsseldorf,FC Hansa Rostock,26719,MERKUR SPIEL-ARENA,https://www.transfermarkt.de/spielbericht/index/spielbericht/3839145
2022/23,11.09.2022,FC St. Pauli,SV Sandhausen,29546,Millerntor-Stadion,https://www.transfermarkt.de/spielbericht/index/spielbericht/3839141
2022/23,11.09.2022,1.FC Magdeburg,SpVgg Greuther Fürth,18955,Avnet-Arena,https://www.transfermarkt.de/spielbericht/index/spielbericht/3839148
2022/23,11.09.2022,1.FC Kaiserslautern,SV Darmstadt 98,38380,Fritz-Walter-Stadion,https://www.transfermarkt.de/spielbericht/index/spielbericht/3839149
2022/23,16.09.2022,SV Sandhausen,Hannover 96,4137,Stadion am Hardtwald,https://www.transfermarkt.de/spielbericht/index/spielbericht/3839174
2022/23,16.09.2022,Eintracht Braunschweig,Karlsruher SC,17307,EINTRACHT-Stadion,https://www.transfermarkt.de/spielbericht/index/spielbericht/3839176
2022/23,17.09.2022,Arminia Bielefeld,Holstein Kiel,19460,SchücoArena,https://www.transfermarkt.de/spielbericht/index/spielbericht/3839168
2022/23,17.09.2022,SV Darmstadt 98,1.FC Nürnberg,14500,Merck-Stadion am Böllenfalltor,https://www.transfermarkt.de/spielbericht/index/spielbericht/3839171
2022/23,17.09.2022,FC Hansa Rostock,1.FC Magdeburg,26500,Ostseestadion,https://www.transfermarkt.de/spielbericht/index/spielbericht/3839173
2022/23,17.09.2022,Hamburger SV,Fortuna Düsseldorf,49616,Volksparkstadion,https://www.transfermarkt.de/spielbericht/index/spielbericht/3839170
2022/23,18.09.2022,SpVgg Greuther Fürth,SC Paderborn 07,8530,Sportpark Ronhof | Thomas Sommer,https://www.transfermarkt.de/spielbericht/index/spielbericht/3839169
2022/23,18.09.2022,1.FC Heidenheim 1846,1.FC Kaiserslautern,11189,Voith-Arena,https://www.transfermarkt.de/spielbericht/index/spielbericht/3839172
2022/23,18.09.2022,SSV Jahn Regensburg,FC St. Pauli,12124,Jahnstadion Regensburg,https://www.transfermarkt.de/spielbericht/index/spielbericht/3839175
2022/23,30.09.2022,SC Paderborn 07,SV Darmstadt 98,11238,Home Deluxe Arena,https://www.transfermarkt.de/spielbericht/index/spielbericht/3839188
2022/23,30.09.2022,Hannover 96,Hamburger SV,49000,Heinz-von-Heiden-Arena,https://www.transfermarkt.de/spielbericht/index/spielbericht/3839191
2022/23,01.10.2022,SpVgg Greuther Fürth,SV Sandhausen,8637,Sportpark Ronhof | Thomas Sommer,https://www.transfermarkt.de/spielbericht/index/spielbericht/3839186
2022/23,01.10.2022,Holstein Kiel,FC Hansa Rostock,12432,Holstein-Stadion,https://www.transfermarkt.de/spielbericht/index/spielbericht/3839189
2022/23,01.10.2022,Fortuna Düsseldorf,Arminia Bielefeld,25841,MERKUR SPIEL-ARENA,https://www.transfermarkt.de/spielbericht/index/spielbericht/3839190
2022/23,01.10.2022,FC St. Pauli,1.FC Heidenheim 1846,29242,Millerntor-Stadion,https://www.transfermarkt.de/spielbericht/index/spielbericht/3839187
2022/23,02.10.2022,Karlsruher SC,1.FC Nürnberg,19268,BBBank Wildpark,https://www.transfermarkt.de/spielbericht/index/spielbericht/3839192
2022/23,02.10.2022,1.FC Magdeburg,SSV Jahn Regensburg,19008,Avnet-Arena,https://www.transfermarkt.de/spielbericht/index/spielbericht/3839193
2022/23,02.10.2022,1.FC Kaiserslautern,Eintracht Braunschweig,36332,Fritz-Walter-Stadion,https://www.transfermarkt.de/spielbericht/index/spielbericht/3839194
2022/23,07.10.2022,Arminia Bielefeld,Karlsruher SC,18066,SchücoArena,https://www.transfermarkt.de/spielbericht/index/spielbericht/3839204
2022/23,07.10.2022,SSV Jahn Regensburg,SpVgg Greuther Fürth,10716,Jahnstadion Regensburg,https://www.transfermarkt.de/spielbericht/index/spielbericht/3839211
2022/23,08.10.2022,SV Darmstadt 98,Fortuna Düsseldorf,15850,Merck-Stadion am Böllenfalltor,https://www.transfermarkt.de/spielbericht/index/spielbericht/3839206
2022/23,08.10.2022,FC Hansa Rostock,SC Paderborn 07,24500,Ostseestadion,https://www.transfermarkt.de/spielbericht/index/spielbericht/3839209
2022/23,08.10.2022,Eintracht Braunschweig,FC St. Pauli,21000,EINTRACHT-Stadion,https://www.transfermarkt.de/spielbericht/index/spielbericht/3839212
2022/23,08.10.2022,Hamburger SV,1.FC Kaiserslautern,57000,Volksparkstadion,https://www.transfermarkt.de/spielbericht/index/spielbericht/3839205
2022/23,09.10.2022,1.FC Heidenheim 1846,Hannover 96,8104,Voith-Arena,https://www.transfermarkt.de/spielbericht/index/spielbericht/3839207
2022/23,09.10.2022,1.FC Nürnberg,Holstein Kiel,28518,Max-Morlock-Stadion,https://www.transfermarkt.de/spielbericht/index/spielbericht/3839208
2022/23,09.10.2022,SV Sandhausen,1.FC Magdeburg,5211,Stadion am Hardtwald,https://www.transfermarkt.de/spielbericht/index/spielbericht/3839210
2022/23,14.10.2022,SpVgg Greuther Fürth,FC Hansa Rostock,10516,Sportpark Ronhof | Thomas Sommer,https://www.transfermarkt.de/spielbericht/index/spielbericht/3839222
2022/23,14.10.2022,FC St. Pauli,Hamburger SV,29205,Millerntor-Stadion,https://www.transfermarkt.de/spielbericht/index/spielbericht/3839223
2022/23,15.10.2022,Fortuna Düsseldorf,1.FC Nürnberg,25750,MERKUR SPIEL-ARENA,https://www.transfermarkt.de/spielbericht/index/spielbericht/3839226
2022/23,15.10.2022,Karlsruher SC,SV Darmstadt 98,19391,BBBank Wildpark,https://www.transfermarkt.de/spielbericht/index/spielbericht/3839228
2022/23,15.10.2022,1.FC Magdeburg,Eintracht Braunschweig,25601,Avnet-Arena,https://www.transfermarkt.de/spielbericht/index/spielbericht/3839229
2022/23,15.10.2022,Hannover 96,Arminia Bielefeld,29200,Heinz-von-Heiden-Arena,https://www.transfermarkt.de/spielbericht/index/spielbericht/3839227
2022/23,16.10.2022,SC Paderborn 07,SV Sandhausen,9663,Home Deluxe Arena,https://www.transfermarkt.de/spielbericht/index/spielbericht/3839224
2022/23,16.10.2022,Holstein Kiel,1.FC Heidenheim 1846,9936,Holstein-Stadion,https://www.transfermarkt.de/spielbericht/index/spielbericht/3839225
2022/23,16.10.2022,1.FC Kaiserslautern,SSV Jahn Regensburg,33060,Fritz-Walter-Stadion,https://www.transfermarkt.de/spielbericht/index/spielbericht/3839230
2022/23,21.10.2022,SV Darmstadt 98,Holstein Kiel,14650,Merck-Stadion am Böllenfalltor,https://www.transfermarkt.de/spielbericht/index/spielbericht/3839242
2022/23,21.10.2022,FC Hansa Rostock,1.FC Kaiserslautern,25000,Ostseestadion,https://www.transfermarkt.de/spielbericht/index/spielbericht/3839246
2022/23,22.10.2022,1.FC Nürnberg,Hannover 96,28422,Max-Morlock-Stadion,https://www.transfermarkt.de/spielbericht/index/spielbericht/3839244
2022/23,22.10.2022,SSV Jahn Regensburg,SV Sandhausen,8123,Jahnstadion Regensburg,https://www.transfermarkt.de/spielbericht/index/spielbericht/3839247
2022/23,22.10.2022,Eintracht Braunschweig,SC Paderborn 07,16844,EINTRACHT-Stadion,https://www.transfermarkt.de/spielbericht/index/spielbericht/3839248
2022/23,22.10.2022,Arminia Bielefeld,FC St. Pauli,22626,SchücoArena,https://www.transfermarkt.de/spielbericht/index/spielbericht/3839240
2022/23,23.10.2022,Hamburger SV,1.FC Magdeburg,55304,Volksparkstadion,https://www.transfermarkt.de/spielbericht/index/spielbericht/3839241
2022/23,23.10.2022,1.FC Heidenheim 1846,SpVgg Greuther Fürth,8130,Voith-Arena,https://www.transfermarkt.de/spielbericht/index/spielbericht/3839243
2022/23,23.10.2022,Karlsruher SC,Fortuna Düsseldorf,18132,BBBank Wildpark,https://www.transfermarkt.de/spielbericht/index/spielbericht/3839245
2022/23,28.10.2022,SpVgg Greuther Fürth,Arminia Bielefeld,9433,Sportpark Ronhof | Thomas Sommer,https://www.transfermarkt.de/spielbericht/index/spielbericht/3839267
2022/23,28.10.2022,1.FC Magdeburg,1.FC Heidenheim 1846,19532,Avnet-Arena,https://www.transfermarkt.de/spielbericht/index/spielbericht/3839274
2022/23,29.10.2022,Holstein Kiel,Fortuna Düsseldorf,12669,Holstein-Stadion,https://www.transfermarkt.de/spielbericht/index/spielbericht/3839270
2022/23,29.10.2022,SSV Jahn Regensburg,FC Hansa Rostock,10380,Jahnstadion Regensburg,https://www.transfermarkt.de/spielbericht/index/spielbericht/3839273
2022/23,29.10.2022,1.FC Kaiserslautern,1.FC Nürnberg,46895,Fritz-Walter-Stadion,https://www.transfermarkt.de/spielbericht/index/spielbericht/3839275
2022/23,29.10.2022,FC St. Pauli,SV Darmstadt 98,29546,Millerntor-Stadion,https://www.transfermarkt.de/spielbericht/index/spielbericht/3839268
2022/23,30.10.2022,SC Paderborn 07,Hamburger SV,15000,Home Deluxe Arena,https://www.transfermarkt.de/spielbericht/index/spielbericht/3839269
2022/23,30.10.2022,Hannover 96,Karlsruher SC,29100,Heinz-von-Heiden-Arena,https://www.transfermarkt.de/spielbericht/index/spielbericht/3839271
2022/23,30.10.2022,SV Sandhausen,Eintracht Braunschweig,4729,Stadion am Hardtwald,https://www.transfermarkt.de/spielbericht/index/spielbericht/3839272
2022/23,04.11.2022,SV Darmstadt 98,Hannover 96,15475,Merck-Stadion am Böllenfalltor,https://www.transfermarkt.de/spielbericht/index/spielbericht/3839287
2022/23,04.11.2022,FC Hansa Rostock,SV Sandhausen,24400,Ostseestadion,https://www.transfermarkt.de/spielbericht/index/spielbericht/3839292
2022/23,05.11.2022,1.FC Heidenheim 1846,SC Paderborn 07,9444,Voith-Arena,https://www.transfermarkt.de/spielbericht/index/spielbericht/3839288
2022/23,05.11.2022,Fortuna Düsseldorf,FC St. Pauli,36430,MERKUR SPIEL-ARENA,https://www.transfermarkt.de/spielbericht/index/spielbericht/3839290
2022/23,05.11.2022,Karlsruher SC,Holstein Kiel,15219,BBBank Wildpark,https://www.transfermarkt.de/spielbericht/index/spielbericht/3839291
2022/23,05.11.2022,Arminia Bielefeld,1.FC Kaiserslautern,24651,SchücoArena,https://www.transfermarkt.de/spielbericht/index/spielbericht/3839285
2022/23,06.11.2022,Hamburger SV,SSV Jahn Regensburg,51314,Volksparkstadion,https://www.transfermarkt.de/spielbericht/index/spielbericht/3839286
2022/23,06.11.2022,1.FC Nürnberg,1.FC Magdeburg,30377,Max-Morlock-Stadion,https://www.transfermarkt.de/spielbericht/index/spielbericht/3839289
2022/23,06.11.2022,Eintracht Braunschweig,SpVgg Greuther Fürth,17580,EINTRACHT-Stadion,https://www.transfermarkt.de/spielbericht/index/spielbericht/3839293
2022/23,08.11.2022,FC St. Pauli,Holstein Kiel,29546,Millerntor-Stadion,https://www.transfermarkt.de/spielbericht/index/spielbericht/3839304
2022/23,08.11.2022,SC Paderborn 07,Arminia Bielefeld,15000,Home Deluxe Arena,https://www.transfermarkt.de/spielbericht/index/spielbericht/3839305
2022/23,08.11.2022,Hannover 96,Fortuna Düsseldorf,24100,Heinz-von-Heiden-Arena,https://www.transfermarkt.de/spielbericht/index/spielbericht/3839306
2022/23,08.11.2022,1.FC Kaiserslautern,Karlsruher SC,43852,Fritz-Walter-Stadion,https://www.transfermarkt.de/spielbericht/index/spielbericht/3839311
2022/23,09.11.2022,SpVgg Greuther Fürth,Hamburger SV,13266,Sportpark Ronhof | Thomas Sommer,https://www.transfermarkt.de/spielbericht/index/spielbericht/3839303
2022/23,09.11.2022,FC Hansa Rostock,1.FC Nürnberg,23500,Ostseestadion,https://www.transfermarkt.de/spielbericht/index/spielbericht/3839307
2022/23,09.11.2022,SV Sandhausen,1.FC Heidenheim 1846,3471,Stadion am Hardtwald,https://www.transfermarkt.de/spielbericht/index/spielbericht/3839308
2022/23,09.11.2022,SSV Jahn Regensburg,Eintracht Braunschweig,8232,Jahnstadion Regensburg,https://www.transfermarkt.de/spielbericht/index/spielbericht/3839309
2022/23,10.11.2022,1.FC Magdeburg,SV Darmstadt 98,18788,Avnet-Arena,https://www.transfermarkt.de/spielbericht/index/spielbericht/3839310
2022/23,11.11.2022,Holstein Kiel,Hannover 96,13744,Holstein-Stadion,https://www.transfermarkt.de/spielbericht/index/spielbericht/3839326
2022/23,11.11.2022,Fortuna Düsseldorf,1.FC Kaiserslautern,44422,MERKUR SPIEL-ARENA,https://www.transfermarkt.de/spielbericht/index/spielbericht/3839327
2022/23,12.11.2022,Hamburger SV,SV Sandhausen,55246,Volksparkstadion,https://www.transfermarkt.de/spielbericht/index/spielbericht/3839322
2022/23,12.11.2022,1.FC Heidenheim 1846,SSV Jahn Regensburg,9695,Voith-Arena,https://www.transfermarkt.de/spielbericht/index/spielbericht/3839324
2022/23,12.11.2022,Karlsruher SC,FC St. Pauli,21487,BBBank Wildpark,https://www.transfermarkt.de/spielbericht/index/spielbericht/3839328
2022/23,12.11.2022,Eintracht Braunschweig,FC Hansa Rostock,21221,EINTRACHT-Stadion,https://www.transfermarkt.de/spielbericht/index/spielbericht/3839329
2022/23,13.11.2022,Arminia Bielefeld,1.FC Magdeburg,24148,SchücoArena,https://www.transfermarkt.de/spielbericht/index/spielbericht/3839321
2022/23,13.11.2022,SV Darmstadt 98,SpVgg Greuther Fürth,15080,Merck-Stadion am Böllenfalltor,https://www.transfermarkt.de/spielbericht/index/spielbericht/3839323
2022/23,13.11.2022,1.FC Nürnberg,SC Paderborn 07,25527,Max-Morlock-Stadion,https://www.transfermarkt.de/spielbericht/index/spielbericht/3839325
2022/23,27.01.2023,Fortuna Düsseldorf,1.FC Magdeburg,29433,MERKUR SPIEL-ARENA,https://www.transfermarkt.de/spielbericht/index/spielbericht/3839345
2022/23,27.01.2023,Karlsruher SC,SC Paderborn 07,17151,BBBank Wildpark,https://www.transfermarkt.de/spielbericht/index/spielbericht/3839347
2022/23,28.01.2023,SV Darmstadt 98,SSV Jahn Regensburg,15798,Merck-Stadion am Böllenfalltor,https://www.transfermarkt.de/spielbericht/index/spielbericht/3839341
2022/23,28.01.2023,1.FC Heidenheim 1846,FC Hansa Rostock,9627,Voith-Arena,https://www.transfermarkt.de/spielbericht/index/spielbericht/3839342
2022/23,28.01.2023,Holstein Kiel,SpVgg Greuther Fürth,11438,Holstein-Stadion,https://www.transfermarkt.de/spielbericht/index/spielbericht/3839344
2022/23,28.01.2023,Hannover 96,1.FC Kaiserslautern,36800,Heinz-von-Heiden-Arena,https://www.transfermarkt.de/spielbericht/index/spielbericht/3839346
2022/23,29.01.2023,Arminia Bielefeld,SV Sandhausen,18300,SchücoArena,https://www.transfermarkt.de/spielbericht/index/spielbericht/3839339
2022/23,29.01.2023,Hamburger SV,Eintracht Braunschweig,55500,Volksparkstadion,https://www.transfermarkt.de/spielbericht/index/spielbericht/3839340
2022/23,29.01.2023,1.FC Nürnberg,FC St. Pauli,30871,Max-Morlock-Stadion,https://www.transfermarkt.de/spielbericht/index/spielbericht/3839343
2022/23,03.02.2023,SC Paderborn 07,Fortuna Düsseldorf,12179,Home Deluxe Arena,https://www.transfermarkt.de/spielbericht/index/spielbericht/3839359
2022/23,03.02.2023,SV Sandhausen,SV Darmstadt 98,7254,Stadion am Hardtwald,https://www.transfermarkt.de/spielbericht/index/spielbericht/3839361
2022/23,04.02.2023,SSV Jahn Regensburg,Arminia Bielefeld,8547,Jahnstadion Regensburg,https://www.transfermarkt.de/spielbericht/index/spielbericht/3839362
2022/23,04.02.2023,Eintracht Braunschweig,1.FC Heidenheim 1846,16776,EINTRACHT-Stadion,https://www.transfermarkt.de/spielbericht/index/spielbericht/3839364
2022/23,04.02.2023,1.FC Kaiserslautern,Holstein Kiel,39020,Fritz-Walter-Stadion,https://www.transfermarkt.de/spielbericht/index/spielbericht/3839365
2022/23,04.02.2023,SpVgg Greuther Fürth,1.FC Nürnberg,16626,Sportpark Ronhof | Thomas Sommer,https://www.transfermarkt.de/spielbericht/index/spielbericht/3839357
2022/23,05.02.2023,FC St. Pauli,Hannover 96,29546,Millerntor-Stadion,https://www.transfermarkt.de/spielbericht/index/spielbericht/3839358
2022/23,05.02.2023,FC Hansa Rostock,Hamburger SV,26500,Ostseestadion,https://www.transfermarkt.de/spielbericht/index/spielbericht/3839360
2022/23,05.02.2023,1.FC Magdeburg,Karlsruher SC,18300,Avnet-Arena,https://www.transfermarkt.de/spielbericht/index/spielbericht/3839363
2022/23,10.02.2023,Arminia Bielefeld,FC Hansa Rostock,22527,SchücoArena,https://www.transfermarkt.de/spielbericht/index/spielbericht/3839375
2022/23,10.02.2023,Karlsruher SC,SpVgg Greuther Fürth,15612,BBBank Wildpark,https://www.transfermarkt.de/spielbericht/index/spielbericht/3839383
2022/23,11.02.2023,1.FC Nürnberg,SSV Jahn Regensburg,27118,Max-Morlock-Stadion,https://www.transfermarkt.de/spielbericht/index/spielbericht/3839379
2022/23,11.02.2023,Holstein Kiel,1.FC Magdeburg,11161,Holstein-Stadion,https://www.transfermarkt.de/spielbericht/index/spielbericht/3839380
2022/23,11.02.2023,Hannover 96,SC Paderborn 07,25100,Heinz-von-Heiden-Arena,https://www.transfermarkt.de/spielbericht/index/spielbericht/3839382
2022/23,11.02.2023,1.FC Heidenheim 1846,Hamburger SV,15000,Voith-Arena,https://www.transfermarkt.de/spielbericht/index/spielbericht/3839378
2022/23,12.02.2023,SV Darmstadt 98,Eintracht Braunschweig,16342,Merck-Stadion am Böllenfalltor,https://www.transfermarkt.de/spielbericht/index/spielbericht/3839376
2022/23,12.02.2023,FC St. Pauli,1.FC Kaiserslautern,29456,Millerntor-Stadion,https://www.transfermarkt.de/spielbericht/index/spielbericht/3839377
2022/23,12.02.2023,Fortuna Düsseldorf,SV Sandhausen,22125,MERKUR SPIEL-ARENA,https://www.transfermarkt.de/spielbericht/index/spielbericht/3839381
2022/23,17.02.2023,SC Paderborn 07,1.FC Kaiserslautern,14701,Home Deluxe Arena,https://www.transfermarkt.de/spielbericht/index/spielbericht/3839405
2022/23,17.02.2023,Eintracht Braunschweig,Holstein Kiel,18747,EINTRACHT-Stadion,https://www.transfermarkt.de/spielbericht/index/spielbericht/3839410
2022/23,18.02.2023,SpVgg Greuther Fürth,Fortuna Düsseldorf,9804,Sportpark Ronhof | Thomas Sommer,https://www.transfermarkt.de/spielbericht/index/spielbericht/3839402
2022/23,18.02.2023,SSV Jahn Regensburg,Hannover 96,8112,Jahnstadion Regensburg,https://www.transfermarkt.de/spielbericht/index/spielbericht/3839408
2022/23,18.02.2023,1.FC Magdeburg,FC St. Pauli,24287,Avnet-Arena,https://www.transfermarkt.de/spielbericht/index/spielbericht/3839409
2022/23,18.02.2023,FC Hansa Rostock,SV Darmstadt 98,25200,Ostseestadion,https://www.transfermarkt.de/spielbericht/index/spielbericht/3839406
2022/23,19.02.2023,Hamburger SV,Arminia Bielefeld,56905,Volksparkstadion,https://www.transfermarkt.de/spielbericht/index/spielbericht/3839403
2022/23,19.02.2023,1.FC Heidenheim 1846,1.FC Nürnberg,10955,Voith-Arena,https://www.transfermarkt.de/spielbericht/index/spielbericht/3839404
2022/23,19.02.2023,SV Sandhausen,Karlsruher SC,7866,Stadion am Hardtwald,https://www.transfermarkt.de/spielbericht/index/spielbericht/3839407
2022/23,24.02.2023,Fortuna Düsseldorf,Eintracht Braunschweig,24127,MERKUR SPIEL-ARENA,https://www.transfermarkt.de/spielbericht/index/spielbericht/3839425
2022/23,24.02.2023,Karlsruher SC,SSV Jahn Regensburg,18191,BBBank Wildpark,https://www.transfermarkt.de/spielbericht/index/spielbericht/3839427
2022/23,25.02.2023,1.FC Nürnberg,SV Sandhausen,26260,Max-Morlock-Stadion,https://www.transfermarkt.de/spielbericht/index/spielbericht/3839423
2022/23,25.02.2023,Holstein Kiel,SC Paderborn 07,12469,Holstein-Stadion,https://www.transfermarkt.de/spielbericht/index/spielbericht/3839424
2022/23,25.02.2023,1.FC Kaiserslautern,SpVgg Greuther Fürth,39124,Fritz-Walter-Stadion,https://www.transfermarkt.de/spielbericht/index/spielbericht/3839428
2022/23,25.02.2023,SV Darmstadt 98,Hamburger SV,16800,Merck-Stadion am Böllenfalltor,https://www.transfermarkt.de/spielbericht/index/spielbericht/3839421
2022/23,26.02.2023,Arminia Bielefeld,1.FC Heidenheim 1846,17215,SchücoArena,https://www.transfermarkt.de/spielbericht/index/spielbericht/3839420
2022/23,26.02.2023,FC St. Pauli,FC Hansa Rostock,29205,Millerntor-Stadion,https://www.transfermarkt.de/spielbericht/index/spielbericht/3839422
2022/23,26.02.2023,Hannover 96,1.FC Magdeburg,38100,Heinz-von-Heiden-Arena,https://www.transfermarkt.de/spielbericht/index/spielbericht/3839426
2022/23,03.03.2023,SC Paderborn 07,FC St. Pauli,15000,Home Deluxe Arena,https://www.transfermarkt.de/spielbericht/index/spielbericht/3839441
2022/23,03.03.2023,1.FC Magdeburg,1.FC Kaiserslautern,24528,Avnet-Arena,https://www.transfermarkt.de/spielbericht/index/spielbericht/3839445
2022/23,04.03.2023,Hamburger SV,1.FC Nürnberg,57000,Volksparkstadion,https://www.transfermarkt.de/spielbericht/index/spielbericht/3839439
2022/23,04.03.2023,SV Sandhausen,Holstein Kiel,3603,Stadion am Hardtwald,https://www.transfermarkt.de/spielbericht/index/spielbericht/3839443
2022/23,04.03.2023,SSV Jahn Regensburg,Fortuna Düsseldorf,10119,Jahnstadion Regensburg,https://www.transfermarkt.de/spielbericht/index/spielbericht/3839444
2022/23,04.03.2023,1.FC Heidenheim 1846,SV Darmstadt 98,12212,Voith-Arena,https://www.transfermarkt.de/spielbericht/index/spielbericht/3839440
2022/23,05.03.2023,SpVgg Greuther Fürth,Hannover 96,10845,Sportpark Ronhof | Thomas Sommer,https://www.transfermarkt.de/spielbericht/index/spielbericht/3839438
2022/23,05.03.2023,FC Hansa Rostock,Karlsruher SC,21500,Ostseestadion,https://www.transfermarkt.de/spielbericht/index/spielbericht/3839442
2022/23,05.03.2023,Eintracht Braunschweig,Arminia Bielefeld,19758,EINTRACHT-Stadion,https://www.transfermarkt.de/spielbericht/index/spielbericht/3839446
2022/23,10.03.2023,1.FC Nürnberg,Eintracht Braunschweig,25238,Max-Morlock-Stadion,https://www.transfermarkt.de/spielbericht/index/spielbericht/3839458
2022/23,10.03.2023,1.FC Kaiserslautern,SV Sandhausen,39770,Fritz-Walter-Stadion,https://www.transfermarkt.de/spielbericht/index/spielbericht/3839464
2022/23,11.03.2023,Arminia Bielefeld,SV Darmstadt 98,18123,SchücoArena,https://www.transfermarkt.de/spielbericht/index/spielbericht/3839456
2022/23,11.03.2023,FC St. Pauli,SpVgg Greuther Fürth,29346,Millerntor-Stadion,https://www.transfermarkt.de/spielbericht/index/spielbericht/3839457
2022/23,11.03.2023,1.FC Magdeburg,SC Paderborn 07,20325,Avnet-Arena,https://www.transfermarkt.de/spielbericht/index/spielbericht/3839463
2022/23,11.03.2023,Fortuna Düsseldorf,1.FC Heidenheim 1846,26827,MERKUR SPIEL-ARENA,https://www.transfermarkt.de/spielbericht/index/spielbericht/3839460
2022/23,12.03.2023,Holstein Kiel,SSV Jahn Regensburg,10698,Holstein-Stadion,https://www.transfermarkt.de/spielbericht/index/spielbericht/3839459
2022/23,12.03.2023,Hannover 96,FC Hansa Rostock,31600,Heinz-von-Heiden-Arena,https://www.transfermarkt.de/spielbericht/index/spielbericht/3839461
2022/23,12.03.2023,Karlsruher SC,Hamburger SV,23532,BBBank Wildpark,https://www.transfermarkt.de/spielbericht/index/spielbericht/3839462
2022/23,17.03.2023,Arminia Bielefeld,1.FC Nürnberg,23473,SchücoArena,https://www.transfermarkt.de/spielbericht/index/spielbericht/3839474
2022/23,17.03.2023,1.FC Heidenheim 1846,Karlsruher SC,12975,Voith-Arena,https://www.transfermarkt.de/spielbericht/index/spielbericht/3839478
2022/23,18.03.2023,SpVgg Greuther Fürth,1.FC Magdeburg,11619,Sportpark Ronhof | Thomas Sommer,https://www.transfermarkt.de/spielbericht/index/spielbericht/3839475
2022/23,18.03.2023,Hamburger SV,Holstein Kiel,57000,Volksparkstadion,https://www.transfermarkt.de/spielbericht/index/spielbericht/3839476
2022/23,18.03.2023,SSV Jahn Regensburg,SC Paderborn 07,10189,Jahnstadion Regensburg,https://www.transfermarkt.de/spielbericht/index/spielbericht/3839481
2022/23,18.03.2023,SV Darmstadt 98,1.FC Kaiserslautern,17650,Merck-Stadion am Böllenfalltor,https://www.transfermarkt.de/spielbericht/index/spielbericht/3839477
2022/23,19.03.2023,FC Hansa Rostock,Fortuna Düsseldorf,23500,Ostseestadion,https://www.transfermarkt.de/spielbericht/index/spielbericht/3839479
2022/23,19.03.2023,SV Sandhausen,FC St. Pauli,7642,Stadion am Hardtwald,https://www.transfermarkt.de/spielbericht/index/spielbericht/3839480
2022/23,19.03.2023,Eintracht Braunschweig,Hannover 96,20995,EINTRACHT-Stadion,https://www.transfermarkt.de/spielbericht/index/spielbericht/3839482
2022/23,31.03.2023,1.FC Nürnberg,SV Darmstadt 98,26545,Max-Morlock-Stadion,https://www.transfermarkt.de/spielbericht/index/spielbericht/3839494
2022/23,31.03.2023,Fortuna Düsseldorf,Hamburger SV,52200,MERKUR SPIEL-ARENA,https://www.transfermarkt.de/spielbericht/index/spielbericht/3839496
2022/23,01.04.2023,FC St. Pauli,SSV Jahn Regensburg,29235,Millerntor-Stadion,https://www.transfermarkt.de/spielbericht/index/spielbericht/3839492
2022/23,01.04.2023,Hannover 96,SV Sandhausen,22400,Heinz-von-Heiden-Arena,https://www.transfermarkt.de/spielbericht/index/spielbericht/3839497
2022/23,01.04.2023,Karlsruher SC,Eintracht Braunschweig,19203,BBBank Wildpark,https://www.transfermarkt.de/spielbericht/index/spielbericht/3839498
2022/23,01.04.2023,1.FC Kaiserslautern,1.FC Heidenheim 1846,41543,Fritz-Walter-Stadion,https://www.transfermarkt.de/spielbericht/index/spielbericht/3839500
2022/23,02.04.2023,SC Paderborn 07,SpVgg Greuther Fürth,10952,Home Deluxe Arena,https://www.transfermarkt.de/spielbericht/index/spielbericht/3839493
2022/23,02.04.2023,Holstein Kiel,Arminia Bielefeld,12476,Holstein-Stadion,https://www.transfermarkt.de/spielbericht/index/spielbericht/3839495
2022/23,02.04.2023,1.FC Magdeburg,FC Hansa Rostock,26480,Avnet-Arena,https://www.transfermarkt.de/spielbericht/index/spielbericht/3839499
2022/23,08.04.2023,Hamburger SV,Hannover 96,57000,Volksparkstadion,https://www.transfermarkt.de/spielbericht/index/spielbericht/3839520
2022/23,08.04.2023,1.FC Nürnberg,Karlsruher SC,29422,Max-Morlock-Stadion,https://www.transfermarkt.de/spielbericht/index/spielbericht/3839523
2022/23,08.04.2023,Eintracht Braunschweig,1.FC Kaiserslautern,21143,EINTRACHT-Stadion,https://www.transfermarkt.de/spielbericht/index/spielbericht/3839527
2022/23,08.04.2023,1.FC Heidenheim 1846,FC St. Pauli,15000,Voith-Arena,https://www.transfermarkt.de/spielbericht/index/spielbericht/3839522
2022/23,09.04.2023,Arminia Bielefeld,Fortuna Düsseldorf,23433,SchücoArena,https://www.transfermarkt.de/spielbericht/index/spielbericht/3839519
2022/23,09.04.2023,SV Darmstadt 98,SC Paderborn 07,16674,Merck-Stadion am Böllenfalltor,https://www.transfermarkt.de/spielbericht/index/spielbericht/3839521
2022/23,09.04.2023,FC Hansa Rostock,Holstein Kiel,24300,Ostseestadion,https://www.transfermarkt.de/spielbericht/index/spielbericht/3839524
2022/23,09.04.2023,SV Sandhausen,SpVgg Greuther Fürth,4951,Stadion am Hardtwald,https://www.transfermarkt.de/spielbericht/index/spielbericht/3839525
2022/23,09.04.2023,SSV Jahn Regensburg,1.FC Magdeburg,10011,Jahnstadion Regensburg,https://www.transfermarkt.de/spielbericht/index/spielbericht/3839526
2022/23,14.04.2023,SpVgg Greuther Fürth,SSV Jahn Regensburg,12570,Sportpark Ronhof | Thomas Sommer,https://www.transfermarkt.de/spielbericht/index/spielbericht/3839537
2022/23,14.04.2023,Hannover 96,1.FC Heidenheim 1846,25200,Heinz-von-Heiden-Arena,https://www.transfermarkt.de/spielbericht/index/spielbericht/3839542
2022/23,15.04.2023,SC Paderborn 07,FC Hansa Rostock,12456,Home Deluxe Arena,https://www.transfermarkt.de/spielbericht/index/spielbericht/3839539
2022/23,15.04.2023,Holstein Kiel,1.FC Nürnberg,12931,Holstein-Stadion,https://www.transfermarkt.de/spielbericht/index/spielbericht/3839540
2022/23,15.04.2023,1.FC Magdeburg,SV Sandhausen,23156,Avnet-Arena,https://www.transfermarkt.de/spielbericht/index/spielbericht/3839544
2022/23,15.04.2023,1.FC Kaiserslautern,Hamburger SV,49327,Fritz-Walter-Stadion,https://www.transfermarkt.de/spielbericht/index/spielbericht/3839545
2022/23,16.04.2023,FC St. Pauli,Eintracht Braunschweig,29546,Millerntor-Stadion,https://www.transfermarkt.de/spielbericht/index/spielbericht/3839538
2022/23,16.04.2023,Fortuna Düsseldorf,SV Darmstadt 98,30179,MERKUR SPIEL-ARENA,https://www.transfermarkt.de/spielbericht/index/spielbericht/3839541
2022/23,16.04.2023,Karlsruher SC,Arminia Bielefeld,21056,BBBank Wildpark,https://www.transfermarkt.de/spielbericht/index/spielbericht/3839543
2022/23,21.04.2023,Hamburger SV,FC St. Pauli,56400,Volksparkstadion,https://www.transfermarkt.de/spielbericht/index/spielbericht/3839556
2022/23,21.04.2023,SV Darmstadt 98,Karlsruher SC,17650,Merck-Stadion am Böllenfalltor,https://www.transfermarkt.de/spielbericht/index/spielbericht/3839557
2022/23,22.04.2023,Arminia Bielefeld,Hannover 96,25921,SchücoArena,https://www.transfermarkt.de/spielbericht/index/spielbericht/3839555
2022/23,22.04.2023,1.FC Nürnberg,Fortuna Düsseldorf,27682,Max-Morlock-Stadion,https://www.transfermarkt.de/spielbericht/index/spielbericht/3839559
2022/23,22.04.2023,FC Hansa Rostock,SpVgg Greuther Fürth,24000,Ostseestadion,https://www.transfermarkt.de/spielbericht/index/spielbericht/3839560
2022/23,22.04.2023,Eintracht Braunschweig,1.FC Magdeburg,23325,EINTRACHT-Stadion,https://www.transfermarkt.de/spielbericht/index/spielbericht/3839563
2022/23,23.04.2023,1.FC Heidenheim 1846,Holstein Kiel,12026,Voith-Arena,https://www.transfermarkt.de/spielbericht/index/spielbericht/3839558
2022/23,23.04.2023,SV Sandhausen,SC Paderborn 07,3806,Stadion am Hardtwald,https://www.transfermarkt.de/spielbericht/index/spielbericht/3839561
2022/23,23.04.2023,SSV Jahn Regensburg,1.FC Kaiserslautern,14668,Jahnstadion Regensburg,https://www.transfermarkt.de/spielbericht/index/spielbericht/3839562
2022/23,28.04.2023,SpVgg Greuther Fürth,1.FC Heidenheim 1846,11897,Sportpark Ronhof | Thomas Sommer,https://www.transfermarkt.de/spielbericht/index/spielbericht/3839573
2022/23,28.04.2023,SC Paderborn 07,Eintracht Braunschweig,13266,Home Deluxe Arena,https://www.transfermarkt.de/spielbericht/index/spielbericht/3839575
2022/23,29.04.2023,FC St. Pauli,Arminia Bielefeld,29546,Millerntor-Stadion,https://www.transfermarkt.de/spielbericht/index/spielbericht/3839574
2022/23,29.04.2023,1.FC Magdeburg,Hamburger SV,27050,Avnet-Arena,https://www.transfermarkt.de/spielbericht/index/spielbericht/3839580
2022/23,29.04.2023,1.FC Kaiserslautern,FC Hansa Rostock,42795,Fritz-Walter-Stadion,https://www.transfermarkt.de/spielbericht/index/spielbericht/3839581
2022/23,29.04.2023,Hannover 96,1.FC Nürnberg,28500,Heinz-von-Heiden-Arena,https://www.transfermarkt.de/spielbericht/index/spielbericht/3839578
2022/23,30.04.2023,Holstein Kiel,SV Darmstadt 98,13296,Holstein-Stadion,https://www.transfermarkt.de/spielbericht/index/spielbericht/3839576
2022/23,30.04.2023,Fortuna Düsseldorf,Karlsruher SC,25408,MERKUR SPIEL-ARENA,https://www.transfermarkt.de/spielbericht/index/spielbericht/3839577
2022/23,30.04.2023,SV Sandhausen,SSV Jahn Regensburg,5243,Stadion am Hardtwald,https://www.transfermarkt.de/spielbericht/index/spielbericht/3839579
2022/23,05.05.2023,Arminia Bielefeld,SpVgg Greuther Fürth,22015,SchücoArena,https://www.transfermarkt.de/spielbericht/index/spielbericht/3839591
2022/23,05.05.2023,Hamburger SV,SC Paderborn 07,57000,Volksparkstadion,https://www.transfermarkt.de/spielbericht/index/spielbericht/3839592
2022/23,06.05.2023,Fortuna Düsseldorf,Holstein Kiel,28935,MERKUR SPIEL-ARENA,https://www.transfermarkt.de/spielbericht/index/spielbericht/3839596
2022/23,06.05.2023,Karlsruher SC,Hannover 96,21477,BBBank Wildpark,https://www.transfermarkt.de/spielbericht/index/spielbericht/3839597
2022/23,06.05.2023,FC Hansa Rostock,SSV Jahn Regensburg,25000,Ostseestadion,https://www.transfermarkt.de/spielbericht/index/spielbericht/3839598
2022/23,06.05.2023,SV Darmstadt 98,FC St. Pauli,17650,Merck-Stadion am Böllenfalltor,https://www.transfermarkt.de/spielbericht/index/spielbericht/3839593
2022/23,07.05.2023,1.FC Heidenheim 1846,1.FC Magdeburg,15000,Voith-Arena,https://www.transfermarkt.de/spielbericht/index/spielbericht/3839594
2022/23,07.05.2023,1.FC Nürnberg,1.FC Kaiserslautern,40525,Max-Morlock-Stadion,https://www.transfermarkt.de/spielbericht/index/spielbericht/3839595
2022/23,07.05.2023,Eintracht Braunschweig,SV Sandhausen,20000,EINTRACHT-Stadion,https://www.transfermarkt.de/spielbericht/index/spielbericht/3839599
2022/23,12.05.2023,SV Sandhausen,FC Hansa Rostock,7013,Stadion am Hardtwald,https://www.transfermarkt.de/spielbericht/index/spielbericht/3839605
2022/23,12.05.2023,1.FC Magdeburg,1.FC Nürnberg,26305,Avnet-Arena,https://www.transfermarkt.de/spielbericht/index/spielbericht/3839607
2022/23,13.05.2023,SpVgg Greuther Fürth,Eintracht Braunschweig,11430,Sportpark Ronhof | Thomas Sommer,https://www.transfermarkt.de/spielbericht/index/spielbericht/3839600
2022/23,13.05.2023,Holstein Kiel,Karlsruher SC,11300,Holstein-Stadion,https://www.transfermarkt.de/spielbericht/index/spielbericht/3839603
2022/23,13.05.2023,1.FC Kaiserslautern,Arminia Bielefeld,41363,Fritz-Walter-Stadion,https://www.transfermarkt.de/spielbericht/index/spielbericht/3839608
2022/23,13.05.2023,FC St. Pauli,Fortuna Düsseldorf,29546,Millerntor-Stadion,https://www.transfermarkt.de/spielbericht/index/spielbericht/3839601
2022/23,14.05.2023,SC Paderborn 07,1.FC Heidenheim 1846,11946,Home Deluxe Arena,https://www.transfermarkt.de/spielbericht/index/spielbericht/3839602
2022/23,14.05.2023,Hannover 96,SV Darmstadt 98,30000,Heinz-von-Heiden-Arena,https://www.transfermarkt.de/spielbericht/index/spielbericht/3839604
2022/23,14.05.2023,SSV Jahn Regensburg,Hamburger SV,15210,Jahnstadion Regensburg,https://www.transfermarkt.de/spielbericht/index/spielbericht/3839606
2022/23,19.05.2023,SV Darmstadt 98,1.FC Magdeburg,17650,Merck-Stadion am Böllenfalltor,https://www.transfermarkt.de/spielbericht/index/spielbericht/3839611
2022/23,19.05.2023,Holstein Kiel,FC St. Pauli,15034,Holstein-Stadion,https://www.transfermarkt.de/spielbericht/index/spielbericht/3839614
2022/23,20.05.2023,Arminia Bielefeld,SC Paderborn 07,26515,SchücoArena,https://www.transfermarkt.de/spielbericht/index/spielbericht/3839609
2022/23,20.05.2023,1.FC Heidenheim 1846,SV Sandhausen,14500,Voith-Arena,https://www.transfermarkt.de/spielbericht/index/spielbericht/3839612
2022/23,20.05.2023,Eintracht Braunschweig,SSV Jahn Regensburg,20267,EINTRACHT-Stadion,https://www.transfermarkt.de/spielbericht/index/spielbericht/3839617
2022/23,20.05.2023,Hamburger SV,SpVgg Greuther Fürth,56537,Volksparkstadion,https://www.transfermarkt.de/spielbericht/index/spielbericht/3839610
2022/23,21.05.2023,1.FC Nürnberg,FC Hansa Rostock,38579,Max-Morlock-Stadion,https://www.transfermarkt.de/spielbericht/index/spielbericht/3839613
2022/23,21.05.2023,Fortuna Düsseldorf,Hannover 96,35512,MERKUR SPIEL-ARENA,https://www.transfermarkt.de/spielbericht/index/spielbericht/3839615
2022/23,21.05.2023,Karlsruher SC,1.FC Kaiserslautern,23885,BBBank Wildpark,https://www.transfermarkt.de/spielbericht/index/spielbericht/3839616
2022/23,28.05.2023,SpVgg Greuther Fürth,SV Darmstadt 98,14333,Sportpark Ronhof | Thomas Sommer,https://www.transfermarkt.de/spielbericht/index/spielbericht/3839618
2022/23,28.05.2023,FC St. Pauli,Karlsruher SC,29546,Millerntor-Stadion,https://www.transfermarkt.de/spielbericht/index/spielbericht/3839619
2022/23,28.05.2023,SC Paderborn 07,1.FC Nürnberg,15000,Home Deluxe Arena,https://www.transfermarkt.de/spielbericht/index/spielbericht/3839620
2022/23,28.05.2023,Hannover 96,Holstein Kiel,38000,Heinz-von-Heiden-Arena,https://www.transfermarkt.de/spielbericht/index/spielbericht/3839621
2022/23,28.05.2023,FC Hansa Rostock,Eintracht Braunschweig,26500,Ostseestadion,https://www.transfermarkt.de/spielbericht/index/spielbericht/3839622
2022/23,28.05.2023,SV Sandhausen,Hamburger SV,12320,Stadion am Hardtwald,https://www.transfermarkt.de/spielbericht/index/spielbericht/3839623
2022/23,28.05.2023,SSV Jahn Regensburg,1.FC Heidenheim 1846,14189,Jahnstadion Regensburg,https://www.transfermarkt.de/spielbericht/index/spielbericht/3839624
2022/23,28.05.2023,1.FC Magdeburg,Arminia Bielefeld,26220,Avnet-Arena,https://www.transfermarkt.de/spielbericht/index/spielbericht/3839625
2022/23,28.05.2023,1.FC Kaiserslautern,Fortuna Düsseldorf,47956,Fritz-Walter-Stadion,https://www.transfermarkt.de/spielbericht/index/spielbericht/3839626
2023/24,28.07.2023,Hamburger SV,FC Schalke 04,57000,Volksparkstadion,https://www.transfermarkt.de/spielbericht/index/spielbericht/4096273
2023/24,29.07.2023,1.FC Kaiserslautern,FC St. Pauli,44079,Fritz-Walter-Stadion,https://www.transfermarkt.de/spielbericht/index/spielbericht/4096275
2023/24,29.07.2023,Hannover 96,SV 07 Elversberg,29200,Heinz-von-Heiden-Arena,https://www.transfermarkt.de/spielbericht/index/spielbericht/4096276
2023/24,29.07.2023,VfL Osnabrück,Karlsruher SC,15741,Bremer Brücke,https://www.transfermarkt.de/spielbericht/index/spielbericht/4096280
2023/24,29.07.2023,SV Wehen Wiesbaden,1.FC Magdeburg,7219,BRITA Arena,https://www.transfermarkt.de/spielbericht/index/spielbericht/4096281
2023/24,29.07.2023,Fortuna Düsseldorf,Hertha BSC,40466,MERKUR SPIEL-ARENA,https://www.transfermarkt.de/spielbericht/index/spielbericht/4096274
2023/24,30.07.2023,SpVgg Greuther Fürth,SC Paderborn 07,10547,Sportpark Ronhof | Thomas Sommer,https://www.transfermarkt.de/spielbericht/index/spielbericht/4096277
2023/24,30.07.2023,FC Hansa Rostock,1.FC Nürnberg,25300,Ostseestadion,https://www.transfermarkt.de/spielbericht/index/spielbericht/4096278
2023/24,30.07.2023,Eintracht Braunschweig,Holstein Kiel,20002,EINTRACHT-Stadion,https://www.transfermarkt.de/spielbericht/index/spielbericht/4096279
2023/24,04.08.2023,Hertha BSC,SV Wehen Wiesbaden,40075,Olympiastadion Berlin,https://www.transfermarkt.de/spielbericht/index/spielbericht/4096283
2023/24,04.08.2023,SC Paderborn 07,VfL Osnabrück,14789,Home Deluxe Arena,https://www.transfermarkt.de/spielbericht/index/spielbericht/4096285
2023/24,05.08.2023,FC St. Pauli,Fortuna Düsseldorf,29546,Millerntor-Stadion,https://www.transfermarkt.de/spielbericht/index/spielbericht/4096284
2023/24,05.08.2023,Holstein Kiel,SpVgg Greuther Fürth,11790,Holstein-Stadion,https://www.transfermarkt.de/spielbericht/index/spielbericht/4096287
2023/24,05.08.2023,SV 07 Elversberg,FC Hansa Rostock,8371,Ludwigsparkstadion,https://www.transfermarkt.de/spielbericht/index/spielbericht/4096290
2023/24,05.08.2023,FC Schalke 04,1.FC Kaiserslautern,61801,Veltins-Arena,https://www.transfermarkt.de/spielbericht/index/spielbericht/4096282
2023/24,06.08.2023,Karlsruher SC,Hamburger SV,33000,BBBank Wildpark,https://www.transfermarkt.de/spielbericht/index/spielbericht/4096286
2023/24,06.08.2023,1.FC Magdeburg,Eintracht Braunschweig,28350,Avnet-Arena,https://www.transfermarkt.de/spielbericht/index/spielbericht/4096288
2023/24,06.08.2023,1.FC Nürnberg,Hannover 96,30012,Max-Morlock-Stadion,https://www.transfermarkt.de/spielbericht/index/spielbericht/4096289
2023/24,18.08.2023,1.FC Kaiserslautern,SV 07 Elversberg,42621,Fritz-Walter-Stadion,https://www.transfermarkt.de/spielbericht/index/spielbericht/4096294
2023/24,18.08.2023,SV Wehen Wiesbaden,Karlsruher SC,10626,BRITA Arena,https://www.transfermarkt.de/spielbericht/index/spielbericht/4096299
2023/24,19.08.2023,Fortuna Düsseldorf,SC Paderborn 07,30312,MERKUR SPIEL-ARENA,https://www.transfermarkt.de/spielbericht/index/spielbericht/4096292
2023/24,19.08.2023,SpVgg Greuther Fürth,FC St. Pauli,12207,Sportpark Ronhof | Thomas Sommer,https://www.transfermarkt.de/spielbericht/index/spielbericht/4096295
2023/24,19.08.2023,FC Hansa Rostock,Hannover 96,25700,Ostseestadion,https://www.transfermarkt.de/spielbericht/index/spielbericht/4096296
2023/24,19.08.2023,Hamburger SV,Hertha BSC,57000,Volksparkstadion,https://www.transfermarkt.de/spielbericht/index/spielbericht/4096291
2023/24,20.08.2023,Holstein Kiel,1.FC Magdeburg,12900,Holstein-Stadion,https://www.transfermarkt.de/spielbericht/index/spielbericht/4096293
2023/24,20.08.2023,Eintracht Braunschweig,FC Schalke 04,21800,EINTRACHT-Stadion,https://www.transfermarkt.de/spielbericht/index/spielbericht/4096297
2023/24,20.08.2023,VfL Osnabrück,1.FC Nürnberg,15741,Bremer Brücke,https://www.transfermarkt.de/spielbericht/index/spielbericht/4096298
2023/24,25.08.2023,FC Schalke 04,Holstein Kiel,60403,Veltins-Arena,https://www.transfermarkt.de/spielbericht/index/spielbericht/4096300
2023/24,25.08.2023,SC Paderborn 07,1.FC Kaiserslautern,13475,Home Deluxe Arena,https://www.transfermarkt.de/spielbericht/index/spielbericht/4096303
2023/24,26.08.2023,Hertha BSC,SpVgg Greuther Fürth,35291,Olympiastadion Berlin,https://www.transfermarkt.de/spielbericht/index/spielbericht/4096301
2023/24,26.08.2023,FC Hansa Rostock,VfL Osnabrück,25500,Ostseestadion,https://www.transfermarkt.de/spielbericht/index/spielbericht/4096306
2023/24,26.08.2023,SV 07 Elversberg,Fortuna Düsseldorf,8366,Ursapharm-Arena an der Kaiserlinde,https://www.transfermarkt.de/spielbericht/index/spielbericht/4096308
2023/24,26.08.2023,Hannover 96,Hamburger SV,49000,Heinz-von-Heiden-Arena,https://www.transfermarkt.de/spielbericht/index/spielbericht/4096305
2023/24,27.08.2023,FC St. Pauli,1.FC Magdeburg,29546,Millerntor-Stadion,https://www.transfermarkt.de/spielbericht/index/spielbericht/4096302
2023/24,27.08.2023,Karlsruher SC,Eintracht Braunschweig,22590,BBBank Wildpark,https://www.transfermarkt.de/spielbericht/index/spielbericht/4096304
2023/24,27.08.2023,1.FC Nürnberg,SV Wehen Wiesbaden,26547,Max-Morlock-Stadion,https://www.transfermarkt.de/spielbericht/index/spielbericht/4096307
2023/24,01.09.2023,Fortuna Düsseldorf,Karlsruher SC,27942,MERKUR SPIEL-ARENA,https://www.transfermarkt.de/spielbericht/index/spielbericht/4096310
2023/24,01.09.2023,Eintracht Braunschweig,FC St. Pauli,21290,EINTRACHT-Stadion,https://www.transfermarkt.de/spielbericht/index/spielbericht/4096315
2023/24,02.09.2023,Holstein Kiel,SC Paderborn 07,11454,Holstein-Stadion,https://www.transfermarkt.de/spielbericht/index/spielbericht/4096311
2023/24,02.09.2023,1.FC Magdeburg,Hertha BSC,26872,Avnet-Arena,https://www.transfermarkt.de/spielbericht/index/spielbericht/4096313
2023/24,02.09.2023,SV Wehen Wiesbaden,FC Schalke 04,11003,BRITA Arena,https://www.transfermarkt.de/spielbericht/index/spielbericht/4096317
2023/24,02.09.2023,1.FC Kaiserslautern,1.FC Nürnberg,43677,Fritz-Walter-Stadion,https://www.transfermarkt.de/spielbericht/index/spielbericht/4096312
2023/24,03.09.2023,Hamburger SV,FC Hansa Rostock,57000,Volksparkstadion,https://www.transfermarkt.de/spielbericht/index/spielbericht/4096309
2023/24,03.09.2023,SpVgg Greuther Fürth,Hannover 96,10091,Sportpark Ronhof | Thomas Sommer,https://www.transfermarkt.de/spielbericht/index/spielbericht/4096314
2023/24,03.09.2023,VfL Osnabrück,SV 07 Elversberg,14478,Bremer Brücke,https://www.transfermarkt.de/spielbericht/index/spielbericht/4096316
2023/24,15.09.2023,SC Paderborn 07,SV Wehen Wiesbaden,10584,Home Deluxe Arena,https://www.transfermarkt.de/spielbericht/index/spielbericht/4096321
2023/24,15.09.2023,1.FC Nürnberg,SpVgg Greuther Fürth,47000,Max-Morlock-Stadion,https://www.transfermarkt.de/spielbericht/index/spielbericht/4096325
2023/24,16.09.2023,Karlsruher SC,1.FC Kaiserslautern,33000,BBBank Wildpark,https://www.transfermarkt.de/spielbericht/index/spielbericht/4096322
2023/24,16.09.2023,FC Hansa Rostock,Fortuna Düsseldorf,24600,Ostseestadion,https://www.transfermarkt.de/spielbericht/index/spielbericht/4096324
2023/24,16.09.2023,SV 07 Elversberg,Hamburger SV,10150,Ursapharm-Arena an der Kaiserlinde,https://www.transfermarkt.de/spielbericht/index/spielbericht/4096326
2023/24,16.09.2023,FC Schalke 04,1.FC Magdeburg,61755,Veltins-Arena,https://www.transfermarkt.de/spielbericht/index/spielbericht/4096318
2023/24,17.09.2023,Hertha BSC,Eintracht Braunschweig,42528,Olympiastadion Berlin,https://www.transfermarkt.de/spielbericht/index/spielbericht/4096319
2023/24,17.09.2023,FC St. Pauli,Holstein Kiel,29546,Millerntor-Stadion,https://www.transfermarkt.de/spielbericht/index/spielbericht/4096320
2023/24,17.09.2023,Hannover 96,VfL Osnabrück,37000,Heinz-von-Heiden-Arena,https://www.transfermarkt.de/spielbericht/index/spielbericht/4096323
2023/24,22.09.2023,1.FC Magdeburg,SC Paderborn 07,24123,Avnet-Arena,https://www.transfermarkt.de/spielbericht/index/spielbericht/4096331
2023/24,22.09.2023,VfL Osnabrück,Hamburger SV,15741,Bremer Brücke,https://www.transfermarkt.de/spielbericht/index/spielbericht/4096334
2023/24,23.09.2023,SpVgg Greuther Fürth,Karlsruher SC,11090,Sportpark Ronhof | Thomas Sommer,https://www.transfermarkt.de/spielbericht/index/spielbericht/4096332
2023/24,23.09.2023,Eintracht Braunschweig,1.FC Nürnberg,19798,EINTRACHT-Stadion,https://www.transfermarkt.de/spielbericht/index/spielbericht/4096333
2023/24,23.09.2023,SV Wehen Wiesbaden,SV 07 Elversberg,7526,BRITA Arena,https://www.transfermarkt.de/spielbericht/index/spielbericht/4096335
2023/24,23.09.2023,FC St. Pauli,FC Schalke 04,29546,Millerntor-Stadion,https://www.transfermarkt.de/spielbericht/index/spielbericht/4096328
2023/24,24.09.2023,Fortuna Düsseldorf,Hannover 96,35444,MERKUR SPIEL-ARENA,https://www.transfermarkt.de/spielbericht/index/spielbericht/4096327
2023/24,24.09.2023,Holstein Kiel,Hertha BSC,15034,Holstein-Stadion,https://www.transfermarkt.de/spielbericht/index/spielbericht/4096329
2023/24,24.09.2023,1.FC Kaiserslautern,FC Hansa Rostock,40450,Fritz-Walter-Stadion,https://www.transfermarkt.de/spielbericht/index/spielbericht/4096330
2023/24,29.09.2023,Hamburger SV,Fortuna Düsseldorf,56100,Volksparkstadion,https://www.transfermarkt.de/spielbericht/index/spielbericht/4096337
2023/24,29.09.2023,SC Paderborn 07,FC Schalke 04,15000,Home Deluxe Arena,https://www.transfermarkt.de/spielbericht/index/spielbericht/4096338
2023/24,30.09.2023,Karlsruher SC,Holstein Kiel,21982,BBBank Wildpark,https://www.transfermarkt.de/spielbericht/index/spielbericht/4096339
2023/24,30.09.2023,Hannover 96,SV Wehen Wiesbaden,31100,Heinz-von-Heiden-Arena,https://www.transfermarkt.de/spielbericht/index/spielbericht/4096340
2023/24,30.09.2023,FC Hansa Rostock,Eintracht Braunschweig,25600,Ostseestadion,https://www.transfermarkt.de/spielbericht/index/spielbericht/4096341
2023/24,30.09.2023,Hertha BSC,FC St. Pauli,66113,Olympiastadion Berlin,https://www.transfermarkt.de/spielbericht/index/spielbericht/4096336
2023/24,01.10.2023,1.FC Nürnberg,1.FC Magdeburg,33106,Max-Morlock-Stadion,https://www.transfermarkt.de/spielbericht/index/spielbericht/4096342
2023/24,01.10.2023,SV 07 Elversberg,SpVgg Greuther Fürth,8042,Ursapharm-Arena an der Kaiserlinde,https://www.transfermarkt.de/spielbericht/index/spielbericht/4096343
2023/24,01.10.2023,VfL Osnabrück,1.FC Kaiserslautern,15741,Bremer Brücke,https://www.transfermarkt.de/spielbericht/index/spielbericht/4096344
2023/24,06.10.2023,Fortuna Düsseldorf,VfL Osnabrück,33132,MERKUR SPIEL-ARENA,https://www.transfermarkt.de/spielbericht/index/spielbericht/4096346
2023/24,06.10.2023,1.FC Kaiserslautern,Hannover 96,43017,Fritz-Walter-Stadion,https://www.transfermarkt.de/spielbericht/index/spielbericht/4096349
2023/24,07.10.2023,1.FC Magdeburg,Karlsruher SC,24366,Avnet-Arena,https://www.transfermarkt.de/spielbericht/index/spielbericht/4096350
2023/24,07.10.2023,SpVgg Greuther Fürth,FC Hansa Rostock,13856,Sportpark Ronhof | Thomas Sommer,https://www.transfermarkt.de/spielbericht/index/spielbericht/4096351
2023/24,07.10.2023,SV Wehen Wiesbaden,Hamburger SV,12100,BRITA Arena,https://www.transfermarkt.de/spielbericht/index/spielbericht/4096353
2023/24,07.10.2023,FC St. Pauli,1.FC Nürnberg,29546,Millerntor-Stadion,https://www.transfermarkt.de/spielbericht/index/spielbericht/4096347
2023/24,08.10.2023,FC Schalke 04,Hertha BSC,62271,Veltins-Arena,https://www.transfermarkt.de/spielbericht/index/spielbericht/4096345
2023/24,08.10.2023,Holstein Kiel,SV 07 Elversberg,12675,Holstein-Stadion,https://www.transfermarkt.de/spielbericht/index/spielbericht/4096348
2023/24,08.10.2023,Eintracht Braunschweig,SC Paderborn 07,19003,EINTRACHT-Stadion,https://www.transfermarkt.de/spielbericht/index/spielbericht/4096352
2023/24,20.10.2023,Hannover 96,1.FC Magdeburg,38200,Heinz-von-Heiden-Arena,https://www.transfermarkt.de/spielbericht/index/spielbericht/4096358
2023/24,20.10.2023,SV 07 Elversberg,Eintracht Braunschweig,8713,Ursapharm-Arena an der Kaiserlinde,https://www.transfermarkt.de/spielbericht/index/spielbericht/4096361
2023/24,21.10.2023,Hamburger SV,SpVgg Greuther Fürth,55800,Volksparkstadion,https://www.transfermarkt.de/spielbericht/index/spielbericht/4096354
2023/24,21.10.2023,SC Paderborn 07,FC St. Pauli,15000,Home Deluxe Arena,https://www.transfermarkt.de/spielbericht/index/spielbericht/4096356
2023/24,21.10.2023,VfL Osnabrück,SV Wehen Wiesbaden,14491,Bremer Brücke,https://www.transfermarkt.de/spielbericht/index/spielbericht/4096362
2023/24,21.10.2023,Fortuna Düsseldorf,1.FC Kaiserslautern,52000,MERKUR SPIEL-ARENA,https://www.transfermarkt.de/spielbericht/index/spielbericht/4096355
2023/24,22.10.2023,Karlsruher SC,FC Schalke 04,33000,BBBank Wildpark,https://www.transfermarkt.de/spielbericht/index/spielbericht/4096357
2023/24,22.10.2023,FC Hansa Rostock,Holstein Kiel,26000,Ostseestadion,https://www.transfermarkt.de/spielbericht/index/spielbericht/4096359
2023/24,22.10.2023,1.FC Nürnberg,Hertha BSC,37320,Max-Morlock-Stadion,https://www.transfermarkt.de/spielbericht/index/spielbericht/4096360
2023/24,27.10.2023,SpVgg Greuther Fürth,VfL Osnabrück,9978,Sportpark Ronhof | Thomas Sommer,https://www.transfermarkt.de/spielbericht/index/spielbericht/4096369
2023/24,27.10.2023,Eintracht Braunschweig,Fortuna Düsseldorf,19333,EINTRACHT-Stadion,https://www.transfermarkt.de/spielbericht/index/spielbericht/4096370
2023/24,28.10.2023,FC Schalke 04,Hannover 96,62207,Veltins-Arena,https://www.transfermarkt.de/spielbericht/index/spielbericht/4096363
2023/24,28.10.2023,Hertha BSC,SC Paderborn 07,35608,Olympiastadion Berlin,https://www.transfermarkt.de/spielbericht/index/spielbericht/4096364
2023/24,28.10.2023,FC St. Pauli,Karlsruher SC,29125,Millerntor-Stadion,https://www.transfermarkt.de/spielbericht/index/spielbericht/4096365
2023/24,28.10.2023,1.FC Kaiserslautern,Hamburger SV,49327,Fritz-Walter-Stadion,https://www.transfermarkt.de/spielbericht/index/spielbericht/4096367
2023/24,29.10.2023,Holstein Kiel,1.FC Nürnberg,12801,Holstein-Stadion,https://www.transfermarkt.de/spielbericht/index/spielbericht/4096366
2023/24,29.10.2023,1.FC Magdeburg,SV 07 Elversberg,22166,Avnet-Arena,https://www.transfermarkt.de/spielbericht/index/spielbericht/4096368
2023/24,29.10.2023,SV Wehen Wiesbaden,FC Hansa Rostock,8619,BRITA Arena,https://www.transfermarkt.de/spielbericht/index/spielbericht/4096371
2023/24,03.11.2023,Fortuna Düsseldorf,SV Wehen Wiesbaden,27715,MERKUR SPIEL-ARENA,https://www.transfermarkt.de/spielbericht/index/spielbericht/4096373
2023/24,03.11.2023,SV 07 Elversberg,FC St. Pauli,10150,Ursapharm-Arena an der Kaiserlinde,https://www.transfermarkt.de/spielbericht/index/spielbericht/4096379
2023/24,04.11.2023,1.FC Kaiserslautern,SpVgg Greuther Fürth,40302,Fritz-Walter-Stadion,https://www.transfermarkt.de/spielbericht/index/spielbericht/4096375
2023/24,04.11.2023,1.FC Nürnberg,FC Schalke 04,50000,Max-Morlock-Stadion,https://www.transfermarkt.de/spielbericht/index/spielbericht/4096378
2023/24,04.11.2023,VfL Osnabrück,Holstein Kiel,15456,Bremer Brücke,https://www.transfermarkt.de/spielbericht/index/spielbericht/4096380
2023/24,04.11.2023,Hamburger SV,1.FC Magdeburg,56800,Volksparkstadion,https://www.transfermarkt.de/spielbericht/index/spielbericht/4096372
2023/24,05.11.2023,Karlsruher SC,SC Paderborn 07,23705,BBBank Wildpark,https://www.transfermarkt.de/spielbericht/index/spielbericht/4096374
2023/24,05.11.2023,Hannover 96,Eintracht Braunschweig,42000,Heinz-von-Heiden-Arena,https://www.transfermarkt.de/spielbericht/index/spielbericht/4096376
2023/24,05.11.2023,FC Hansa Rostock,Hertha BSC,26500,Ostseestadion,https://www.transfermarkt.de/spielbericht/index/spielbericht/4096377
2023/24,10.11.2023,FC Schalke 04,SV 07 Elversberg,61110,Veltins-Arena,https://www.transfermarkt.de/spielbericht/index/spielbericht/4096381
2023/24,10.11.2023,FC St. Pauli,Hannover 96,29546,Millerntor-Stadion,https://www.transfermarkt.de/spielbericht/index/spielbericht/4096383
2023/24,11.11.2023,SC Paderborn 07,1.FC Nürnberg,12249,Home Deluxe Arena,https://www.transfermarkt.de/spielbericht/index/spielbericht/4096384
2023/24,11.11.2023,Holstein Kiel,Hamburger SV,15034,Holstein-Stadion,https://www.transfermarkt.de/spielbericht/index/spielbericht/4096385
2023/24,11.11.2023,Eintracht Braunschweig,VfL Osnabrück,20327,EINTRACHT-Stadion,https://www.transfermarkt.de/spielbericht/index/spielbericht/4096388
2023/24,11.11.2023,Hertha BSC,Karlsruher SC,58851,Olympiastadion Berlin,https://www.transfermarkt.de/spielbericht/index/spielbericht/4096382
2023/24,12.11.2023,1.FC Magdeburg,FC Hansa Rostock,26660,Avnet-Arena,https://www.transfermarkt.de/spielbericht/index/spielbericht/4096386
2023/24,12.11.2023,SpVgg Greuther Fürth,Fortuna Düsseldorf,10790,Sportpark Ronhof | Thomas Sommer,https://www.transfermarkt.de/spielbericht/index/spielbericht/4096387
2023/24,12.11.2023,SV Wehen Wiesbaden,1.FC Kaiserslautern,12100,BRITA Arena,https://www.transfermarkt.de/spielbericht/index/spielbericht/4096389
2023/24,24.11.2023,Hamburger SV,Eintracht Braunschweig,55879,Volksparkstadion,https://www.transfermarkt.de/spielbericht/index/spielbericht/4096390
2023/24,24.11.2023,Hannover 96,Hertha BSC,45100,Heinz-von-Heiden-Arena,https://www.transfermarkt.de/spielbericht/index/spielbericht/4096394
2023/24,25.11.2023,FC Hansa Rostock,FC St. Pauli,27100,Ostseestadion,https://www.transfermarkt.de/spielbericht/index/spielbericht/4096396
2023/24,25.11.2023,SV 07 Elversberg,SC Paderborn 07,8126,Ursapharm-Arena an der Kaiserlinde,https://www.transfermarkt.de/spielbericht/index/spielbericht/4096397
2023/24,25.11.2023,VfL Osnabrück,1.FC Magdeburg,15741,Bremer Brücke,https://www.transfermarkt.de/spielbericht/index/spielbericht/4096398
2023/24,25.11.2023,Fortuna Düsseldorf,FC Schalke 04,52000,MERKUR SPIEL-ARENA,https://www.transfermarkt.de/spielbericht/index/spielbericht/4096391
2023/24,26.11.2023,Karlsruher SC,1.FC Nürnberg,25966,BBBank Wildpark,https://www.transfermarkt.de/spielbericht/index/spielbericht/4096392
2023/24,26.11.2023,1.FC Kaiserslautern,Holstein Kiel,38367,Fritz-Walter-Stadion,https://www.transfermarkt.de/spielbericht/index/spielbericht/4096393
2023/24,26.11.2023,SpVgg Greuther Fürth,SV Wehen Wiesbaden,9576,Sportpark Ronhof | Thomas Sommer,https://www.transfermarkt.de/spielbericht/index/spielbericht/4096395
2023/24,01.12.2023,FC Schalke 04,VfL Osnabrück,62093,Veltins-Arena,https://www.transfermarkt.de/spielbericht/index/spielbericht/4096399
2023/24,01.12.2023,FC St. Pauli,Hamburger SV,29153,Millerntor-Stadion,https://www.transfermarkt.de/spielbericht/index/spielbericht/4096401
2023/24,02.12.2023,1.FC Nürnberg,Fortuna Düsseldorf,33062,Max-Morlock-Stadion,https://www.transfermarkt.de/spielbericht/index/spielbericht/4096405
2023/24,02.12.2023,Eintracht Braunschweig,SpVgg Greuther Fürth,17570,EINTRACHT-Stadion,https://www.transfermarkt.de/spielbericht/index/spielbericht/4096406
2023/24,02.12.2023,Holstein Kiel,SV Wehen Wiesbaden,10754,Holstein-Stadion,https://www.transfermarkt.de/spielbericht/index/spielbericht/4096407
2023/24,02.12.2023,1.FC Magdeburg,1.FC Kaiserslautern,25214,Avnet-Arena,https://www.transfermarkt.de/spielbericht/index/spielbericht/4096404
2023/24,03.12.2023,Hertha BSC,SV 07 Elversberg,33097,Olympiastadion Berlin,https://www.transfermarkt.de/spielbericht/index/spielbericht/4096400
2023/24,03.12.2023,SC Paderborn 07,Hannover 96,11950,Home Deluxe Arena,https://www.transfermarkt.de/spielbericht/index/spielbericht/4096402
2023/24,03.12.2023,Karlsruher SC,FC Hansa Rostock,23159,BBBank Wildpark,https://www.transfermarkt.de/spielbericht/index/spielbericht/4096403
2023/24,08.12.2023,Hannover 96,Karlsruher SC,26200,Heinz-von-Heiden-Arena,https://www.transfermarkt.de/spielbericht/index/spielbericht/4096411
2023/24,08.12.2023,SV Wehen Wiesbaden,Eintracht Braunschweig,7726,BRITA Arena,https://www.transfermarkt.de/spielbericht/index/spielbericht/4096416
2023/24,09.12.2023,Hamburger SV,SC Paderborn 07,52244,Volksparkstadion,https://www.transfermarkt.de/spielbericht/index/spielbericht/4096408
2023/24,09.12.2023,1.FC Kaiserslautern,Hertha BSC,45308,Fritz-Walter-Stadion,https://www.transfermarkt.de/spielbericht/index/spielbericht/4096410
2023/24,09.12.2023,SpVgg Greuther Fürth,1.FC Magdeburg,10796,Sportpark Ronhof | Thomas Sommer,https://www.transfermarkt.de/spielbericht/index/spielbericht/4096412
2023/24,09.12.2023,VfL Osnabrück,FC St. Pauli,15741,Bremer Brücke,https://www.transfermarkt.de/spielbericht/index/spielbericht/4096415
2023/24,10.12.2023,Fortuna Düsseldorf,Holstein Kiel,31042,MERKUR SPIEL-ARENA,https://www.transfermarkt.de/spielbericht/index/spielbericht/4096409
2023/24,10.12.2023,FC Hansa Rostock,FC Schalke 04,27250,Ostseestadion,https://www.transfermarkt.de/spielbericht/index/spielbericht/4096413
2023/24,10.12.2023,SV 07 Elversberg,1.FC Nürnberg,8150,Ursapharm-Arena an der Kaiserlinde,https://www.transfermarkt.de/spielbericht/index/spielbericht/4096414
2023/24,15.12.2023,FC Schalke 04,SpVgg Greuther Fürth,60166,Veltins-Arena,https://www.transfermarkt.de/spielbericht/index/spielbericht/4096417
2023/24,15.12.2023,SC Paderborn 07,FC Hansa Rostock,12260,Home Deluxe Arena,https://www.transfermarkt.de/spielbericht/index/spielbericht/4096420
2023/24,16.12.2023,Hertha BSC,VfL Osnabrück,43650,Olympiastadion Berlin,https://www.transfermarkt.de/spielbericht/index/spielbericht/4096418
2023/24,16.12.2023,1.FC Magdeburg,Fortuna Düsseldorf,20647,Avnet-Arena,https://www.transfermarkt.de/spielbericht/index/spielbericht/4096423
2023/24,16.12.2023,1.FC Nürnberg,Hamburger SV,41276,Max-Morlock-Stadion,https://www.transfermarkt.de/spielbericht/index/spielbericht/4096424
2023/24,16.12.2023,Holstein Kiel,Hannover 96,13902,Holstein-Stadion,https://www.transfermarkt.de/spielbericht/index/spielbericht/4096422
2023/24,17.12.2023,FC St. Pauli,SV Wehen Wiesbaden,29332,Millerntor-Stadion,https://www.transfermarkt.de/spielbericht/index/spielbericht/4096419
2023/24,17.12.2023,Karlsruher SC,SV 07 Elversberg,23654,BBBank Wildpark,https://www.transfermarkt.de/spielbericht/index/spielbericht/4096421
2023/24,17.12.2023,Eintracht Braunschweig,1.FC Kaiserslautern,20627,EINTRACHT-Stadion,https://www.transfermarkt.de/spielbericht/index/spielbericht/4096425
2023/24,19.01.2024,Holstein Kiel,Eintracht Braunschweig,15034,Holstein-Stadion,https://www.transfermarkt.de/spielbericht/index/spielbericht/4096432
2023/24,19.01.2024,Karlsruher SC,VfL Osnabrück,21077,BBBank Wildpark,https://www.transfermarkt.de/spielbericht/index/spielbericht/4096433
2023/24,20.01.2024,FC St. Pauli,1.FC Kaiserslautern,29546,Millerntor-Stadion,https://www.transfermarkt.de/spielbericht/index/spielbericht/4096428
2023/24,20.01.2024,SV 07 Elversberg,Hannover 96,8150,Ursapharm-Arena an der Kaiserlinde,https://www.transfermarkt.de/spielbericht/index/spielbericht/4096429
2023/24,20.01.2024,1.FC Nürnberg,FC Hansa Rostock,27763,Max-Morlock-Stadion,https://www.transfermarkt.de/spielbericht/index/spielbericht/4096431
2023/24,20.01.2024,FC Schalke 04,Hamburger SV,61992,Veltins-Arena,https://www.transfermarkt.de/spielbericht/index/spielbericht/4096426
2023/24,21.01.2024,Hertha BSC,Fortuna Düsseldorf,42902,Olympiastadion Berlin,https://www.transfermarkt.de/spielbericht/index/spielbericht/4096427
2023/24,21.01.2024,SC Paderborn 07,SpVgg Greuther Fürth,10975,Home Deluxe Arena,https://www.transfermarkt.de/spielbericht/index/spielbericht/4096430
2023/24,21.01.2024,1.FC Magdeburg,SV Wehen Wiesbaden,22582,Avnet-Arena,https://www.transfermarkt.de/spielbericht/index/spielbericht/4096434
2023/24,26.01.2024,1.FC Kaiserslautern,FC Schalke 04,49327,Fritz-Walter-Stadion,https://www.transfermarkt.de/spielbericht/index/spielbericht/4096435
2023/24,26.01.2024,Hannover 96,1.FC Nürnberg,25100,Heinz-von-Heiden-Arena,https://www.transfermarkt.de/spielbericht/index/spielbericht/4096442
2023/24,27.01.2024,SV Wehen Wiesbaden,Hertha BSC,10454,BRITA Arena,https://www.transfermarkt.de/spielbericht/index/spielbericht/4096436
2023/24,27.01.2024,VfL Osnabrück,SC Paderborn 07,15741,Bremer Brücke,https://www.transfermarkt.de/spielbericht/index/spielbericht/4096438
2023/24,27.01.2024,FC Hansa Rostock,SV 07 Elversberg,24000,Ostseestadion,https://www.transfermarkt.de/spielbericht/index/spielbericht/4096443
2023/24,27.01.2024,Fortuna Düsseldorf,FC St. Pauli,52000,MERKUR SPIEL-ARENA,https://www.transfermarkt.de/spielbericht/index/spielbericht/4096437
2023/24,28.01.2024,Hamburger SV,Karlsruher SC,51776,Volksparkstadion,https://www.transfermarkt.de/spielbericht/index/spielbericht/4096439
2023/24,28.01.2024,SpVgg Greuther Fürth,Holstein Kiel,11008,Sportpark Ronhof | Thomas Sommer,https://www.transfermarkt.de/spielbericht/index/spielbericht/4096440
2023/24,28.01.2024,Eintracht Braunschweig,1.FC Magdeburg,22582,EINTRACHT-Stadion,https://www.transfermarkt.de/spielbericht/index/spielbericht/4096441
2023/24,02.02.2024,1.FC Magdeburg,Holstein Kiel,20097,Avnet-Arena,https://www.transfermarkt.de/spielbericht/index/spielbericht/4096446
2023/24,02.02.2024,Karlsruher SC,SV Wehen Wiesbaden,20407,BBBank Wildpark,https://www.transfermarkt.de/spielbericht/index/spielbericht/4096452
2023/24,03.02.2024,FC St. Pauli,SpVgg Greuther Fürth,29035,Millerntor-Stadion,https://www.transfermarkt.de/spielbericht/index/spielbericht/4096448
2023/24,03.02.2024,FC Schalke 04,Eintracht Braunschweig,61219,Veltins-Arena,https://www.transfermarkt.de/spielbericht/index/spielbericht/4096450
2023/24,03.02.2024,1.FC Nürnberg,VfL Osnabrück,25335,Max-Morlock-Stadion,https://www.transfermarkt.de/spielbericht/index/spielbericht/4096451
2023/24,03.02.2024,Hertha BSC,Hamburger SV,58013,Olympiastadion Berlin,https://www.transfermarkt.de/spielbericht/index/spielbericht/4096444
2023/24,04.02.2024,SC Paderborn 07,Fortuna Düsseldorf,12852,Home Deluxe Arena,https://www.transfermarkt.de/spielbericht/index/spielbericht/4096445
2023/24,04.02.2024,SV 07 Elversberg,1.FC Kaiserslautern,11150,Ursapharm-Arena an der Kaiserlinde,https://www.transfermarkt.de/spielbericht/index/spielbericht/4096447
2023/24,04.02.2024,Hannover 96,FC Hansa Rostock,31500,Heinz-von-Heiden-Arena,https://www.transfermarkt.de/spielbericht/index/spielbericht/4096449
2023/24,09.02.2024,Hamburger SV,Hannover 96,57000,Volksparkstadion,https://www.transfermarkt.de/spielbericht/index/spielbericht/4096458
2023/24,09.02.2024,SV Wehen Wiesbaden,1.FC Nürnberg,9526,BRITA Arena,https://www.transfermarkt.de/spielbericht/index/spielbericht/4096460
2023/24,10.02.2024,1.FC Magdeburg,FC St. Pauli,25187,Avnet-Arena,https://www.transfermarkt.de/spielbericht/index/spielbericht/4096455
2023/24,10.02.2024,Eintracht Braunschweig,Karlsruher SC,19595,EINTRACHT-Stadion,https://www.transfermarkt.de/spielbericht/index/spielbericht/4096457
2023/24,10.02.2024,Fortuna Düsseldorf,SV 07 Elversberg,31034,MERKUR SPIEL-ARENA,https://www.transfermarkt.de/spielbericht/index/spielbericht/4096461
2023/24,10.02.2024,1.FC Kaiserslautern,SC Paderborn 07,36344,Fritz-Walter-Stadion,https://www.transfermarkt.de/spielbericht/index/spielbericht/4096456
2023/24,11.02.2024,Holstein Kiel,FC Schalke 04,14500,Holstein-Stadion,https://www.transfermarkt.de/spielbericht/index/spielbericht/4096453
2023/24,11.02.2024,SpVgg Greuther Fürth,Hertha BSC,13459,Sportpark Ronhof | Thomas Sommer,https://www.transfermarkt.de/spielbericht/index/spielbericht/4096454
2023/24,11.02.2024,VfL Osnabrück,FC Hansa Rostock,15741,Bremer Brücke,https://www.transfermarkt.de/spielbericht/index/spielbericht/4096459
2023/24,16.02.2024,Hertha BSC,1.FC Magdeburg,52652,Olympiastadion Berlin,https://www.transfermarkt.de/spielbericht/index/spielbericht/4096466
2023/24,16.02.2024,Hannover 96,SpVgg Greuther Fürth,31500,Heinz-von-Heiden-Arena,https://www.transfermarkt.de/spielbericht/index/spielbericht/4096467
2023/24,17.02.2024,FC Hansa Rostock,Hamburger SV,27500,Ostseestadion,https://www.transfermarkt.de/spielbericht/index/spielbericht/4096462
2023/24,17.02.2024,SC Paderborn 07,Holstein Kiel,12852,Home Deluxe Arena,https://www.transfermarkt.de/spielbericht/index/spielbericht/4096464
2023/24,17.02.2024,FC Schalke 04,SV Wehen Wiesbaden,60542,Veltins-Arena,https://www.transfermarkt.de/spielbericht/index/spielbericht/4096470
2023/24,17.02.2024,Karlsruher SC,Fortuna Düsseldorf,26563,BBBank Wildpark,https://www.transfermarkt.de/spielbericht/index/spielbericht/4096463
2023/24,18.02.2024,1.FC Nürnberg,1.FC Kaiserslautern,35462,Max-Morlock-Stadion,https://www.transfermarkt.de/spielbericht/index/spielbericht/4096465
2023/24,18.02.2024,FC St. Pauli,Eintracht Braunschweig,29546,Millerntor-Stadion,https://www.transfermarkt.de/spielbericht/index/spielbericht/4096468
2023/24,18.02.2024,SV 07 Elversberg,VfL Osnabrück,8026,Ursapharm-Arena an der Kaiserlinde,https://www.transfermarkt.de/spielbericht/index/spielbericht/4096469
2023/24,23.02.2024,SV Wehen Wiesbaden,SC Paderborn 07,6119,BRITA Arena,https://www.transfermarkt.de/spielbericht/index/spielbericht/4096474
2023/24,24.02.2024,Eintracht Braunschweig,Hertha BSC,22636,EINTRACHT-Stadion,https://www.transfermarkt.de/spielbericht/index/spielbericht/4096472
2023/24,24.02.2024,1.FC Kaiserslautern,Karlsruher SC,49327,Fritz-Walter-Stadion,https://www.transfermarkt.de/spielbericht/index/spielbericht/4096475
2023/24,24.02.2024,VfL Osnabrück,Hannover 96,15741,Bremer Brücke,https://www.transfermarkt.de/spielbericht/index/spielbericht/4096476
2023/24,24.02.2024,1.FC Magdeburg,FC Schalke 04,27038,Avnet-Arena,https://www.transfermarkt.de/spielbericht/index/spielbericht/4096471
2023/24,25.02.2024,Fortuna Düsseldorf,FC Hansa Rostock,31188,MERKUR SPIEL-ARENA,https://www.transfermarkt.de/spielbericht/index/spielbericht/4096477
2023/24,25.02.2024,SpVgg Greuther Fürth,1.FC Nürnberg,16126,Sportpark Ronhof | Thomas Sommer,https://www.transfermarkt.de/spielbericht/index/spielbericht/4096478
2023/24,25.02.2024,Hamburger SV,SV 07 Elversberg,54190,Volksparkstadion,https://www.transfermarkt.de/spielbericht/index/spielbericht/4096479
2023/24,01.03.2024,FC Schalke 04,FC St. Pauli,61497,Veltins-Arena,https://www.transfermarkt.de/spielbericht/index/spielbericht/4096481
2023/24,01.03.2024,Hertha BSC,Holstein Kiel,46835,Olympiastadion Berlin,https://www.transfermarkt.de/spielbericht/index/spielbericht/4096482
2023/24,02.03.2024,Hannover 96,Fortuna Düsseldorf,38500,Heinz-von-Heiden-Arena,https://www.transfermarkt.de/spielbericht/index/spielbericht/4096480
2023/24,02.03.2024,FC Hansa Rostock,1.FC Kaiserslautern,26500,Ostseestadion,https://www.transfermarkt.de/spielbericht/index/spielbericht/4096483
2023/24,02.03.2024,1.FC Nürnberg,Eintracht Braunschweig,27834,Max-Morlock-Stadion,https://www.transfermarkt.de/spielbericht/index/spielbericht/4096486
2023/24,02.03.2024,Karlsruher SC,SpVgg Greuther Fürth,26043,BBBank Wildpark,https://www.transfermarkt.de/spielbericht/index/spielbericht/4096485
2023/24,03.03.2024,SC Paderborn 07,1.FC Magdeburg,13566,Home Deluxe Arena,https://www.transfermarkt.de/spielbericht/index/spielbericht/4096484
2023/24,03.03.2024,Hamburger SV,VfL Osnabrück,57000,Volksparkstadion,https://www.transfermarkt.de/spielbericht/index/spielbericht/4096487
2023/24,03.03.2024,SV 07 Elversberg,SV Wehen Wiesbaden,8071,Ursapharm-Arena an der Kaiserlinde,https://www.transfermarkt.de/spielbericht/index/spielbericht/4096488
2023/24,08.03.2024,Fortuna Düsseldorf,Hamburger SV,52000,MERKUR SPIEL-ARENA,https://www.transfermarkt.de/spielbericht/index/spielbericht/4096490
2023/24,08.03.2024,Eintracht Braunschweig,FC Hansa Rostock,22233,EINTRACHT-Stadion,https://www.transfermarkt.de/spielbericht/index/spielbericht/4096494
2023/24,09.03.2024,FC Schalke 04,SC Paderborn 07,61475,Veltins-Arena,https://www.transfermarkt.de/spielbericht/index/spielbericht/4096491
2023/24,09.03.2024,Holstein Kiel,Karlsruher SC,15034,Holstein-Stadion,https://www.transfermarkt.de/spielbericht/index/spielbericht/4096492
2023/24,09.03.2024,SV Wehen Wiesbaden,Hannover 96,10089,BRITA Arena,https://www.transfermarkt.de/spielbericht/index/spielbericht/4096493
2023/24,09.03.2024,1.FC Magdeburg,1.FC Nürnberg,26680,Avnet-Arena,https://www.transfermarkt.de/spielbericht/index/spielbericht/4096495
2023/24,10.03.2024,FC St. Pauli,Hertha BSC,29546,Millerntor-Stadion,https://www.transfermarkt.de/spielbericht/index/spielbericht/4096489
2023/24,10.03.2024,SpVgg Greuther Fürth,SV 07 Elversberg,11651,Sportpark Ronhof | Thomas Sommer,https://www.transfermarkt.de/spielbericht/index/spielbericht/4096496
2023/24,10.03.2024,1.FC Kaiserslautern,VfL Osnabrück,42008,Fritz-Walter-Stadion,https://www.transfermarkt.de/spielbericht/index/spielbericht/4096497
2023/24,15.03.2024,VfL Osnabrück,Fortuna Düsseldorf,15741,Bremer Brücke,https://www.transfermarkt.de/spielbericht/index/spielbericht/4096499
2023/24,15.03.2024,SC Paderborn 07,Eintracht Braunschweig,15000,Home Deluxe Arena,https://www.transfermarkt.de/spielbericht/index/spielbericht/4096505
2023/24,16.03.2024,1.FC Nürnberg,FC St. Pauli,41269,Max-Morlock-Stadion,https://www.transfermarkt.de/spielbericht/index/spielbericht/4096500
2023/24,16.03.2024,SV 07 Elversberg,Holstein Kiel,8184,Ursapharm-Arena an der Kaiserlinde,https://www.transfermarkt.de/spielbericht/index/spielbericht/4096501
2023/24,16.03.2024,FC Hansa Rostock,SpVgg Greuther Fürth,24500,Ostseestadion,https://www.transfermarkt.de/spielbericht/index/spielbericht/4096504
2023/24,16.03.2024,Hannover 96,1.FC Kaiserslautern,42500,Heinz-von-Heiden-Arena,https://www.transfermarkt.de/spielbericht/index/spielbericht/4096502
2023/24,17.03.2024,Hertha BSC,FC Schalke 04,69156,Olympiastadion Berlin,https://www.transfermarkt.de/spielbericht/index/spielbericht/4096498
2023/24,17.03.2024,Karlsruher SC,1.FC Magdeburg,27028,BBBank Wildpark,https://www.transfermarkt.de/spielbericht/index/spielbericht/4096503
2023/24,17.03.2024,Hamburger SV,SV Wehen Wiesbaden,55523,Volksparkstadion,https://www.transfermarkt.de/spielbericht/index/spielbericht/4096506
2023/24,30.03.2024,1.FC Kaiserslautern,Fortuna Düsseldorf,46210,Fritz-Walter-Stadion,https://www.transfermarkt.de/spielbericht/index/spielbericht/4096508
2023/24,30.03.2024,Holstein Kiel,FC Hansa Rostock,14712,Holstein-Stadion,https://www.transfermarkt.de/spielbericht/index/spielbericht/4096512
2023/24,30.03.2024,Eintracht Braunschweig,SV 07 Elversberg,20110,EINTRACHT-Stadion,https://www.transfermarkt.de/spielbericht/index/spielbericht/4096514
2023/24,30.03.2024,Hertha BSC,1.FC Nürnberg,51981,Olympiastadion Berlin,https://www.transfermarkt.de/spielbericht/index/spielbericht/4096513
2023/24,31.03.2024,SpVgg Greuther Fürth,Hamburger SV,16126,Sportpark Ronhof | Thomas Sommer,https://www.transfermarkt.de/spielbericht/index/spielbericht/4096507
2023/24,31.03.2024,FC St. Pauli,SC Paderborn 07,29391,Millerntor-Stadion,https://www.transfermarkt.de/spielbericht/index/spielbericht/4096509
2023/24,31.03.2024,FC Schalke 04,Karlsruher SC,61653,Veltins-Arena,https://www.transfermarkt.de/spielbericht/index/spielbericht/4096510
2023/24,31.03.2024,1.FC Magdeburg,Hannover 96,26440,Avnet-Arena,https://www.transfermarkt.de/spielbericht/index/spielbericht/4096511
2023/24,31.03.2024,SV Wehen Wiesbaden,VfL Osnabrück,6130,BRITA Arena,https://www.transfermarkt.de/spielbericht/index/spielbericht/4096515
2023/24,05.04.2024,SC Paderborn 07,Hertha BSC,15000,Home Deluxe Arena,https://www.transfermarkt.de/spielbericht/index/spielbericht/4096517
2023/24,05.04.2024,FC Hansa Rostock,SV Wehen Wiesbaden,25500,Ostseestadion,https://www.transfermarkt.de/spielbericht/index/spielbericht/4096524
2023/24,06.04.2024,1.FC Nürnberg,Holstein Kiel,31961,Max-Morlock-Stadion,https://www.transfermarkt.de/spielbericht/index/spielbericht/4096519
2023/24,06.04.2024,Hamburger SV,1.FC Kaiserslautern,57000,Volksparkstadion,https://www.transfermarkt.de/spielbericht/index/spielbericht/4096520
2023/24,06.04.2024,SV 07 Elversberg,1.FC Magdeburg,8864,Ursapharm-Arena an der Kaiserlinde,https://www.transfermarkt.de/spielbericht/index/spielbericht/4096521
2023/24,06.04.2024,Karlsruher SC,FC St. Pauli,34302,BBBank Wildpark,https://www.transfermarkt.de/spielbericht/index/spielbericht/4096518
2023/24,07.04.2024,Hannover 96,FC Schalke 04,49000,Heinz-von-Heiden-Arena,https://www.transfermarkt.de/spielbericht/index/spielbericht/4096516
2023/24,07.04.2024,VfL Osnabrück,SpVgg Greuther Fürth,14651,Bremer Brücke,https://www.transfermarkt.de/spielbericht/index/spielbericht/4096522
2023/24,07.04.2024,Fortuna Düsseldorf,Eintracht Braunschweig,52000,MERKUR SPIEL-ARENA,https://www.transfermarkt.de/spielbericht/index/spielbericht/4096523
2023/24,12.04.2024,SpVgg Greuther Fürth,1.FC Kaiserslautern,15680,Sportpark Ronhof | Thomas Sommer,https://www.transfermarkt.de/spielbericht/index/spielbericht/4096528
2023/24,12.04.2024,Hertha BSC,FC Hansa Rostock,62177,Olympiastadion Berlin,https://www.transfermarkt.de/spielbericht/index/spielbericht/4096530
2023/24,13.04.2024,SV Wehen Wiesbaden,Fortuna Düsseldorf,11200,BRITA Arena,https://www.transfermarkt.de/spielbericht/index/spielbericht/4096526
2023/24,13.04.2024,SC Paderborn 07,Karlsruher SC,12387,Home Deluxe Arena,https://www.transfermarkt.de/spielbericht/index/spielbericht/4096527
2023/24,13.04.2024,Holstein Kiel,VfL Osnabrück,15034,Holstein-Stadion,https://www.transfermarkt.de/spielbericht/index/spielbericht/4096533
2023/24,13.04.2024,FC Schalke 04,1.FC Nürnberg,62278,Veltins-Arena,https://www.transfermarkt.de/spielbericht/index/spielbericht/4096531
2023/24,14.04.2024,1.FC Magdeburg,Hamburger SV,27090,Avnet-Arena,https://www.transfermarkt.de/spielbericht/index/spielbericht/4096525
2023/24,14.04.2024,Eintracht Braunschweig,Hannover 96,21660,EINTRACHT-Stadion,https://www.transfermarkt.de/spielbericht/index/spielbericht/4096529
2023/24,14.04.2024,FC St. Pauli,SV 07 Elversberg,29546,Millerntor-Stadion,https://www.transfermarkt.de/spielbericht/index/spielbericht/4096532
2023/24,19.04.2024,SV 07 Elversberg,FC Schalke 04,10000,Ursapharm-Arena an der Kaiserlinde,https://www.transfermarkt.de/spielbericht/index/spielbericht/4096534
2023/24,19.04.2024,1.FC Nürnberg,SC Paderborn 07,27939,Max-Morlock-Stadion,https://www.transfermarkt.de/spielbericht/index/spielbericht/4096537
2023/24,20.04.2024,Fortuna Düsseldorf,SpVgg Greuther Fürth,35789,MERKUR SPIEL-ARENA,https://www.transfermarkt.de/spielbericht/index/spielbericht/4096540
2023/24,20.04.2024,VfL Osnabrück,Eintracht Braunschweig,15741,Bremer Brücke,https://www.transfermarkt.de/spielbericht/index/spielbericht/4096541
2023/24,20.04.2024,1.FC Kaiserslautern,SV Wehen Wiesbaden,42168,Fritz-Walter-Stadion,https://www.transfermarkt.de/spielbericht/index/spielbericht/4096542
2023/24,20.04.2024,Hamburger SV,Holstein Kiel,57000,Volksparkstadion,https://www.transfermarkt.de/spielbericht/index/spielbericht/4096538
2023/24,21.04.2024,Karlsruher SC,Hertha BSC,33000,BBBank Wildpark,https://www.transfermarkt.de/spielbericht/index/spielbericht/4096535
2023/24,21.04.2024,Hannover 96,FC St. Pauli,49000,Heinz-von-Heiden-Arena,https://www.transfermarkt.de/spielbericht/index/spielbericht/4096536
2023/24,21.04.2024,FC Hansa Rostock,1.FC Magdeburg,27500,Ostseestadion,https://www.transfermarkt.de/spielbericht/index/spielbericht/4096539
2023/24,26.04.2024,Hertha BSC,Hannover 96,59192,Olympiastadion Berlin,https://www.transfermarkt.de/spielbericht/index/spielbericht/4096547
2023/24,26.04.2024,FC St. Pauli,FC Hansa Rostock,29163,Millerntor-Stadion,https://www.transfermarkt.de/spielbericht/index/spielbericht/4096549
2023/24,27.04.2024,Eintracht Braunschweig,Hamburger SV,22167,EINTRACHT-Stadion,https://www.transfermarkt.de/spielbericht/index/spielbericht/4096543
2023/24,27.04.2024,Holstein Kiel,1.FC Kaiserslautern,15034,Holstein-Stadion,https://www.transfermarkt.de/spielbericht/index/spielbericht/4096546
2023/24,27.04.2024,SC Paderborn 07,SV 07 Elversberg,12004,Home Deluxe Arena,https://www.transfermarkt.de/spielbericht/index/spielbericht/4096550
2023/24,27.04.2024,FC Schalke 04,Fortuna Düsseldorf,61854,Veltins-Arena,https://www.transfermarkt.de/spielbericht/index/spielbericht/4096544
2023/24,28.04.2024,1.FC Nürnberg,Karlsruher SC,35162,Max-Morlock-Stadion,https://www.transfermarkt.de/spielbericht/index/spielbericht/4096545
2023/24,28.04.2024,SV Wehen Wiesbaden,SpVgg Greuther Fürth,8012,BRITA Arena,https://www.transfermarkt.de/spielbericht/index/spielbericht/4096548
2023/24,28.04.2024,1.FC Magdeburg,VfL Osnabrück,25882,Avnet-Arena,https://www.transfermarkt.de/spielbericht/index/spielbericht/4096551
2023/24,03.05.2024,Hamburger SV,FC St. Pauli,57000,Volksparkstadion,https://www.transfermarkt.de/spielbericht/index/spielbericht/4096554
2023/24,03.05.2024,Fortuna Düsseldorf,1.FC Nürnberg,40336,MERKUR SPIEL-ARENA,https://www.transfermarkt.de/spielbericht/index/spielbericht/4096558
2023/24,04.05.2024,FC Hansa Rostock,Karlsruher SC,26500,Ostseestadion,https://www.transfermarkt.de/spielbericht/index/spielbericht/4096556
2023/24,04.05.2024,SpVgg Greuther Fürth,Eintracht Braunschweig,13241,Sportpark Ronhof | Thomas Sommer,https://www.transfermarkt.de/spielbericht/index/spielbericht/4096559
2023/24,04.05.2024,1.FC Kaiserslautern,1.FC Magdeburg,46556,Fritz-Walter-Stadion,https://www.transfermarkt.de/spielbericht/index/spielbericht/4096557
2023/24,05.05.2024,SV 07 Elversberg,Hertha BSC,9502,Ursapharm-Arena an der Kaiserlinde,https://www.transfermarkt.de/spielbericht/index/spielbericht/4096553
2023/24,05.05.2024,Hannover 96,SC Paderborn 07,36500,Heinz-von-Heiden-Arena,https://www.transfermarkt.de/spielbericht/index/spielbericht/4096555
2023/24,05.05.2024,SV Wehen Wiesbaden,Holstein Kiel,10112,BRITA Arena,https://www.transfermarkt.de/spielbericht/index/spielbericht/4096560
2023/24,10.05.2024,SC Paderborn 07,Hamburger SV,15000,Home Deluxe Arena,https://www.transfermarkt.de/spielbericht/index/spielbericht/4096561
2023/24,10.05.2024,1.FC Magdeburg,SpVgg Greuther Fürth,26620,Avnet-Arena,https://www.transfermarkt.de/spielbericht/index/spielbericht/4096565
2023/24,11.05.2024,Hertha BSC,1.FC Kaiserslautern,67144,Olympiastadion Berlin,https://www.transfermarkt.de/spielbericht/index/spielbericht/4096563
2023/24,11.05.2024,FC Schalke 04,FC Hansa Rostock,61833,Veltins-Arena,https://www.transfermarkt.de/spielbericht/index/spielbericht/4096566
2023/24,11.05.2024,1.FC Nürnberg,SV 07 Elversberg,34031,Max-Morlock-Stadion,https://www.transfermarkt.de/spielbericht/index/spielbericht/4096567
2023/24,11.05.2024,Holstein Kiel,Fortuna Düsseldorf,15034,Holstein-Stadion,https://www.transfermarkt.de/spielbericht/index/spielbericht/4096562
2023/24,12.05.2024,Karlsruher SC,Hannover 96,32140,BBBank Wildpark,https://www.transfermarkt.de/spielbericht/index/spielbericht/4096564
2023/24,12.05.2024,FC St. Pauli,VfL Osnabrück,29546,Millerntor-Stadion,https://www.transfermarkt.de/spielbericht/index/spielbericht/4096568
2023/24,12.05.2024,Eintracht Braunschweig,SV Wehen Wiesbaden,21026,EINTRACHT-Stadion,https://www.transfermarkt.de/spielbericht/index/spielbericht/4096569
2023/24,19.05.2024,SpVgg Greuther Fürth,FC Schalke 04,16126,Sportpark Ronhof | Thomas Sommer,https://www.transfermarkt.de/spielbericht/index/spielbericht/4096570
2023/24,19.05.2024,VfL Osnabrück,Hertha BSC,15741,Bremer Brücke,https://www.transfermarkt.de/spielbericht/index/spielbericht/4096571
2023/24,19.05.2024,SV Wehen Wiesbaden,FC St. Pauli,12100,BRITA Arena,https://www.transfermarkt.de/spielbericht/index/spielbericht/4096572
2023/24,19.05.2024,FC Hansa Rostock,SC Paderborn 07,26000,Ostseestadion,https://www.transfermarkt.de/spielbericht/index/spielbericht/4096573
2023/24,19.05.2024,SV 07 Elversberg,Karlsruher SC,9502,Ursapharm-Arena an der Kaiserlinde,https://www.transfermarkt.de/spielbericht/index/spielbericht/4096574
2023/24,19.05.2024,Hannover 96,Holstein Kiel,49500,Heinz-von-Heiden-Arena,https://www.transfermarkt.de/spielbericht/index/spielbericht/4096575
2023/24,19.05.2024,Fortuna Düsseldorf,1.FC Magdeburg,50028,MERKUR SPIEL-ARENA,https://www.transfermarkt.de/spielbericht/index/spielbericht/4096576
2023/24,19.05.2024,Hamburger SV,1.FC Nürnberg,57000,Volksparkstadion,https://www.transfermarkt.de/spielbericht/index/spielbericht/4096577
2023/24,19.05.2024,1.FC Kaiserslautern,Eintracht Braunschweig,47901,Fritz-Walter-Stadion,https://www.transfermarkt.de/spielbericht/index/spielbericht/4096578
